Post_ID,DateTime,Platform,Region,Topic,User_Age,User_Gender,Text,Likes,Shares,Comments,Engagement,Rating,Sentiment,
1,02-04-2025,Facebook,Australia,Health,54,Male,It is acceptable for the price,999,289,71,1359,3,Neutral,
2,09-06-2025,Facebook,Canada,Politics,36,Female,"The product is okay, nothing special about it",236,250,55,541,3,Neutral,
3,13-11-2025,Instagram,Australia,Technology,32,Male,This is one of the best services I have ever used,460,68,113,641,5,Positive,
4,13-08-2025,Facebook,India,Technology,53,Female,Had a terrible experience using this service,451,82,67,600,2,Negative,
5,16-07-2025,Facebook,USA,Entertainment,50,Female,"The product is okay, nothing special about it",116,300,142,558,3,Neutral,
6,22-02-2026,Instagram,UK,Politics,53,Female,It works fine but has some minor issues,129,288,19,436,3,Neutral,
7,01-12-2025,Facebook,USA,Politics,41,Male,Amazing quality and fast delivery,413,168,62,643,5,Positive,
8,28-11-2025,Facebook,India,Technology,39,Male,"Absolutely loved the experience, highly recommended",197,98,164,459,5,Positive,
9,26-09-2025,Instagram,Canada,Technology,50,Male,It is acceptable for the price,873,267,139,1279,3,Neutral,
10,24-10-2025,Twitter,USA,Education,44,Female,"Waste of money, not recommended",809,238,176,1223,1,Negative,
11,10-09-2025,Twitter,India,Product,52,Male,"Absolutely loved the experience, highly recommended",714,77,121,912,5,Positive,
12,03-07-2025,Twitter,Canada,Technology,40,Male,"The product is okay, nothing special about it",522,142,172,836,3,Neutral,
13,10-02-2026,Instagram,Australia,Entertainment,18,Male,It is acceptable for the price,399,28,32,459,3,Neutral,
14,07-08-2025,Instagram,Canada,Technology,19,Female,Amazing quality and fast delivery,238,16,131,385,5,Positive,
15,22-07-2025,Facebook,India,Health,22,Female,Amazing quality and fast delivery,88,180,197,465,4,Positive,
16,15-02-2026,Instagram,USA,Education,39,Male,I recently bought this and it exceeded my expectations,944,264,151,1359,4,Positive,
17,07-02-2026,Facebook,USA,Technology,25,Female,"Average experience, could be improved",333,96,193,622,3,Neutral,
18,13-02-2026,Twitter,USA,Entertainment,46,Male,I recently bought this and it exceeded my expectations,402,46,122,570,4,Positive,
19,18-11-2025,Twitter,USA,Health,37,Male,"The product is okay, nothing special about it",241,261,163,665,3,Neutral,
20,12-10-2025,Twitter,Canada,Politics,33,Male,Very disappointed with the product quality,465,37,138,640,2,Negative,
21,16-04-2025,Facebook,Canada,Technology,28,Female,I recently bought this and it exceeded my expectations,487,237,42,766,4,Positive,
22,17-12-2025,Instagram,UK,Health,44,Female,It is acceptable for the price,913,129,174,1216,3,Neutral,
23,03-11-2025,Twitter,Canada,Product,60,Male,"Not too good, not too bad",999,257,47,1303,3,Neutral,
24,11-04-2025,Twitter,India,Education,52,Female,Amazing quality and fast delivery,599,157,139,895,4,Positive,
25,04-07-2025,Facebook,Australia,Technology,56,Female,"Not too good, not too bad",956,154,126,1236,3,Neutral,
26,04-04-2025,Facebook,UK,Product,24,Male,Very disappointed with the product quality,525,156,68,749,2,Negative,
27,09-11-2025,Facebook,Australia,Health,56,Female,The product did not meet my expectations,241,253,134,628,2,Negative,
28,12-07-2025,Facebook,India,Technology,51,Female,"Absolutely loved the experience, highly recommended",222,13,42,277,5,Positive,
29,17-01-2026,Twitter,UK,Product,43,Male,"The product is okay, nothing special about it",620,287,188,1095,3,Neutral,
30,31-05-2025,Instagram,UK,Technology,60,Female,"Absolutely loved the experience, highly recommended",200,254,80,534,4,Positive,
31,08-06-2025,Instagram,USA,Politics,22,Male,Had a terrible experience using this service,393,150,147,690,1,Negative,
32,02-01-2026,Instagram,UK,Politics,32,Male,Had a terrible experience using this service,650,278,133,1061,2,Negative,
33,07-04-2025,Twitter,India,Sports,25,Female,"Waste of money, not recommended",872,118,55,1045,1,Negative,
34,05-01-2026,Instagram,USA,Entertainment,53,Male,This is one of the best services I have ever used,580,237,144,961,5,Positive,
35,11-12-2025,Instagram,Australia,Entertainment,21,Male,"Average experience, could be improved",329,47,103,479,3,Neutral,
36,17-08-2025,Instagram,Australia,Sports,18,Male,I recently bought this and it exceeded my expectations,867,38,105,1010,4,Positive,
37,31-08-2025,Instagram,Australia,Politics,57,Male,Had a terrible experience using this service,613,253,38,904,1,Negative,
38,04-12-2025,Facebook,India,Politics,58,Male,Poor performance and bad customer support,633,119,130,882,1,Negative,
39,06-07-2025,Twitter,UK,Technology,31,Female,I recently bought this and it exceeded my expectations,391,84,161,636,5,Positive,
40,13-06-2025,Facebook,Canada,Education,31,Female,Amazing quality and fast delivery,585,212,128,925,5,Positive,
41,13-08-2025,Instagram,Australia,Politics,21,Male,Poor performance and bad customer support,506,266,50,822,1,Negative,
42,01-02-2026,Instagram,Canada,Education,29,Male,Had a terrible experience using this service,704,68,10,782,2,Negative,
43,12-08-2025,Twitter,USA,Education,32,Male,It works fine but has some minor issues,657,257,103,1017,3,Neutral,
44,22-03-2026,Instagram,India,Sports,29,Male,I recently bought this and it exceeded my expectations,326,47,197,570,5,Positive,
45,18-04-2025,Twitter,Canada,Entertainment,54,Female,I recently bought this and it exceeded my expectations,897,229,107,1233,5,Positive,
46,21-09-2025,Facebook,Australia,Product,55,Female,Amazing quality and fast delivery,774,58,43,875,5,Positive,
47,14-12-2025,Instagram,India,Product,35,Male,It works fine but has some minor issues,341,163,95,599,3,Neutral,
48,06-10-2025,Twitter,Australia,Health,50,Female,"The product is okay, nothing special about it",588,262,91,941,3,Neutral,
49,27-02-2026,Instagram,Australia,Product,26,Female,The product did not meet my expectations,625,103,36,764,1,Negative,
50,21-05-2025,Facebook,UK,Technology,26,Male,Very disappointed with the product quality,517,182,152,851,1,Negative,
51,18-08-2025,Facebook,India,Sports,59,Male,"Average experience, could be improved",706,247,24,977,3,Neutral,
52,12-11-2025,Facebook,India,Politics,49,Female,"Average experience, could be improved",739,267,146,1152,3,Neutral,
53,06-03-2026,Twitter,Canada,Education,32,Female,"Not too good, not too bad",60,11,33,104,3,Neutral,
54,05-05-2025,Instagram,Canada,Education,21,Female,Very disappointed with the product quality,448,25,132,605,2,Negative,
55,29-01-2026,Twitter,India,Sports,19,Female,The product did not meet my expectations,804,256,59,1119,2,Negative,
56,01-10-2025,Instagram,USA,Politics,50,Female,It works fine but has some minor issues,212,124,143,479,3,Neutral,
57,22-06-2025,Facebook,Canada,Product,60,Female,It works fine but has some minor issues,858,278,162,1298,3,Neutral,
58,25-07-2025,Facebook,UK,Sports,60,Female,Amazing quality and fast delivery,313,182,98,593,4,Positive,
59,23-10-2025,Twitter,USA,Product,52,Female,"The product is okay, nothing special about it",278,238,33,549,3,Neutral,
60,10-06-2025,Instagram,India,Politics,29,Male,It is acceptable for the price,909,80,86,1075,3,Neutral,
61,16-03-2026,Instagram,India,Education,19,Female,It works fine but has some minor issues,243,191,113,547,3,Neutral,
62,11-04-2025,Facebook,Canada,Product,41,Male,The product did not meet my expectations,174,287,84,545,2,Negative,
63,19-07-2025,Instagram,Canada,Entertainment,37,Male,Very disappointed with the product quality,697,199,104,1000,1,Negative,
64,28-01-2026,Twitter,UK,Politics,46,Female,This is one of the best services I have ever used,783,158,143,1084,5,Positive,
65,31-10-2025,Facebook,India,Technology,37,Male,I recently bought this and it exceeded my expectations,890,291,79,1260,4,Positive,
66,25-11-2025,Instagram,UK,Sports,31,Female,Amazing quality and fast delivery,326,144,129,599,5,Positive,
67,22-07-2025,Instagram,Canada,Health,26,Female,Had a terrible experience using this service,215,117,160,492,2,Negative,
68,22-02-2026,Facebook,Canada,Sports,56,Male,Poor performance and bad customer support,141,232,155,528,2,Negative,
69,10-06-2025,Facebook,USA,Entertainment,27,Male,The product did not meet my expectations,222,216,183,621,2,Negative,
70,30-01-2026,Instagram,India,Sports,30,Male,Very disappointed with the product quality,830,139,135,1104,2,Negative,
71,11-11-2025,Facebook,UK,Health,24,Male,The product did not meet my expectations,475,288,98,861,2,Negative,
72,31-07-2025,Facebook,UK,Education,60,Male,Had a terrible experience using this service,54,196,107,357,1,Negative,
73,04-06-2025,Twitter,Australia,Politics,47,Male,Very satisfied with the overall performance,453,115,75,643,5,Positive,
74,28-06-2025,Instagram,Australia,Technology,33,Female,"The product is okay, nothing special about it",478,63,21,562,3,Neutral,
75,07-01-2026,Facebook,India,Education,25,Male,This is one of the best services I have ever used,280,256,135,671,4,Positive,
76,03-09-2025,Facebook,UK,Product,43,Male,It is acceptable for the price,384,228,56,668,3,Neutral,
77,29-04-2025,Facebook,Australia,Entertainment,43,Female,The product did not meet my expectations,868,96,95,1059,1,Negative,
78,02-07-2025,Twitter,Australia,Education,34,Male,Amazing quality and fast delivery,121,53,63,237,4,Positive,
79,19-04-2025,Twitter,USA,Health,44,Male,It works fine but has some minor issues,616,157,54,827,3,Neutral,
80,04-10-2025,Instagram,India,Politics,56,Male,"Average experience, could be improved",667,174,121,962,3,Neutral,
81,20-04-2025,Twitter,Canada,Technology,54,Male,Had a terrible experience using this service,771,97,79,947,2,Negative,
82,05-01-2026,Instagram,Canada,Politics,51,Female,The product did not meet my expectations,563,285,76,924,1,Negative,
83,24-06-2025,Facebook,India,Product,57,Male,Amazing quality and fast delivery,405,178,40,623,4,Positive,
84,26-12-2025,Instagram,UK,Sports,20,Male,This is one of the best services I have ever used,174,176,93,443,5,Positive,
85,04-02-2026,Twitter,UK,Sports,19,Male,Amazing quality and fast delivery,809,163,131,1103,5,Positive,
86,28-11-2025,Instagram,Canada,Technology,28,Male,"Average experience, could be improved",706,160,169,1035,3,Neutral,
87,26-11-2025,Twitter,UK,Health,27,Male,This is one of the best services I have ever used,775,106,61,942,5,Positive,
88,04-09-2025,Facebook,UK,Education,29,Female,"Not too good, not too bad",429,155,38,622,3,Neutral,
89,05-01-2026,Instagram,UK,Sports,22,Female,This is one of the best services I have ever used,484,289,184,957,4,Positive,
90,29-06-2025,Instagram,Canada,Technology,45,Female,This is one of the best services I have ever used,565,246,156,967,5,Positive,
91,30-11-2025,Twitter,Australia,Technology,52,Male,It works fine but has some minor issues,635,138,147,920,3,Neutral,
92,04-10-2025,Facebook,Canada,Health,31,Male,"Waste of money, not recommended",146,123,147,416,2,Negative,
93,11-04-2025,Twitter,USA,Technology,41,Male,"Average experience, could be improved",680,75,188,943,3,Neutral,
94,28-02-2026,Facebook,Australia,Politics,58,Female,"Waste of money, not recommended",162,131,98,391,2,Negative,
95,13-09-2025,Instagram,Canada,Health,45,Female,Poor performance and bad customer support,652,110,177,939,1,Negative,
96,18-05-2025,Facebook,Canada,Education,20,Female,"Absolutely loved the experience, highly recommended",811,188,11,1010,5,Positive,
97,01-08-2025,Instagram,Canada,Sports,29,Male,I recently bought this and it exceeded my expectations,100,280,47,427,4,Positive,
98,04-03-2026,Twitter,Canada,Sports,25,Male,"Waste of money, not recommended",477,24,198,699,1,Negative,
99,31-08-2025,Facebook,UK,Politics,23,Male,Very satisfied with the overall performance,549,198,35,782,5,Positive,
100,03-03-2026,Instagram,Canada,Health,25,Female,"Absolutely loved the experience, highly recommended",149,222,52,423,5,Positive,
101,13-07-2025,Instagram,Canada,Politics,41,Male,Poor performance and bad customer support,647,77,130,854,2,Negative,
102,12-12-2025,Instagram,USA,Entertainment,42,Male,"Waste of money, not recommended",859,111,113,1083,2,Negative,
103,01-01-2026,Facebook,Canada,Technology,57,Male,"Average experience, could be improved",736,239,46,1021,3,Neutral,
104,02-06-2025,Instagram,Canada,Entertainment,28,Female,Poor performance and bad customer support,95,108,33,236,1,Negative,
105,08-11-2025,Instagram,India,Product,51,Male,Very disappointed with the product quality,297,56,85,438,2,Negative,
106,01-12-2025,Facebook,Australia,Politics,32,Female,Very disappointed with the product quality,754,197,191,1142,2,Negative,
107,07-11-2025,Facebook,UK,Technology,58,Female,It works fine but has some minor issues,652,127,136,915,3,Neutral,
108,25-06-2025,Twitter,Australia,Entertainment,24,Male,Very satisfied with the overall performance,657,207,30,894,4,Positive,
109,10-05-2025,Instagram,Australia,Education,23,Female,The product did not meet my expectations,952,40,62,1054,2,Negative,
110,02-10-2025,Twitter,Canada,Technology,51,Female,I recently bought this and it exceeded my expectations,857,123,20,1000,4,Positive,
111,09-09-2025,Instagram,USA,Product,20,Female,The product did not meet my expectations,503,182,96,781,1,Negative,
112,25-03-2026,Facebook,Canada,Health,51,Female,It works fine but has some minor issues,164,185,161,510,3,Neutral,
113,31-12-2025,Instagram,UK,Entertainment,40,Male,"Absolutely loved the experience, highly recommended",505,148,101,754,5,Positive,
114,09-05-2025,Twitter,USA,Product,54,Male,"Waste of money, not recommended",683,15,36,734,2,Negative,
115,01-11-2025,Instagram,Australia,Education,56,Female,"Average experience, could be improved",379,58,125,562,3,Neutral,
116,21-07-2025,Twitter,Australia,Technology,18,Female,"Average experience, could be improved",706,99,159,964,3,Neutral,
117,31-01-2026,Instagram,Canada,Politics,26,Male,It works fine but has some minor issues,904,125,8,1037,3,Neutral,
118,19-01-2026,Facebook,USA,Health,49,Male,This is one of the best services I have ever used,592,289,167,1048,5,Positive,
119,15-12-2025,Twitter,UK,Health,25,Male,Poor performance and bad customer support,549,204,126,879,2,Negative,
120,16-09-2025,Facebook,Canada,Health,28,Female,I recently bought this and it exceeded my expectations,882,220,52,1154,4,Positive,
121,09-09-2025,Facebook,USA,Entertainment,30,Male,Poor performance and bad customer support,251,107,135,493,1,Negative,
122,01-05-2025,Facebook,Australia,Health,48,Male,"Average experience, could be improved",330,151,164,645,3,Neutral,
123,22-03-2026,Twitter,Australia,Entertainment,23,Male,Poor performance and bad customer support,954,26,124,1104,1,Negative,
124,05-01-2026,Instagram,UK,Politics,55,Female,"Not too good, not too bad",513,137,98,748,3,Neutral,
125,14-10-2025,Twitter,Australia,Entertainment,24,Male,Amazing quality and fast delivery,477,231,59,767,5,Positive,
126,02-06-2025,Facebook,Australia,Health,33,Male,I recently bought this and it exceeded my expectations,773,15,121,909,4,Positive,
127,17-06-2025,Facebook,Australia,Education,42,Female,"Not too good, not too bad",666,256,55,977,3,Neutral,
128,27-08-2025,Facebook,UK,Entertainment,28,Male,This is one of the best services I have ever used,693,230,77,1000,5,Positive,
129,04-06-2025,Twitter,UK,Sports,18,Female,The product did not meet my expectations,300,186,153,639,1,Negative,
130,27-08-2025,Twitter,Australia,Education,44,Female,Very satisfied with the overall performance,483,113,154,750,5,Positive,
131,15-01-2026,Instagram,Australia,Politics,21,Female,"Absolutely loved the experience, highly recommended",735,44,192,971,4,Positive,
132,03-01-2026,Facebook,Australia,Technology,58,Female,It works fine but has some minor issues,703,96,180,979,3,Neutral,
133,12-01-2026,Twitter,USA,Health,51,Male,Very disappointed with the product quality,485,292,60,837,1,Negative,
134,07-06-2025,Twitter,India,Sports,57,Male,"The product is okay, nothing special about it",824,72,107,1003,3,Neutral,
135,19-08-2025,Facebook,Australia,Sports,43,Male,Very satisfied with the overall performance,621,99,88,808,4,Positive,
136,15-09-2025,Facebook,UK,Product,35,Male,I recently bought this and it exceeded my expectations,510,269,71,850,5,Positive,
137,30-03-2025,Facebook,USA,Education,27,Male,This is one of the best services I have ever used,949,19,112,1080,5,Positive,
138,25-06-2025,Facebook,Australia,Politics,30,Male,This is one of the best services I have ever used,710,41,90,841,4,Positive,
139,31-12-2025,Twitter,UK,Technology,41,Female,Had a terrible experience using this service,165,220,119,504,2,Negative,
140,25-08-2025,Instagram,India,Education,57,Female,I recently bought this and it exceeded my expectations,653,152,47,852,5,Positive,
141,12-05-2025,Facebook,UK,Entertainment,23,Female,"The product is okay, nothing special about it",256,77,25,358,3,Neutral,
142,25-09-2025,Facebook,Australia,Sports,35,Female,"Waste of money, not recommended",330,292,129,751,2,Negative,
143,02-10-2025,Facebook,India,Health,55,Male,"Absolutely loved the experience, highly recommended",509,43,112,664,5,Positive,
144,28-03-2026,Facebook,USA,Education,34,Male,"Average experience, could be improved",258,275,28,561,3,Neutral,
145,25-12-2025,Instagram,UK,Product,27,Female,"Waste of money, not recommended",358,55,153,566,2,Negative,
146,24-10-2025,Twitter,India,Education,53,Female,Had a terrible experience using this service,676,247,174,1097,2,Negative,
147,26-05-2025,Facebook,India,Entertainment,30,Female,This is one of the best services I have ever used,708,201,63,972,5,Positive,
148,04-02-2026,Facebook,USA,Entertainment,49,Female,Poor performance and bad customer support,590,106,83,779,2,Negative,
149,26-04-2025,Instagram,UK,Education,26,Female,Poor performance and bad customer support,546,81,131,758,1,Negative,
150,31-01-2026,Instagram,Canada,Technology,28,Female,"The product is okay, nothing special about it",670,78,133,881,3,Neutral,
151,08-03-2026,Twitter,Australia,Politics,29,Male,Poor performance and bad customer support,564,49,157,770,2,Negative,
152,03-03-2026,Facebook,Australia,Education,49,Female,"Absolutely loved the experience, highly recommended",703,207,33,943,5,Positive,
153,24-06-2025,Facebook,UK,Entertainment,41,Male,It is acceptable for the price,359,91,91,541,3,Neutral,
154,25-08-2025,Twitter,Australia,Product,18,Male,The product did not meet my expectations,119,277,56,452,2,Negative,
155,13-04-2025,Twitter,USA,Health,31,Male,I recently bought this and it exceeded my expectations,301,122,127,550,5,Positive,
156,21-01-2026,Twitter,Australia,Entertainment,60,Female,"Average experience, could be improved",369,255,44,668,3,Neutral,
157,01-03-2026,Twitter,Canada,Technology,50,Female,The product did not meet my expectations,552,31,185,768,2,Negative,
158,01-01-2026,Facebook,India,Health,41,Male,It works fine but has some minor issues,152,120,76,348,3,Neutral,
159,08-05-2025,Twitter,USA,Sports,50,Male,"Not too good, not too bad",235,191,55,481,3,Neutral,
160,19-07-2025,Instagram,UK,Entertainment,26,Female,"Average experience, could be improved",893,79,115,1087,3,Neutral,
161,04-11-2025,Facebook,Australia,Sports,19,Female,Amazing quality and fast delivery,877,177,9,1063,5,Positive,
162,28-03-2026,Facebook,UK,Sports,49,Male,"Not too good, not too bad",377,164,87,628,3,Neutral,
163,01-06-2025,Twitter,India,Politics,52,Female,"Waste of money, not recommended",970,285,71,1326,1,Negative,
164,07-10-2025,Twitter,Australia,Politics,27,Female,"Not too good, not too bad",128,249,136,513,3,Neutral,
165,14-04-2025,Facebook,USA,Entertainment,44,Female,"The product is okay, nothing special about it",898,12,36,946,3,Neutral,
166,06-10-2025,Facebook,India,Sports,50,Female,Very disappointed with the product quality,223,67,42,332,1,Negative,
167,10-06-2025,Facebook,India,Sports,28,Female,Very satisfied with the overall performance,79,239,68,386,5,Positive,
168,23-02-2026,Twitter,Australia,Entertainment,46,Male,I recently bought this and it exceeded my expectations,235,136,162,533,4,Positive,
169,09-09-2025,Twitter,Canada,Sports,37,Male,"The product is okay, nothing special about it",88,153,172,413,3,Neutral,
170,11-11-2025,Twitter,Canada,Health,23,Female,Had a terrible experience using this service,416,66,185,667,2,Negative,
171,25-09-2025,Facebook,Canada,Education,36,Female,Had a terrible experience using this service,342,91,64,497,2,Negative,
172,05-06-2025,Twitter,India,Product,22,Female,This is one of the best services I have ever used,982,103,197,1282,5,Positive,
173,10-05-2025,Twitter,Canada,Entertainment,38,Female,"Not too good, not too bad",481,109,137,727,3,Neutral,
174,12-04-2025,Facebook,India,Technology,52,Male,Had a terrible experience using this service,184,25,182,391,2,Negative,
175,12-09-2025,Instagram,USA,Sports,45,Male,"Waste of money, not recommended",832,25,54,911,2,Negative,
176,18-08-2025,Instagram,USA,Entertainment,44,Male,"Average experience, could be improved",972,149,12,1133,3,Neutral,
177,03-03-2026,Facebook,Canada,Entertainment,43,Male,Very satisfied with the overall performance,692,26,13,731,5,Positive,
178,24-10-2025,Instagram,Canada,Education,36,Female,I recently bought this and it exceeded my expectations,389,33,196,618,4,Positive,
179,27-03-2026,Instagram,India,Politics,41,Male,"Absolutely loved the experience, highly recommended",838,30,28,896,4,Positive,
180,05-12-2025,Facebook,Australia,Sports,29,Female,"The product is okay, nothing special about it",244,268,162,674,3,Neutral,
181,25-06-2025,Facebook,India,Education,38,Female,"Waste of money, not recommended",429,116,116,661,2,Negative,
182,17-02-2026,Facebook,UK,Health,52,Female,"The product is okay, nothing special about it",296,60,199,555,3,Neutral,
183,22-04-2025,Twitter,Canada,Education,52,Female,"Not too good, not too bad",822,152,187,1161,3,Neutral,
184,15-05-2025,Instagram,India,Politics,34,Female,It works fine but has some minor issues,548,137,7,692,3,Neutral,
185,18-04-2025,Twitter,UK,Health,31,Male,Very satisfied with the overall performance,171,233,199,603,5,Positive,
186,12-07-2025,Twitter,USA,Sports,56,Female,"Not too good, not too bad",488,151,176,815,3,Neutral,
187,14-11-2025,Facebook,UK,Sports,55,Female,"Absolutely loved the experience, highly recommended",931,286,124,1341,4,Positive,
188,02-03-2026,Twitter,UK,Health,47,Female,"Absolutely loved the experience, highly recommended",993,24,29,1046,5,Positive,
189,01-08-2025,Facebook,UK,Product,20,Male,"Not too good, not too bad",73,41,54,168,3,Neutral,
190,15-07-2025,Twitter,India,Politics,50,Male,Had a terrible experience using this service,706,259,72,1037,2,Negative,
191,04-02-2026,Instagram,UK,Technology,25,Female,"The product is okay, nothing special about it",463,55,37,555,3,Neutral,
192,20-03-2026,Twitter,USA,Technology,45,Male,Very disappointed with the product quality,893,136,70,1099,2,Negative,
193,04-10-2025,Facebook,Australia,Politics,30,Female,The product did not meet my expectations,863,15,89,967,1,Negative,
194,07-04-2025,Facebook,UK,Technology,45,Male,Very satisfied with the overall performance,352,254,194,800,4,Positive,
195,09-08-2025,Instagram,USA,Health,36,Female,I recently bought this and it exceeded my expectations,444,196,108,748,5,Positive,
196,23-09-2025,Instagram,UK,Entertainment,31,Female,"The product is okay, nothing special about it",847,63,136,1046,3,Neutral,
197,23-05-2025,Instagram,USA,Health,35,Female,The product did not meet my expectations,743,240,106,1089,2,Negative,
198,17-11-2025,Twitter,UK,Politics,56,Male,Very disappointed with the product quality,534,61,64,659,1,Negative,
199,25-09-2025,Facebook,India,Politics,44,Male,This is one of the best services I have ever used,61,18,169,248,5,Positive,
200,20-07-2025,Twitter,Australia,Health,52,Female,It is acceptable for the price,174,194,123,491,3,Neutral,
201,19-11-2025,Instagram,UK,Product,26,Male,Very disappointed with the product quality,963,119,194,1276,1,Negative,
202,30-09-2025,Facebook,USA,Entertainment,58,Male,"Waste of money, not recommended",982,198,8,1188,2,Negative,
203,28-12-2025,Facebook,Australia,Sports,33,Male,Poor performance and bad customer support,687,125,119,931,2,Negative,
204,10-04-2025,Twitter,UK,Education,52,Male,"Waste of money, not recommended",708,144,45,897,1,Negative,
205,16-01-2026,Twitter,USA,Sports,26,Male,"Average experience, could be improved",298,154,196,648,3,Neutral,
206,24-01-2026,Instagram,India,Product,43,Female,"The product is okay, nothing special about it",492,147,149,788,3,Neutral,
207,02-09-2025,Facebook,UK,Technology,31,Female,The product did not meet my expectations,232,184,7,423,1,Negative,
208,14-06-2025,Facebook,USA,Education,39,Male,"Not too good, not too bad",924,191,124,1239,3,Neutral,
209,24-03-2026,Facebook,Canada,Sports,26,Female,I recently bought this and it exceeded my expectations,206,31,84,321,4,Positive,
210,14-02-2026,Twitter,UK,Technology,30,Female,"The product is okay, nothing special about it",962,91,17,1070,3,Neutral,
211,30-11-2025,Instagram,Australia,Politics,40,Female,It works fine but has some minor issues,230,54,36,320,3,Neutral,
212,12-08-2025,Instagram,Australia,Sports,35,Female,It is acceptable for the price,103,147,58,308,3,Neutral,
213,01-10-2025,Facebook,Canada,Technology,55,Male,The product did not meet my expectations,419,290,61,770,1,Negative,
214,23-08-2025,Facebook,Canada,Entertainment,37,Male,It works fine but has some minor issues,371,210,185,766,3,Neutral,
215,14-04-2025,Instagram,India,Sports,46,Female,"Absolutely loved the experience, highly recommended",923,13,170,1106,5,Positive,
216,12-10-2025,Twitter,UK,Product,54,Male,The product did not meet my expectations,258,163,183,604,1,Negative,
217,02-10-2025,Twitter,Australia,Product,45,Female,"Average experience, could be improved",809,114,104,1027,3,Neutral,
218,10-04-2025,Twitter,UK,Product,37,Male,Amazing quality and fast delivery,870,64,116,1050,4,Positive,
219,09-11-2025,Instagram,USA,Sports,18,Male,Had a terrible experience using this service,383,167,125,675,2,Negative,
220,14-12-2025,Facebook,UK,Product,45,Female,"Absolutely loved the experience, highly recommended",407,98,185,690,5,Positive,
221,12-06-2025,Instagram,Australia,Education,35,Female,Amazing quality and fast delivery,112,268,194,574,5,Positive,
222,12-08-2025,Instagram,India,Sports,60,Male,"Absolutely loved the experience, highly recommended",452,240,115,807,4,Positive,
223,22-02-2026,Instagram,Canada,Education,45,Male,Poor performance and bad customer support,573,32,71,676,2,Negative,
224,31-03-2025,Instagram,Australia,Product,55,Male,It works fine but has some minor issues,306,64,192,562,3,Neutral,
225,18-12-2025,Twitter,UK,Education,20,Male,Very disappointed with the product quality,114,147,64,325,1,Negative,
226,12-06-2025,Instagram,USA,Education,28,Male,The product did not meet my expectations,798,224,70,1092,1,Negative,
227,04-03-2026,Instagram,USA,Education,36,Male,"Not too good, not too bad",819,81,172,1072,3,Neutral,
228,16-06-2025,Instagram,Australia,Entertainment,27,Male,"Not too good, not too bad",443,15,144,602,3,Neutral,
229,07-01-2026,Instagram,India,Sports,33,Female,It works fine but has some minor issues,642,214,143,999,3,Neutral,
230,28-03-2025,Twitter,USA,Sports,25,Female,It works fine but has some minor issues,227,208,13,448,3,Neutral,
231,20-10-2025,Facebook,India,Politics,30,Male,"Not too good, not too bad",888,48,50,986,3,Neutral,
232,04-11-2025,Instagram,USA,Entertainment,59,Male,It is acceptable for the price,297,162,42,501,3,Neutral,
233,24-01-2026,Facebook,Canada,Entertainment,22,Female,Very satisfied with the overall performance,66,239,85,390,4,Positive,
234,25-11-2025,Facebook,Australia,Technology,23,Female,It works fine but has some minor issues,873,64,78,1015,3,Neutral,
235,08-07-2025,Instagram,UK,Education,20,Male,Poor performance and bad customer support,418,136,200,754,1,Negative,
236,06-07-2025,Twitter,Australia,Health,40,Female,"The product is okay, nothing special about it",865,226,145,1236,3,Neutral,
237,17-12-2025,Twitter,Canada,Education,31,Female,Amazing quality and fast delivery,363,267,30,660,5,Positive,
238,31-08-2025,Twitter,India,Entertainment,38,Male,Had a terrible experience using this service,941,268,185,1394,2,Negative,
239,01-03-2026,Twitter,Canada,Education,43,Female,"The product is okay, nothing special about it",725,277,97,1099,3,Neutral,
240,26-12-2025,Instagram,USA,Product,46,Male,Had a terrible experience using this service,498,266,198,962,2,Negative,
241,20-03-2026,Facebook,Australia,Sports,23,Female,"Waste of money, not recommended",282,201,171,654,1,Negative,
242,28-02-2026,Facebook,USA,Education,32,Female,Amazing quality and fast delivery,778,76,53,907,5,Positive,
243,14-08-2025,Facebook,USA,Politics,29,Male,"Absolutely loved the experience, highly recommended",904,135,151,1190,5,Positive,
244,16-12-2025,Instagram,Canada,Product,38,Female,The product did not meet my expectations,741,187,181,1109,2,Negative,
245,19-08-2025,Twitter,India,Health,48,Female,Very satisfied with the overall performance,326,10,142,478,5,Positive,
246,12-07-2025,Facebook,India,Education,23,Female,"Not too good, not too bad",491,245,43,779,3,Neutral,
247,10-11-2025,Twitter,Australia,Technology,37,Female,The product did not meet my expectations,517,51,145,713,2,Negative,
248,07-01-2026,Instagram,USA,Entertainment,26,Female,"Absolutely loved the experience, highly recommended",341,204,130,675,4,Positive,
249,12-04-2025,Instagram,India,Education,21,Female,Amazing quality and fast delivery,279,85,99,463,4,Positive,
250,29-05-2025,Twitter,USA,Health,60,Female,Amazing quality and fast delivery,922,282,169,1373,4,Positive,
251,22-09-2025,Instagram,Canada,Technology,39,Female,It is acceptable for the price,897,10,170,1077,3,Neutral,
252,06-02-2026,Twitter,India,Product,58,Female,I recently bought this and it exceeded my expectations,287,45,33,365,5,Positive,
253,06-02-2026,Twitter,Canada,Entertainment,27,Male,Very satisfied with the overall performance,644,271,41,956,4,Positive,
254,08-09-2025,Instagram,Australia,Politics,33,Female,"Waste of money, not recommended",354,180,54,588,1,Negative,
255,12-01-2026,Twitter,USA,Education,18,Male,"Average experience, could be improved",509,254,76,839,3,Neutral,
256,31-01-2026,Twitter,USA,Health,37,Female,It is acceptable for the price,836,137,156,1129,3,Neutral,
257,01-05-2025,Facebook,UK,Sports,52,Female,Very satisfied with the overall performance,986,118,64,1168,5,Positive,
258,02-10-2025,Facebook,India,Politics,20,Female,Very satisfied with the overall performance,920,264,27,1211,4,Positive,
259,02-01-2026,Instagram,Australia,Politics,28,Female,"Waste of money, not recommended",924,194,161,1279,1,Negative,
260,23-03-2026,Instagram,Canada,Entertainment,32,Female,"Average experience, could be improved",771,27,155,953,3,Neutral,
261,01-11-2025,Instagram,Australia,Health,19,Female,"Waste of money, not recommended",436,193,166,795,1,Negative,
262,28-03-2025,Twitter,USA,Health,50,Female,Amazing quality and fast delivery,166,196,133,495,4,Positive,
263,04-05-2025,Facebook,Canada,Education,20,Female,I recently bought this and it exceeded my expectations,107,52,148,307,4,Positive,
264,16-08-2025,Facebook,India,Politics,53,Female,"Average experience, could be improved",737,190,16,943,3,Neutral,
265,21-09-2025,Instagram,Canada,Technology,21,Male,This is one of the best services I have ever used,842,132,21,995,4,Positive,
266,14-04-2025,Twitter,India,Education,39,Female,"Average experience, could be improved",263,216,199,678,3,Neutral,
267,29-09-2025,Instagram,India,Politics,52,Female,Poor performance and bad customer support,681,138,61,880,2,Negative,
268,22-04-2025,Facebook,USA,Technology,29,Female,"The product is okay, nothing special about it",632,138,62,832,3,Neutral,
269,13-09-2025,Facebook,Canada,Politics,59,Male,"Absolutely loved the experience, highly recommended",362,265,131,758,4,Positive,
270,16-09-2025,Facebook,Australia,Politics,48,Female,"Average experience, could be improved",886,110,92,1088,3,Neutral,
271,07-05-2025,Instagram,India,Technology,57,Male,It is acceptable for the price,381,154,53,588,3,Neutral,
272,11-12-2025,Twitter,UK,Entertainment,42,Female,"Not too good, not too bad",963,112,105,1180,3,Neutral,
273,27-05-2025,Instagram,USA,Education,42,Female,Poor performance and bad customer support,243,149,74,466,1,Negative,
274,21-07-2025,Twitter,Canada,Sports,52,Male,It works fine but has some minor issues,815,196,25,1036,3,Neutral,
275,03-07-2025,Twitter,USA,Politics,56,Female,I recently bought this and it exceeded my expectations,141,134,86,361,5,Positive,
276,16-10-2025,Instagram,India,Product,22,Male,"Absolutely loved the experience, highly recommended",278,45,156,479,4,Positive,
277,15-11-2025,Instagram,UK,Entertainment,31,Female,"Average experience, could be improved",119,190,47,356,3,Neutral,
278,05-09-2025,Facebook,Canada,Technology,53,Female,Had a terrible experience using this service,498,228,19,745,2,Negative,
279,24-11-2025,Instagram,USA,Health,45,Female,Very satisfied with the overall performance,851,165,197,1213,5,Positive,
280,17-12-2025,Twitter,USA,Product,38,Male,Amazing quality and fast delivery,454,222,56,732,5,Positive,
281,19-10-2025,Facebook,India,Technology,51,Male,Had a terrible experience using this service,760,200,59,1019,1,Negative,
282,07-12-2025,Facebook,Canada,Entertainment,46,Male,I recently bought this and it exceeded my expectations,66,54,175,295,5,Positive,
283,27-05-2025,Instagram,India,Education,46,Male,"Average experience, could be improved",639,253,160,1052,3,Neutral,
284,07-10-2025,Twitter,UK,Technology,45,Male,Had a terrible experience using this service,475,260,20,755,2,Negative,
285,15-07-2025,Instagram,UK,Entertainment,31,Male,I recently bought this and it exceeded my expectations,952,130,130,1212,4,Positive,
286,18-12-2025,Facebook,Australia,Politics,26,Female,"Waste of money, not recommended",794,196,27,1017,2,Negative,
287,15-06-2025,Facebook,UK,Sports,33,Male,Very satisfied with the overall performance,821,254,72,1147,5,Positive,
288,09-12-2025,Facebook,Canada,Technology,20,Female,This is one of the best services I have ever used,957,128,173,1258,4,Positive,
289,18-01-2026,Twitter,Canada,Politics,30,Female,It works fine but has some minor issues,999,42,154,1195,3,Neutral,
290,28-06-2025,Facebook,USA,Politics,22,Male,It is acceptable for the price,146,293,47,486,3,Neutral,
291,10-05-2025,Twitter,India,Education,58,Female,"Not too good, not too bad",196,25,62,283,3,Neutral,
292,06-03-2026,Instagram,Australia,Sports,37,Male,I recently bought this and it exceeded my expectations,360,101,73,534,4,Positive,
293,03-07-2025,Twitter,UK,Politics,24,Male,"Average experience, could be improved",266,86,194,546,3,Neutral,
294,09-09-2025,Facebook,India,Sports,33,Female,"The product is okay, nothing special about it",473,293,145,911,3,Neutral,
295,29-01-2026,Twitter,USA,Health,19,Female,"Absolutely loved the experience, highly recommended",522,24,161,707,5,Positive,
296,04-12-2025,Facebook,UK,Product,28,Male,It works fine but has some minor issues,999,173,120,1292,3,Neutral,
297,18-07-2025,Instagram,Australia,Technology,27,Female,This is one of the best services I have ever used,183,72,102,357,4,Positive,
298,03-12-2025,Facebook,Canada,Entertainment,22,Male,The product did not meet my expectations,417,153,121,691,1,Negative,
299,19-06-2025,Facebook,Australia,Product,40,Male,Poor performance and bad customer support,969,195,91,1255,2,Negative,
300,26-12-2025,Twitter,India,Education,44,Male,"Average experience, could be improved",829,226,99,1154,3,Neutral,
301,18-08-2025,Facebook,Australia,Technology,45,Male,"Waste of money, not recommended",888,265,149,1302,2,Negative,
302,01-06-2025,Twitter,Australia,Entertainment,54,Female,"Absolutely loved the experience, highly recommended",646,61,180,887,4,Positive,
303,13-06-2025,Twitter,Canada,Politics,54,Male,"The product is okay, nothing special about it",854,179,115,1148,3,Neutral,
304,04-06-2025,Twitter,USA,Technology,43,Female,I recently bought this and it exceeded my expectations,744,217,167,1128,5,Positive,
305,05-09-2025,Twitter,India,Product,44,Male,It is acceptable for the price,745,58,66,869,3,Neutral,
306,14-12-2025,Instagram,Canada,Entertainment,46,Female,Amazing quality and fast delivery,729,102,129,960,5,Positive,
307,28-07-2025,Instagram,UK,Health,41,Male,"Average experience, could be improved",103,286,41,430,3,Neutral,
308,24-07-2025,Twitter,Australia,Health,20,Male,Very satisfied with the overall performance,339,53,157,549,5,Positive,
309,05-07-2025,Facebook,UK,Entertainment,59,Female,Very disappointed with the product quality,863,146,163,1172,2,Negative,
310,07-10-2025,Instagram,India,Health,35,Male,Poor performance and bad customer support,304,125,189,618,2,Negative,
311,11-04-2025,Instagram,UK,Politics,58,Male,It works fine but has some minor issues,602,290,139,1031,3,Neutral,
312,21-03-2026,Instagram,Australia,Education,42,Female,Had a terrible experience using this service,790,152,101,1043,1,Negative,
313,12-09-2025,Twitter,Canada,Product,18,Female,The product did not meet my expectations,798,286,121,1205,2,Negative,
314,27-12-2025,Instagram,Australia,Product,41,Male,"Absolutely loved the experience, highly recommended",393,248,33,674,5,Positive,
315,06-11-2025,Facebook,Australia,Technology,51,Female,The product did not meet my expectations,887,229,35,1151,2,Negative,
316,18-01-2026,Instagram,Canada,Entertainment,37,Female,I recently bought this and it exceeded my expectations,409,265,164,838,5,Positive,
317,10-10-2025,Instagram,Canada,Health,48,Female,Very satisfied with the overall performance,788,46,96,930,4,Positive,
318,16-09-2025,Twitter,Canada,Health,22,Male,This is one of the best services I have ever used,390,56,126,572,4,Positive,
319,30-06-2025,Twitter,USA,Sports,31,Male,"Average experience, could be improved",936,33,80,1049,3,Neutral,
320,14-02-2026,Twitter,Canada,Sports,20,Male,"Average experience, could be improved",576,200,90,866,3,Neutral,
321,23-11-2025,Twitter,UK,Product,53,Male,"Not too good, not too bad",246,49,150,445,3,Neutral,
322,06-02-2026,Twitter,Canada,Product,53,Male,"Not too good, not too bad",592,21,152,765,3,Neutral,
323,03-05-2025,Instagram,UK,Technology,43,Male,I recently bought this and it exceeded my expectations,312,16,176,504,4,Positive,
324,17-02-2026,Facebook,Canada,Technology,38,Male,Had a terrible experience using this service,882,159,24,1065,2,Negative,
325,06-03-2026,Instagram,Australia,Politics,29,Female,It is acceptable for the price,961,162,200,1323,3,Neutral,
326,25-04-2025,Twitter,India,Education,31,Female,Had a terrible experience using this service,51,152,10,213,1,Negative,
327,23-07-2025,Facebook,UK,Product,53,Male,Very disappointed with the product quality,866,283,113,1262,1,Negative,
328,23-01-2026,Twitter,UK,Politics,50,Female,"Absolutely loved the experience, highly recommended",342,194,107,643,5,Positive,
329,22-01-2026,Facebook,Canada,Health,25,Female,Amazing quality and fast delivery,236,130,99,465,5,Positive,
330,03-12-2025,Facebook,USA,Product,24,Male,This is one of the best services I have ever used,711,64,182,957,4,Positive,
331,05-02-2026,Instagram,India,Education,54,Female,Amazing quality and fast delivery,135,215,54,404,5,Positive,
332,27-11-2025,Twitter,Australia,Health,44,Female,Very disappointed with the product quality,57,97,79,233,2,Negative,
333,16-02-2026,Facebook,India,Health,60,Male,Very disappointed with the product quality,195,168,125,488,2,Negative,
334,18-10-2025,Instagram,Australia,Technology,39,Male,Poor performance and bad customer support,644,61,47,752,2,Negative,
335,31-01-2026,Twitter,Canada,Health,47,Male,It is acceptable for the price,130,183,143,456,3,Neutral,
336,20-01-2026,Facebook,Canada,Health,23,Female,"Absolutely loved the experience, highly recommended",204,186,154,544,4,Positive,
337,13-01-2026,Instagram,UK,Sports,23,Female,"Absolutely loved the experience, highly recommended",183,223,85,491,5,Positive,
338,05-02-2026,Instagram,USA,Education,31,Male,Amazing quality and fast delivery,854,65,99,1018,5,Positive,
339,25-08-2025,Instagram,UK,Product,54,Female,Very satisfied with the overall performance,889,239,48,1176,4,Positive,
340,16-08-2025,Facebook,Canada,Product,33,Male,Poor performance and bad customer support,637,67,44,748,2,Negative,
341,06-06-2025,Twitter,Canada,Sports,29,Male,Amazing quality and fast delivery,502,271,179,952,4,Positive,
342,06-09-2025,Facebook,India,Health,22,Male,Poor performance and bad customer support,671,203,60,934,1,Negative,
343,05-08-2025,Instagram,USA,Education,23,Male,Amazing quality and fast delivery,844,53,183,1080,4,Positive,
344,25-11-2025,Facebook,Australia,Health,22,Male,"Average experience, could be improved",376,23,76,475,3,Neutral,
345,21-03-2026,Facebook,Australia,Entertainment,30,Female,Poor performance and bad customer support,610,109,146,865,2,Negative,
346,04-08-2025,Facebook,India,Entertainment,56,Female,"Not too good, not too bad",635,300,66,1001,3,Neutral,
347,09-04-2025,Instagram,Australia,Product,36,Male,"Average experience, could be improved",75,273,150,498,3,Neutral,
348,24-04-2025,Facebook,UK,Technology,51,Female,It works fine but has some minor issues,837,28,38,903,3,Neutral,
349,11-06-2025,Instagram,India,Education,21,Male,"Waste of money, not recommended",930,241,100,1271,1,Negative,
350,03-01-2026,Instagram,Australia,Entertainment,18,Female,This is one of the best services I have ever used,837,235,54,1126,4,Positive,
351,09-12-2025,Twitter,USA,Technology,38,Male,"Absolutely loved the experience, highly recommended",649,256,175,1080,5,Positive,
352,17-12-2025,Facebook,India,Sports,56,Female,"Average experience, could be improved",969,274,11,1254,3,Neutral,
353,21-10-2025,Twitter,Canada,Health,20,Female,Amazing quality and fast delivery,296,285,16,597,4,Positive,
354,26-12-2025,Facebook,UK,Education,58,Female,"Waste of money, not recommended",617,198,128,943,2,Negative,
355,23-05-2025,Facebook,Australia,Technology,59,Male,Very disappointed with the product quality,561,83,163,807,1,Negative,
356,11-06-2025,Facebook,Australia,Education,40,Female,"Not too good, not too bad",927,237,84,1248,3,Neutral,
357,12-03-2026,Instagram,Canada,Sports,54,Male,It is acceptable for the price,713,32,39,784,3,Neutral,
358,30-07-2025,Twitter,USA,Education,34,Male,I recently bought this and it exceeded my expectations,748,88,173,1009,4,Positive,
359,30-04-2025,Facebook,Australia,Politics,24,Male,"The product is okay, nothing special about it",429,95,99,623,3,Neutral,
360,17-03-2026,Twitter,Australia,Product,43,Female,Had a terrible experience using this service,747,290,49,1086,1,Negative,
361,13-03-2026,Instagram,Australia,Health,54,Male,It works fine but has some minor issues,544,31,112,687,3,Neutral,
362,03-11-2025,Instagram,India,Education,55,Female,"Not too good, not too bad",607,200,104,911,3,Neutral,
363,11-01-2026,Instagram,USA,Product,38,Female,I recently bought this and it exceeded my expectations,473,229,145,847,4,Positive,
364,03-02-2026,Facebook,Australia,Entertainment,22,Male,Very satisfied with the overall performance,884,25,113,1022,5,Positive,
365,12-02-2026,Facebook,Australia,Sports,57,Male,It works fine but has some minor issues,947,209,151,1307,3,Neutral,
366,21-10-2025,Instagram,USA,Politics,48,Female,"Average experience, could be improved",976,263,90,1329,3,Neutral,
367,27-01-2026,Facebook,Canada,Product,51,Male,"The product is okay, nothing special about it",64,184,58,306,3,Neutral,
368,27-08-2025,Twitter,Australia,Product,29,Male,This is one of the best services I have ever used,466,89,154,709,4,Positive,
369,03-12-2025,Instagram,Australia,Education,38,Male,This is one of the best services I have ever used,724,101,136,961,4,Positive,
370,07-05-2025,Twitter,Australia,Technology,49,Male,Had a terrible experience using this service,963,128,57,1148,1,Negative,
371,05-07-2025,Facebook,India,Technology,59,Female,Poor performance and bad customer support,782,242,6,1030,1,Negative,
372,13-09-2025,Twitter,India,Sports,45,Male,"Waste of money, not recommended",936,128,72,1136,1,Negative,
373,14-08-2025,Facebook,USA,Product,19,Male,Very disappointed with the product quality,647,250,28,925,2,Negative,
374,14-11-2025,Facebook,Canada,Education,50,Male,Very satisfied with the overall performance,403,22,11,436,4,Positive,
375,11-03-2026,Instagram,India,Education,20,Female,Had a terrible experience using this service,864,13,156,1033,1,Negative,
376,26-09-2025,Instagram,USA,Education,47,Female,Poor performance and bad customer support,595,169,197,961,2,Negative,
377,31-12-2025,Instagram,Canada,Entertainment,49,Female,Had a terrible experience using this service,491,269,19,779,1,Negative,
378,24-04-2025,Facebook,Canada,Technology,43,Female,It is acceptable for the price,483,56,175,714,3,Neutral,
379,25-05-2025,Twitter,USA,Product,52,Male,"The product is okay, nothing special about it",856,188,173,1217,3,Neutral,
380,30-04-2025,Instagram,UK,Product,49,Female,This is one of the best services I have ever used,608,32,127,767,4,Positive,
381,27-12-2025,Instagram,USA,Sports,50,Male,"Absolutely loved the experience, highly recommended",799,124,170,1093,5,Positive,
382,27-03-2026,Facebook,India,Product,55,Female,Had a terrible experience using this service,434,219,74,727,2,Negative,
383,21-05-2025,Twitter,India,Product,19,Male,"Waste of money, not recommended",647,22,125,794,1,Negative,
384,08-04-2025,Twitter,UK,Technology,20,Female,It works fine but has some minor issues,988,76,34,1098,3,Neutral,
385,16-10-2025,Instagram,India,Sports,20,Female,Poor performance and bad customer support,600,246,95,941,2,Negative,
386,27-05-2025,Twitter,USA,Technology,58,Male,I recently bought this and it exceeded my expectations,876,236,175,1287,5,Positive,
387,25-02-2026,Facebook,India,Education,42,Male,Very disappointed with the product quality,530,78,120,728,1,Negative,
388,01-02-2026,Instagram,USA,Technology,34,Female,Very satisfied with the overall performance,199,127,51,377,4,Positive,
389,19-10-2025,Facebook,USA,Politics,30,Female,Poor performance and bad customer support,261,259,97,617,2,Negative,
390,01-07-2025,Facebook,Canada,Entertainment,21,Female,"Waste of money, not recommended",314,148,62,524,2,Negative,
391,07-04-2025,Twitter,Australia,Entertainment,29,Male,It works fine but has some minor issues,192,266,98,556,3,Neutral,
392,28-07-2025,Instagram,USA,Sports,30,Female,"Absolutely loved the experience, highly recommended",544,31,22,597,5,Positive,
393,07-06-2025,Instagram,Canada,Health,41,Male,"Waste of money, not recommended",403,298,146,847,2,Negative,
394,09-08-2025,Twitter,India,Technology,30,Male,"Absolutely loved the experience, highly recommended",66,134,104,304,5,Positive,
395,27-09-2025,Instagram,Canada,Sports,53,Female,It works fine but has some minor issues,594,248,119,961,3,Neutral,
396,14-07-2025,Twitter,UK,Entertainment,39,Female,Poor performance and bad customer support,710,74,200,984,2,Negative,
397,08-08-2025,Twitter,UK,Technology,28,Male,It works fine but has some minor issues,170,34,30,234,3,Neutral,
398,12-05-2025,Instagram,Canada,Politics,25,Male,Very satisfied with the overall performance,126,268,23,417,4,Positive,
399,04-07-2025,Facebook,Canada,Education,35,Male,Very satisfied with the overall performance,196,202,136,534,5,Positive,
400,29-03-2025,Instagram,UK,Politics,50,Female,Had a terrible experience using this service,635,37,171,843,1,Negative,
401,12-02-2026,Facebook,USA,Entertainment,26,Female,The product did not meet my expectations,183,87,69,339,2,Negative,
402,05-06-2025,Twitter,Australia,Entertainment,51,Female,"Absolutely loved the experience, highly recommended",694,108,38,840,5,Positive,
403,18-04-2025,Facebook,USA,Health,23,Female,I recently bought this and it exceeded my expectations,659,46,176,881,5,Positive,
404,06-07-2025,Twitter,Australia,Product,27,Male,Very satisfied with the overall performance,589,107,62,758,4,Positive,
405,25-05-2025,Twitter,Australia,Product,40,Male,"Not too good, not too bad",296,216,197,709,3,Neutral,
406,19-12-2025,Facebook,Australia,Politics,29,Female,"Waste of money, not recommended",57,88,196,341,1,Negative,
407,07-09-2025,Instagram,UK,Technology,21,Female,The product did not meet my expectations,834,98,116,1048,2,Negative,
408,18-01-2026,Twitter,Canada,Education,29,Female,Had a terrible experience using this service,251,53,43,347,2,Negative,
409,14-07-2025,Facebook,USA,Technology,39,Female,"The product is okay, nothing special about it",655,214,192,1061,3,Neutral,
410,25-12-2025,Facebook,UK,Sports,41,Female,Poor performance and bad customer support,466,37,156,659,2,Negative,
411,18-07-2025,Twitter,India,Entertainment,58,Female,Very satisfied with the overall performance,647,137,28,812,5,Positive,
412,26-10-2025,Facebook,India,Entertainment,21,Female,I recently bought this and it exceeded my expectations,792,73,55,920,5,Positive,
413,12-04-2025,Twitter,India,Health,50,Male,I recently bought this and it exceeded my expectations,602,200,72,874,5,Positive,
414,24-06-2025,Instagram,India,Health,55,Male,It is acceptable for the price,825,81,94,1000,3,Neutral,
415,14-10-2025,Facebook,Canada,Politics,36,Male,It is acceptable for the price,796,183,15,994,3,Neutral,
416,11-08-2025,Twitter,USA,Education,60,Male,The product did not meet my expectations,79,117,97,293,1,Negative,
417,02-08-2025,Instagram,USA,Product,57,Female,Very satisfied with the overall performance,193,156,167,516,4,Positive,
418,31-03-2025,Facebook,Canada,Sports,48,Female,"Waste of money, not recommended",82,53,89,224,1,Negative,
419,18-10-2025,Twitter,India,Politics,34,Female,The product did not meet my expectations,309,81,136,526,2,Negative,
420,03-02-2026,Instagram,Australia,Health,31,Female,The product did not meet my expectations,980,161,152,1293,2,Negative,
421,08-08-2025,Facebook,UK,Politics,31,Female,I recently bought this and it exceeded my expectations,976,61,193,1230,4,Positive,
422,31-08-2025,Instagram,USA,Health,52,Female,I recently bought this and it exceeded my expectations,422,250,92,764,5,Positive,
423,15-11-2025,Instagram,Australia,Education,34,Male,The product did not meet my expectations,73,67,110,250,2,Negative,
424,18-11-2025,Twitter,USA,Sports,53,Male,I recently bought this and it exceeded my expectations,943,238,88,1269,5,Positive,
425,06-01-2026,Facebook,Canada,Education,50,Male,"The product is okay, nothing special about it",914,190,132,1236,3,Neutral,
426,13-06-2025,Instagram,Canada,Politics,30,Male,I recently bought this and it exceeded my expectations,655,128,19,802,4,Positive,
427,05-10-2025,Twitter,Australia,Sports,50,Male,Very disappointed with the product quality,373,185,42,600,1,Negative,
428,15-05-2025,Facebook,USA,Sports,31,Female,It works fine but has some minor issues,172,114,22,308,3,Neutral,
429,08-11-2025,Instagram,UK,Technology,32,Female,Had a terrible experience using this service,894,193,31,1118,1,Negative,
430,19-01-2026,Twitter,India,Technology,51,Male,Very satisfied with the overall performance,189,118,164,471,5,Positive,
431,07-03-2026,Twitter,Australia,Entertainment,56,Male,"Average experience, could be improved",252,229,146,627,3,Neutral,
432,29-01-2026,Facebook,Australia,Sports,59,Male,Amazing quality and fast delivery,640,108,56,804,4,Positive,
433,21-04-2025,Facebook,Australia,Education,55,Male,Had a terrible experience using this service,768,70,55,893,1,Negative,
434,07-04-2025,Instagram,UK,Entertainment,24,Male,Had a terrible experience using this service,654,61,69,784,2,Negative,
435,24-02-2026,Instagram,USA,Education,21,Female,The product did not meet my expectations,372,19,86,477,2,Negative,
436,11-11-2025,Twitter,India,Technology,44,Male,"Not too good, not too bad",228,292,181,701,3,Neutral,
437,22-12-2025,Instagram,Canada,Technology,43,Female,"Waste of money, not recommended",558,123,116,797,1,Negative,
438,28-03-2026,Twitter,Canada,Technology,31,Male,"Average experience, could be improved",602,244,163,1009,3,Neutral,
439,15-11-2025,Facebook,USA,Technology,47,Male,Very satisfied with the overall performance,643,43,137,823,5,Positive,
440,20-10-2025,Instagram,Canada,Education,59,Female,Very satisfied with the overall performance,919,180,76,1175,5,Positive,
441,10-02-2026,Facebook,UK,Health,29,Female,Very satisfied with the overall performance,686,237,39,962,4,Positive,
442,13-08-2025,Instagram,USA,Politics,39,Female,I recently bought this and it exceeded my expectations,589,77,86,752,5,Positive,
443,03-12-2025,Facebook,Australia,Politics,32,Male,"Not too good, not too bad",812,205,65,1082,3,Neutral,
444,22-10-2025,Facebook,USA,Health,51,Female,Had a terrible experience using this service,834,132,167,1133,1,Negative,
445,16-12-2025,Instagram,Australia,Technology,42,Male,This is one of the best services I have ever used,763,77,178,1018,4,Positive,
446,01-03-2026,Instagram,India,Politics,50,Male,Had a terrible experience using this service,836,76,89,1001,1,Negative,
447,14-10-2025,Facebook,USA,Education,21,Male,"Waste of money, not recommended",560,299,31,890,1,Negative,
448,13-12-2025,Twitter,Canada,Product,35,Male,Amazing quality and fast delivery,682,260,73,1015,5,Positive,
449,04-10-2025,Twitter,Canada,Education,39,Male,"Average experience, could be improved",882,75,71,1028,3,Neutral,
450,11-09-2025,Instagram,USA,Health,49,Male,Very satisfied with the overall performance,324,191,75,590,5,Positive,
451,10-06-2025,Facebook,Australia,Politics,29,Male,It works fine but has some minor issues,644,45,130,819,3,Neutral,
452,23-08-2025,Facebook,UK,Education,41,Female,It is acceptable for the price,863,273,35,1171,3,Neutral,
453,28-07-2025,Facebook,USA,Entertainment,51,Male,I recently bought this and it exceeded my expectations,306,238,26,570,5,Positive,
454,01-01-2026,Facebook,Australia,Entertainment,44,Female,"Waste of money, not recommended",617,274,186,1077,2,Negative,
455,25-03-2026,Facebook,USA,Education,28,Female,This is one of the best services I have ever used,879,79,23,981,5,Positive,
456,05-01-2026,Facebook,UK,Technology,40,Female,Very satisfied with the overall performance,427,272,120,819,5,Positive,
457,12-11-2025,Twitter,Australia,Technology,23,Female,"The product is okay, nothing special about it",50,102,104,256,3,Neutral,
458,08-09-2025,Twitter,India,Entertainment,36,Female,"The product is okay, nothing special about it",949,239,116,1304,3,Neutral,
459,06-04-2025,Twitter,UK,Product,60,Male,"The product is okay, nothing special about it",610,275,15,900,3,Neutral,
460,06-10-2025,Instagram,India,Health,30,Male,Very disappointed with the product quality,938,49,111,1098,2,Negative,
461,28-11-2025,Instagram,India,Sports,56,Male,"Absolutely loved the experience, highly recommended",173,293,48,514,5,Positive,
462,27-05-2025,Twitter,Australia,Education,49,Male,It is acceptable for the price,814,262,121,1197,3,Neutral,
463,03-04-2025,Twitter,Australia,Product,47,Male,Amazing quality and fast delivery,936,285,41,1262,4,Positive,
464,20-07-2025,Twitter,India,Product,43,Male,"Absolutely loved the experience, highly recommended",435,298,42,775,5,Positive,
465,09-01-2026,Twitter,Canada,Technology,27,Female,The product did not meet my expectations,989,294,128,1411,2,Negative,
466,23-09-2025,Twitter,India,Product,27,Female,I recently bought this and it exceeded my expectations,961,264,178,1403,4,Positive,
467,29-11-2025,Instagram,Canada,Entertainment,32,Male,Amazing quality and fast delivery,330,256,125,711,5,Positive,
468,31-01-2026,Twitter,Australia,Entertainment,33,Male,Very satisfied with the overall performance,974,62,140,1176,5,Positive,
469,06-08-2025,Instagram,Australia,Education,27,Female,"Not too good, not too bad",151,93,39,283,3,Neutral,
470,23-06-2025,Twitter,Australia,Entertainment,45,Female,Very disappointed with the product quality,639,10,92,741,1,Negative,
471,20-11-2025,Twitter,UK,Technology,37,Male,This is one of the best services I have ever used,137,178,12,327,4,Positive,
472,17-10-2025,Facebook,Australia,Politics,50,Female,"Absolutely loved the experience, highly recommended",696,171,22,889,5,Positive,
473,24-06-2025,Instagram,Australia,Sports,29,Male,Very satisfied with the overall performance,134,30,112,276,4,Positive,
474,09-09-2025,Facebook,UK,Sports,56,Female,"Not too good, not too bad",343,156,168,667,3,Neutral,
475,16-06-2025,Twitter,Canada,Technology,38,Female,"Waste of money, not recommended",949,166,33,1148,2,Negative,
476,10-01-2026,Instagram,UK,Technology,32,Male,"The product is okay, nothing special about it",723,113,107,943,3,Neutral,
477,14-07-2025,Instagram,USA,Politics,48,Female,"Waste of money, not recommended",455,34,73,562,1,Negative,
478,18-07-2025,Twitter,India,Sports,45,Male,"Average experience, could be improved",445,48,43,536,3,Neutral,
479,01-07-2025,Facebook,India,Education,44,Male,It works fine but has some minor issues,514,155,181,850,3,Neutral,
480,06-10-2025,Twitter,UK,Entertainment,57,Female,Poor performance and bad customer support,625,27,95,747,1,Negative,
481,16-07-2025,Twitter,Canada,Politics,31,Female,It is acceptable for the price,470,150,100,720,3,Neutral,
482,08-03-2026,Twitter,Canada,Technology,56,Male,"Absolutely loved the experience, highly recommended",447,29,99,575,5,Positive,
483,06-12-2025,Twitter,India,Product,42,Male,"The product is okay, nothing special about it",663,77,136,876,3,Neutral,
484,18-07-2025,Facebook,India,Sports,49,Female,I recently bought this and it exceeded my expectations,550,233,82,865,4,Positive,
485,06-08-2025,Twitter,Canada,Sports,26,Female,It works fine but has some minor issues,226,232,86,544,3,Neutral,
486,06-08-2025,Twitter,Australia,Health,29,Female,"Waste of money, not recommended",201,133,30,364,2,Negative,
487,26-01-2026,Twitter,USA,Education,21,Female,It works fine but has some minor issues,263,213,17,493,3,Neutral,
488,25-07-2025,Instagram,UK,Entertainment,22,Male,Very satisfied with the overall performance,349,20,87,456,4,Positive,
489,23-09-2025,Twitter,UK,Sports,22,Male,"Not too good, not too bad",439,239,37,715,3,Neutral,
490,03-11-2025,Instagram,UK,Technology,45,Male,It is acceptable for the price,448,92,87,627,3,Neutral,
491,17-11-2025,Instagram,India,Health,19,Male,I recently bought this and it exceeded my expectations,379,40,110,529,5,Positive,
492,08-06-2025,Facebook,India,Education,48,Female,The product did not meet my expectations,917,229,174,1320,1,Negative,
493,23-09-2025,Facebook,India,Product,39,Male,"The product is okay, nothing special about it",830,166,60,1056,3,Neutral,
494,03-06-2025,Instagram,Australia,Product,41,Male,"The product is okay, nothing special about it",495,53,199,747,3,Neutral,
495,18-09-2025,Twitter,Canada,Politics,32,Female,"Absolutely loved the experience, highly recommended",91,34,180,305,5,Positive,
496,01-10-2025,Instagram,Canada,Product,29,Male,It works fine but has some minor issues,973,186,83,1242,3,Neutral,
497,15-09-2025,Twitter,Australia,Education,46,Male,"Average experience, could be improved",163,40,21,224,3,Neutral,
498,12-12-2025,Facebook,UK,Health,54,Female,I recently bought this and it exceeded my expectations,289,231,83,603,4,Positive,
499,12-08-2025,Facebook,India,Education,47,Female,Very disappointed with the product quality,676,165,38,879,1,Negative,
500,16-01-2026,Facebook,India,Product,28,Female,"Waste of money, not recommended",818,226,54,1098,2,Negative,
501,01-06-2025,Instagram,Australia,Health,29,Female,The product did not meet my expectations,722,238,105,1065,2,Negative,
502,10-11-2025,Twitter,India,Health,33,Female,"Average experience, could be improved",475,36,79,590,3,Neutral,
503,13-02-2026,Facebook,UK,Education,48,Male,"The product is okay, nothing special about it",234,72,110,416,3,Neutral,
504,03-07-2025,Twitter,USA,Entertainment,55,Male,Very disappointed with the product quality,782,76,119,977,2,Negative,
505,21-03-2026,Instagram,India,Sports,37,Male,Very satisfied with the overall performance,916,259,166,1341,5,Positive,
506,19-03-2026,Twitter,India,Sports,46,Male,The product did not meet my expectations,818,293,131,1242,2,Negative,
507,11-09-2025,Facebook,USA,Technology,33,Male,"The product is okay, nothing special about it",652,271,167,1090,3,Neutral,
508,27-03-2026,Facebook,India,Entertainment,59,Male,It is acceptable for the price,559,10,196,765,3,Neutral,
509,01-04-2025,Twitter,Australia,Entertainment,54,Male,The product did not meet my expectations,121,25,173,319,1,Negative,
510,12-02-2026,Instagram,India,Sports,47,Male,"The product is okay, nothing special about it",172,147,153,472,3,Neutral,
511,01-07-2025,Facebook,Canada,Entertainment,47,Female,Amazing quality and fast delivery,118,82,80,280,4,Positive,
512,17-12-2025,Instagram,UK,Sports,39,Female,"Average experience, could be improved",567,46,95,708,3,Neutral,
513,09-06-2025,Instagram,USA,Technology,26,Male,The product did not meet my expectations,723,157,10,890,1,Negative,
514,20-08-2025,Instagram,UK,Entertainment,34,Male,"Waste of money, not recommended",272,49,109,430,1,Negative,
515,16-05-2025,Instagram,India,Technology,27,Female,"Average experience, could be improved",503,298,124,925,3,Neutral,
516,15-11-2025,Instagram,Australia,Health,22,Male,It is acceptable for the price,179,24,47,250,3,Neutral,
517,05-05-2025,Twitter,Australia,Product,37,Male,Had a terrible experience using this service,397,214,138,749,1,Negative,
518,22-02-2026,Instagram,Australia,Sports,48,Male,This is one of the best services I have ever used,787,199,109,1095,5,Positive,
519,23-01-2026,Facebook,USA,Health,58,Female,It works fine but has some minor issues,343,179,81,603,3,Neutral,
520,02-03-2026,Facebook,India,Sports,19,Male,"Average experience, could be improved",274,173,156,603,3,Neutral,
521,18-04-2025,Instagram,Canada,Entertainment,52,Male,Poor performance and bad customer support,418,279,154,851,2,Negative,
522,28-08-2025,Facebook,UK,Politics,51,Female,This is one of the best services I have ever used,98,208,143,449,4,Positive,
523,21-12-2025,Instagram,UK,Technology,51,Male,Had a terrible experience using this service,753,83,32,868,2,Negative,
524,11-08-2025,Twitter,India,Health,21,Male,"Absolutely loved the experience, highly recommended",867,277,118,1262,5,Positive,
525,27-10-2025,Facebook,Australia,Product,28,Female,I recently bought this and it exceeded my expectations,664,48,121,833,5,Positive,
526,16-04-2025,Instagram,Canada,Politics,60,Male,Very satisfied with the overall performance,258,173,6,437,4,Positive,
527,31-07-2025,Instagram,UK,Sports,46,Female,The product did not meet my expectations,357,237,132,726,2,Negative,
528,05-11-2025,Instagram,Canada,Product,39,Female,Very disappointed with the product quality,907,139,17,1063,1,Negative,
529,01-05-2025,Twitter,USA,Education,43,Male,It is acceptable for the price,994,89,198,1281,3,Neutral,
530,17-07-2025,Instagram,India,Education,18,Female,"Waste of money, not recommended",290,235,117,642,1,Negative,
531,19-08-2025,Instagram,UK,Health,46,Male,I recently bought this and it exceeded my expectations,223,288,183,694,4,Positive,
532,14-07-2025,Instagram,UK,Politics,39,Female,"Not too good, not too bad",585,113,33,731,3,Neutral,
533,14-09-2025,Twitter,India,Health,57,Female,This is one of the best services I have ever used,585,74,64,723,5,Positive,
534,19-04-2025,Twitter,UK,Health,48,Female,I recently bought this and it exceeded my expectations,605,147,88,840,4,Positive,
535,04-11-2025,Instagram,UK,Education,39,Female,Poor performance and bad customer support,813,133,165,1111,1,Negative,
536,25-10-2025,Twitter,UK,Health,25,Male,"The product is okay, nothing special about it",595,202,74,871,3,Neutral,
537,28-10-2025,Facebook,UK,Health,34,Male,"Waste of money, not recommended",341,208,16,565,1,Negative,
538,22-01-2026,Facebook,UK,Sports,28,Female,"Absolutely loved the experience, highly recommended",522,255,196,973,4,Positive,
539,29-07-2025,Facebook,India,Entertainment,27,Female,Very satisfied with the overall performance,185,22,85,292,5,Positive,
540,27-08-2025,Facebook,Canada,Product,53,Female,Amazing quality and fast delivery,875,236,71,1182,5,Positive,
541,26-07-2025,Facebook,Australia,Entertainment,41,Female,This is one of the best services I have ever used,651,47,122,820,4,Positive,
542,29-06-2025,Twitter,Canada,Technology,30,Female,Poor performance and bad customer support,185,230,8,423,2,Negative,
543,31-07-2025,Instagram,USA,Sports,55,Female,"Not too good, not too bad",584,231,48,863,3,Neutral,
544,22-09-2025,Facebook,UK,Product,31,Female,I recently bought this and it exceeded my expectations,169,260,93,522,5,Positive,
545,07-08-2025,Twitter,Australia,Sports,20,Female,Very disappointed with the product quality,193,246,32,471,1,Negative,
546,21-02-2026,Twitter,UK,Technology,55,Female,Had a terrible experience using this service,441,171,90,702,1,Negative,
547,20-11-2025,Instagram,UK,Politics,26,Male,Amazing quality and fast delivery,893,247,187,1327,4,Positive,
548,04-03-2026,Twitter,Australia,Entertainment,57,Male,I recently bought this and it exceeded my expectations,63,89,103,255,5,Positive,
549,21-05-2025,Twitter,Canada,Sports,21,Male,It is acceptable for the price,860,284,144,1288,3,Neutral,
550,06-10-2025,Facebook,Australia,Politics,58,Male,Very satisfied with the overall performance,695,146,155,996,4,Positive,
551,11-10-2025,Instagram,Australia,Politics,50,Female,"Not too good, not too bad",840,138,95,1073,3,Neutral,
552,19-03-2026,Twitter,Canada,Sports,50,Male,It works fine but has some minor issues,623,31,136,790,3,Neutral,
553,29-10-2025,Facebook,Canada,Entertainment,54,Male,It works fine but has some minor issues,229,296,178,703,3,Neutral,
554,07-02-2026,Facebook,USA,Politics,42,Female,This is one of the best services I have ever used,996,273,30,1299,5,Positive,
555,21-11-2025,Facebook,Australia,Education,49,Female,"Waste of money, not recommended",591,272,145,1008,1,Negative,
556,25-07-2025,Twitter,UK,Entertainment,57,Male,Poor performance and bad customer support,260,226,55,541,1,Negative,
557,31-12-2025,Instagram,UK,Entertainment,40,Female,Poor performance and bad customer support,510,233,191,934,1,Negative,
558,13-01-2026,Twitter,India,Politics,46,Female,This is one of the best services I have ever used,301,219,116,636,5,Positive,
559,23-11-2025,Facebook,USA,Product,24,Female,It is acceptable for the price,379,208,195,782,3,Neutral,
560,27-02-2026,Facebook,USA,Education,33,Male,Poor performance and bad customer support,668,231,56,955,2,Negative,
561,18-01-2026,Twitter,UK,Sports,26,Female,"Not too good, not too bad",650,238,152,1040,3,Neutral,
562,28-09-2025,Facebook,USA,Politics,36,Male,Amazing quality and fast delivery,603,171,104,878,5,Positive,
563,24-06-2025,Twitter,India,Politics,25,Male,"Average experience, could be improved",872,130,82,1084,3,Neutral,
564,06-03-2026,Twitter,Canada,Education,28,Male,Had a terrible experience using this service,707,164,139,1010,2,Negative,
565,20-10-2025,Facebook,UK,Health,55,Female,"The product is okay, nothing special about it",579,246,198,1023,3,Neutral,
566,31-08-2025,Twitter,India,Education,43,Female,"Average experience, could be improved",958,267,132,1357,3,Neutral,
567,20-12-2025,Instagram,USA,Technology,26,Female,Amazing quality and fast delivery,125,202,168,495,4,Positive,
568,08-09-2025,Instagram,UK,Technology,27,Female,"Average experience, could be improved",356,239,171,766,3,Neutral,
569,16-04-2025,Instagram,USA,Sports,49,Male,Poor performance and bad customer support,731,169,71,971,1,Negative,
570,25-02-2026,Instagram,India,Technology,39,Female,Very disappointed with the product quality,113,290,37,440,2,Negative,
571,12-07-2025,Instagram,India,Health,60,Female,I recently bought this and it exceeded my expectations,173,94,120,387,5,Positive,
572,25-12-2025,Twitter,Australia,Education,23,Female,It is acceptable for the price,501,50,197,748,3,Neutral,
573,24-03-2026,Twitter,UK,Product,37,Female,Poor performance and bad customer support,583,222,129,934,1,Negative,
574,05-03-2026,Twitter,USA,Politics,33,Female,"Absolutely loved the experience, highly recommended",81,122,147,350,5,Positive,
575,30-03-2025,Twitter,Australia,Health,53,Female,The product did not meet my expectations,179,116,91,386,2,Negative,
576,04-12-2025,Facebook,Australia,Entertainment,47,Female,Poor performance and bad customer support,530,223,90,843,1,Negative,
577,27-10-2025,Facebook,UK,Sports,24,Male,It works fine but has some minor issues,713,146,117,976,3,Neutral,
578,19-02-2026,Twitter,Australia,Health,41,Female,"Average experience, could be improved",80,284,79,443,3,Neutral,
579,01-09-2025,Twitter,India,Health,58,Female,Amazing quality and fast delivery,136,52,91,279,5,Positive,
580,19-04-2025,Instagram,USA,Sports,39,Female,This is one of the best services I have ever used,61,144,148,353,4,Positive,
581,28-01-2026,Twitter,India,Education,36,Male,It is acceptable for the price,56,236,161,453,3,Neutral,
582,02-10-2025,Instagram,Australia,Health,29,Female,I recently bought this and it exceeded my expectations,465,228,101,794,4,Positive,
583,06-01-2026,Facebook,Australia,Technology,56,Female,"The product is okay, nothing special about it",796,289,148,1233,3,Neutral,
584,02-02-2026,Instagram,UK,Health,50,Female,Very satisfied with the overall performance,816,263,112,1191,4,Positive,
585,08-10-2025,Facebook,Australia,Entertainment,21,Female,It works fine but has some minor issues,281,224,38,543,3,Neutral,
586,31-07-2025,Instagram,Australia,Technology,33,Female,"Absolutely loved the experience, highly recommended",812,230,171,1213,5,Positive,
587,21-05-2025,Twitter,India,Health,52,Female,"Waste of money, not recommended",413,17,100,530,2,Negative,
588,15-07-2025,Twitter,USA,Technology,31,Male,Very satisfied with the overall performance,930,143,22,1095,4,Positive,
589,17-07-2025,Twitter,Canada,Politics,36,Male,Amazing quality and fast delivery,958,295,25,1278,5,Positive,
590,09-03-2026,Twitter,USA,Health,47,Male,Very satisfied with the overall performance,799,211,43,1053,4,Positive,
591,13-07-2025,Facebook,USA,Entertainment,49,Female,"Average experience, could be improved",136,169,166,471,3,Neutral,
592,17-11-2025,Twitter,UK,Education,35,Male,"The product is okay, nothing special about it",102,248,138,488,3,Neutral,
593,24-12-2025,Instagram,USA,Sports,60,Male,"Not too good, not too bad",295,156,138,589,3,Neutral,
594,30-06-2025,Facebook,UK,Entertainment,40,Female,It works fine but has some minor issues,730,10,46,786,3,Neutral,
595,10-05-2025,Twitter,Australia,Technology,23,Male,"The product is okay, nothing special about it",506,120,124,750,3,Neutral,
596,01-08-2025,Facebook,Canada,Technology,54,Male,Very disappointed with the product quality,957,258,17,1232,1,Negative,
597,16-06-2025,Twitter,UK,Sports,59,Male,"Waste of money, not recommended",633,207,50,890,2,Negative,
598,13-03-2026,Instagram,USA,Product,33,Female,"The product is okay, nothing special about it",93,144,61,298,3,Neutral,
599,12-05-2025,Facebook,India,Technology,21,Female,"The product is okay, nothing special about it",207,292,104,603,3,Neutral,
600,12-03-2026,Facebook,USA,Education,23,Male,Poor performance and bad customer support,390,283,179,852,1,Negative,
601,27-09-2025,Twitter,UK,Politics,59,Male,"The product is okay, nothing special about it",978,98,73,1149,3,Neutral,
602,11-07-2025,Instagram,UK,Product,43,Male,Poor performance and bad customer support,869,294,155,1318,2,Negative,
603,25-09-2025,Instagram,USA,Politics,46,Female,Had a terrible experience using this service,991,92,36,1119,1,Negative,
604,03-07-2025,Instagram,USA,Product,23,Female,"Absolutely loved the experience, highly recommended",931,87,195,1213,5,Positive,
605,21-08-2025,Twitter,Canada,Technology,34,Female,Very disappointed with the product quality,709,56,191,956,2,Negative,
606,02-09-2025,Instagram,USA,Product,57,Male,I recently bought this and it exceeded my expectations,787,28,5,820,5,Positive,
607,22-12-2025,Instagram,USA,Sports,26,Male,It works fine but has some minor issues,666,170,37,873,3,Neutral,
608,16-03-2026,Facebook,USA,Education,27,Male,I recently bought this and it exceeded my expectations,871,23,150,1044,4,Positive,
609,28-09-2025,Twitter,Canada,Education,20,Male,"The product is okay, nothing special about it",772,267,100,1139,3,Neutral,
610,28-04-2025,Twitter,Canada,Sports,51,Female,Had a terrible experience using this service,518,69,77,664,1,Negative,
611,06-09-2025,Twitter,Australia,Sports,30,Female,It works fine but has some minor issues,409,209,13,631,3,Neutral,
612,03-05-2025,Instagram,Canada,Health,36,Male,The product did not meet my expectations,66,49,168,283,2,Negative,
613,02-04-2025,Facebook,India,Politics,26,Male,"Waste of money, not recommended",115,121,119,355,2,Negative,
614,07-06-2025,Twitter,Canada,Sports,45,Female,Had a terrible experience using this service,792,84,161,1037,1,Negative,
615,20-03-2026,Facebook,Australia,Technology,19,Female,It is acceptable for the price,158,233,115,506,3,Neutral,
616,19-12-2025,Facebook,USA,Health,23,Male,"Average experience, could be improved",149,194,144,487,3,Neutral,
617,21-11-2025,Twitter,Canada,Technology,46,Female,Very disappointed with the product quality,825,197,75,1097,1,Negative,
618,25-08-2025,Instagram,USA,Entertainment,27,Male,The product did not meet my expectations,979,57,143,1179,2,Negative,
619,27-12-2025,Facebook,Australia,Health,19,Female,"The product is okay, nothing special about it",135,191,77,403,3,Neutral,
620,11-07-2025,Instagram,Australia,Product,19,Male,Amazing quality and fast delivery,491,190,24,705,4,Positive,
621,22-06-2025,Twitter,Canada,Politics,18,Male,Poor performance and bad customer support,860,127,91,1078,2,Negative,
622,11-06-2025,Instagram,UK,Sports,36,Female,"Average experience, could be improved",590,165,200,955,3,Neutral,
623,06-10-2025,Facebook,India,Product,49,Male,I recently bought this and it exceeded my expectations,444,21,159,624,5,Positive,
624,26-07-2025,Facebook,Canada,Sports,28,Male,It is acceptable for the price,342,53,62,457,3,Neutral,
625,14-07-2025,Instagram,Canada,Education,44,Male,"The product is okay, nothing special about it",881,295,160,1336,3,Neutral,
626,15-05-2025,Twitter,UK,Education,52,Male,It works fine but has some minor issues,432,40,11,483,3,Neutral,
627,19-08-2025,Instagram,India,Health,44,Female,This is one of the best services I have ever used,848,172,9,1029,5,Positive,
628,11-09-2025,Instagram,USA,Entertainment,21,Male,"Not too good, not too bad",949,52,191,1192,3,Neutral,
629,25-10-2025,Instagram,India,Health,53,Male,"The product is okay, nothing special about it",599,218,32,849,3,Neutral,
630,14-12-2025,Instagram,USA,Education,36,Male,The product did not meet my expectations,387,15,97,499,2,Negative,
631,18-10-2025,Instagram,USA,Technology,31,Female,"Average experience, could be improved",229,49,129,407,3,Neutral,
632,13-12-2025,Instagram,Australia,Product,23,Male,It is acceptable for the price,110,182,76,368,3,Neutral,
633,19-09-2025,Instagram,USA,Entertainment,57,Female,"Waste of money, not recommended",586,72,143,801,1,Negative,
634,21-01-2026,Instagram,USA,Entertainment,21,Male,Very satisfied with the overall performance,682,196,153,1031,4,Positive,
635,07-02-2026,Facebook,UK,Education,24,Female,It is acceptable for the price,932,43,106,1081,3,Neutral,
636,13-01-2026,Facebook,Canada,Technology,28,Female,Very satisfied with the overall performance,866,250,162,1278,4,Positive,
637,14-02-2026,Instagram,Australia,Politics,21,Female,Very satisfied with the overall performance,499,78,80,657,4,Positive,
638,23-05-2025,Instagram,Australia,Sports,29,Male,"The product is okay, nothing special about it",620,85,34,739,3,Neutral,
639,09-07-2025,Facebook,Canada,Education,28,Female,The product did not meet my expectations,342,68,69,479,2,Negative,
640,17-04-2025,Twitter,UK,Health,18,Female,"The product is okay, nothing special about it",375,280,155,810,3,Neutral,
641,29-11-2025,Facebook,USA,Politics,27,Male,"Not too good, not too bad",471,240,126,837,3,Neutral,
642,28-03-2026,Twitter,India,Health,60,Male,Very satisfied with the overall performance,101,39,54,194,5,Positive,
643,13-02-2026,Instagram,Canada,Health,26,Female,"The product is okay, nothing special about it",694,244,71,1009,3,Neutral,
644,03-10-2025,Twitter,USA,Sports,35,Female,"Average experience, could be improved",118,127,143,388,3,Neutral,
645,18-11-2025,Twitter,Australia,Politics,54,Female,Had a terrible experience using this service,645,94,180,919,2,Negative,
646,19-08-2025,Instagram,India,Politics,30,Male,Very satisfied with the overall performance,462,205,63,730,5,Positive,
647,28-10-2025,Facebook,Australia,Education,47,Male,Had a terrible experience using this service,460,216,64,740,2,Negative,
648,25-05-2025,Instagram,Australia,Product,41,Male,It is acceptable for the price,657,64,20,741,3,Neutral,
649,04-04-2025,Twitter,USA,Politics,50,Male,It works fine but has some minor issues,309,162,42,513,3,Neutral,
650,20-08-2025,Instagram,USA,Sports,24,Male,Amazing quality and fast delivery,206,206,177,589,5,Positive,
651,22-05-2025,Facebook,USA,Education,54,Male,This is one of the best services I have ever used,464,221,132,817,5,Positive,
652,18-03-2026,Twitter,Australia,Politics,29,Male,"Average experience, could be improved",68,153,180,401,3,Neutral,
653,30-03-2025,Twitter,Canada,Product,48,Male,It is acceptable for the price,61,295,186,542,3,Neutral,
654,22-06-2025,Facebook,UK,Technology,19,Male,Poor performance and bad customer support,612,48,22,682,1,Negative,
655,08-04-2025,Facebook,Australia,Product,48,Male,Amazing quality and fast delivery,885,158,31,1074,4,Positive,
656,20-05-2025,Instagram,UK,Product,30,Female,"The product is okay, nothing special about it",602,83,85,770,3,Neutral,
657,21-03-2026,Instagram,USA,Education,22,Male,I recently bought this and it exceeded my expectations,158,299,38,495,5,Positive,
658,10-11-2025,Instagram,Australia,Sports,48,Female,It is acceptable for the price,694,227,138,1059,3,Neutral,
659,25-06-2025,Twitter,USA,Politics,59,Female,"Not too good, not too bad",485,12,15,512,3,Neutral,
660,05-07-2025,Facebook,UK,Politics,51,Male,"Absolutely loved the experience, highly recommended",385,279,50,714,4,Positive,
661,05-08-2025,Facebook,Canada,Politics,23,Male,This is one of the best services I have ever used,573,221,68,862,5,Positive,
662,03-10-2025,Instagram,USA,Entertainment,29,Female,"Absolutely loved the experience, highly recommended",311,259,108,678,5,Positive,
663,25-09-2025,Facebook,USA,Technology,55,Male,"The product is okay, nothing special about it",574,60,20,654,3,Neutral,
664,07-05-2025,Facebook,Canada,Sports,54,Female,I recently bought this and it exceeded my expectations,347,292,83,722,4,Positive,
665,21-10-2025,Twitter,UK,Education,19,Female,"The product is okay, nothing special about it",92,180,57,329,3,Neutral,
666,11-02-2026,Facebook,Australia,Education,26,Female,"Average experience, could be improved",750,181,162,1093,3,Neutral,
667,20-08-2025,Facebook,Canada,Health,57,Female,This is one of the best services I have ever used,894,284,10,1188,4,Positive,
668,27-05-2025,Facebook,India,Technology,31,Female,Had a terrible experience using this service,155,135,163,453,2,Negative,
669,26-03-2026,Instagram,India,Technology,20,Male,The product did not meet my expectations,905,135,102,1142,1,Negative,
670,28-08-2025,Facebook,USA,Technology,23,Female,This is one of the best services I have ever used,272,177,89,538,4,Positive,
671,20-11-2025,Twitter,USA,Health,47,Female,"Not too good, not too bad",394,295,115,804,3,Neutral,
672,11-02-2026,Facebook,Australia,Product,39,Female,Amazing quality and fast delivery,802,28,137,967,5,Positive,
673,01-02-2026,Facebook,India,Sports,18,Female,Very disappointed with the product quality,537,140,117,794,2,Negative,
674,27-08-2025,Twitter,India,Education,20,Female,This is one of the best services I have ever used,683,295,138,1116,4,Positive,
675,08-05-2025,Instagram,UK,Product,58,Female,It is acceptable for the price,100,280,123,503,3,Neutral,
676,03-02-2026,Instagram,Australia,Technology,32,Female,I recently bought this and it exceeded my expectations,600,195,152,947,5,Positive,
677,01-04-2025,Instagram,Canada,Education,20,Female,Very disappointed with the product quality,621,147,37,805,2,Negative,
678,18-08-2025,Twitter,USA,Sports,52,Female,Very disappointed with the product quality,123,67,97,287,2,Negative,
679,14-03-2026,Instagram,USA,Health,30,Female,"Absolutely loved the experience, highly recommended",307,55,100,462,5,Positive,
680,23-10-2025,Twitter,Canada,Entertainment,53,Female,It works fine but has some minor issues,288,25,82,395,3,Neutral,
681,30-07-2025,Facebook,India,Product,53,Female,Amazing quality and fast delivery,693,211,167,1071,4,Positive,
682,30-05-2025,Twitter,India,Technology,45,Female,This is one of the best services I have ever used,537,50,199,786,5,Positive,
683,24-08-2025,Twitter,USA,Sports,47,Male,Amazing quality and fast delivery,343,22,68,433,5,Positive,
684,14-02-2026,Facebook,Australia,Technology,39,Male,Amazing quality and fast delivery,132,42,69,243,4,Positive,
685,07-05-2025,Facebook,UK,Product,26,Female,"Waste of money, not recommended",493,250,84,827,2,Negative,
686,05-03-2026,Instagram,USA,Politics,45,Female,"Absolutely loved the experience, highly recommended",731,148,156,1035,4,Positive,
687,04-02-2026,Instagram,Australia,Politics,24,Male,Poor performance and bad customer support,976,213,160,1349,2,Negative,
688,04-05-2025,Instagram,Australia,Technology,21,Male,The product did not meet my expectations,274,92,195,561,1,Negative,
689,04-12-2025,Twitter,Australia,Technology,50,Female,Very disappointed with the product quality,179,72,194,445,2,Negative,
690,04-05-2025,Instagram,Australia,Education,26,Female,It is acceptable for the price,754,228,117,1099,3,Neutral,
691,18-03-2026,Instagram,UK,Product,60,Female,"Average experience, could be improved",528,109,164,801,3,Neutral,
692,14-12-2025,Twitter,India,Technology,58,Female,"The product is okay, nothing special about it",422,78,59,559,3,Neutral,
693,30-01-2026,Facebook,Canada,Technology,33,Male,Poor performance and bad customer support,361,104,167,632,1,Negative,
694,16-10-2025,Facebook,India,Health,57,Female,Had a terrible experience using this service,397,24,115,536,1,Negative,
695,18-09-2025,Twitter,Canada,Health,41,Male,It works fine but has some minor issues,769,131,60,960,3,Neutral,
696,12-07-2025,Instagram,Australia,Sports,37,Male,Very satisfied with the overall performance,916,298,59,1273,5,Positive,
697,15-02-2026,Instagram,Canada,Technology,54,Female,"Absolutely loved the experience, highly recommended",924,247,41,1212,4,Positive,
698,28-11-2025,Facebook,UK,Sports,34,Male,"Not too good, not too bad",50,208,82,340,3,Neutral,
699,10-10-2025,Twitter,USA,Politics,30,Male,This is one of the best services I have ever used,783,255,100,1138,4,Positive,
700,30-06-2025,Instagram,USA,Health,34,Female,Had a terrible experience using this service,434,240,130,804,2,Negative,
701,03-12-2025,Twitter,UK,Health,36,Female,Had a terrible experience using this service,613,155,32,800,1,Negative,
702,27-08-2025,Twitter,India,Health,21,Male,I recently bought this and it exceeded my expectations,990,173,22,1185,5,Positive,
703,13-06-2025,Instagram,Australia,Sports,27,Female,Very disappointed with the product quality,949,23,85,1057,2,Negative,
704,07-02-2026,Facebook,Australia,Sports,24,Male,It works fine but has some minor issues,701,225,114,1040,3,Neutral,
705,07-04-2025,Instagram,Canada,Education,18,Female,Poor performance and bad customer support,391,293,82,766,1,Negative,
706,30-11-2025,Facebook,Canada,Entertainment,58,Female,"Average experience, could be improved",496,243,190,929,3,Neutral,
707,23-07-2025,Facebook,Australia,Education,34,Female,"Absolutely loved the experience, highly recommended",798,254,26,1078,5,Positive,
708,01-03-2026,Twitter,India,Entertainment,22,Male,"Waste of money, not recommended",824,116,95,1035,1,Negative,
709,11-08-2025,Twitter,USA,Technology,49,Female,Very disappointed with the product quality,335,298,46,679,1,Negative,
710,07-08-2025,Facebook,India,Health,51,Male,Very disappointed with the product quality,952,278,53,1283,2,Negative,
711,30-01-2026,Instagram,Australia,Product,55,Male,Very disappointed with the product quality,80,120,182,382,1,Negative,
712,18-04-2025,Instagram,USA,Education,34,Female,Amazing quality and fast delivery,732,44,57,833,5,Positive,
713,12-04-2025,Facebook,India,Entertainment,27,Male,The product did not meet my expectations,782,70,175,1027,2,Negative,
714,17-07-2025,Facebook,Canada,Entertainment,44,Female,Very disappointed with the product quality,434,184,141,759,1,Negative,
715,18-11-2025,Twitter,Australia,Entertainment,34,Female,The product did not meet my expectations,855,246,190,1291,1,Negative,
716,06-07-2025,Facebook,India,Product,22,Female,I recently bought this and it exceeded my expectations,500,268,157,925,5,Positive,
717,12-05-2025,Twitter,USA,Technology,38,Female,It is acceptable for the price,656,236,12,904,3,Neutral,
718,24-08-2025,Facebook,USA,Health,50,Female,"Waste of money, not recommended",494,12,47,553,2,Negative,
719,03-01-2026,Facebook,USA,Health,37,Female,"Average experience, could be improved",861,209,126,1196,3,Neutral,
720,14-01-2026,Instagram,Canada,Politics,41,Male,Very satisfied with the overall performance,844,39,92,975,5,Positive,
721,20-04-2025,Instagram,UK,Product,36,Male,"The product is okay, nothing special about it",573,206,199,978,3,Neutral,
722,19-03-2026,Facebook,Canada,Product,46,Male,"Absolutely loved the experience, highly recommended",894,34,72,1000,4,Positive,
723,23-09-2025,Facebook,India,Sports,50,Female,"Not too good, not too bad",431,84,63,578,3,Neutral,
724,09-05-2025,Instagram,Canada,Education,39,Female,"Absolutely loved the experience, highly recommended",227,147,156,530,4,Positive,
725,15-04-2025,Twitter,USA,Technology,55,Male,Had a terrible experience using this service,843,266,33,1142,1,Negative,
726,03-10-2025,Twitter,UK,Politics,25,Female,It is acceptable for the price,434,89,84,607,3,Neutral,
727,21-05-2025,Instagram,UK,Technology,39,Female,I recently bought this and it exceeded my expectations,628,140,199,967,5,Positive,
728,26-01-2026,Facebook,Australia,Health,56,Female,"The product is okay, nothing special about it",723,281,168,1172,3,Neutral,
729,28-06-2025,Instagram,Canada,Product,55,Male,This is one of the best services I have ever used,871,280,120,1271,4,Positive,
730,13-03-2026,Instagram,UK,Sports,59,Female,Poor performance and bad customer support,587,117,159,863,1,Negative,
731,13-06-2025,Facebook,UK,Sports,31,Female,I recently bought this and it exceeded my expectations,832,125,20,977,4,Positive,
732,20-06-2025,Instagram,India,Product,20,Female,Amazing quality and fast delivery,402,268,155,825,4,Positive,
733,17-01-2026,Facebook,India,Education,57,Female,Poor performance and bad customer support,933,258,54,1245,1,Negative,
734,10-06-2025,Instagram,USA,Politics,47,Male,It works fine but has some minor issues,597,234,20,851,3,Neutral,
735,25-06-2025,Facebook,India,Sports,58,Female,It works fine but has some minor issues,461,246,28,735,3,Neutral,
736,14-09-2025,Twitter,India,Technology,23,Male,Poor performance and bad customer support,351,21,150,522,2,Negative,
737,13-07-2025,Instagram,USA,Technology,60,Female,"Average experience, could be improved",289,129,133,551,3,Neutral,
738,25-05-2025,Instagram,USA,Health,57,Male,Amazing quality and fast delivery,308,19,23,350,5,Positive,
739,22-10-2025,Facebook,UK,Entertainment,36,Male,The product did not meet my expectations,427,201,159,787,1,Negative,
740,19-06-2025,Instagram,UK,Product,46,Female,Had a terrible experience using this service,914,16,156,1086,2,Negative,
741,29-05-2025,Facebook,Canada,Entertainment,27,Male,Very disappointed with the product quality,272,214,163,649,1,Negative,
742,15-05-2025,Instagram,Australia,Sports,31,Male,It works fine but has some minor issues,222,185,38,445,3,Neutral,
743,26-11-2025,Instagram,Canada,Education,59,Male,Had a terrible experience using this service,406,74,11,491,1,Negative,
744,28-03-2026,Facebook,USA,Education,49,Female,"Not too good, not too bad",102,271,71,444,3,Neutral,
745,07-10-2025,Twitter,Australia,Sports,36,Male,Amazing quality and fast delivery,149,206,127,482,4,Positive,
746,25-03-2026,Instagram,Canada,Product,21,Male,"Waste of money, not recommended",75,88,34,197,2,Negative,
747,27-09-2025,Twitter,USA,Politics,24,Female,"Average experience, could be improved",356,88,150,594,3,Neutral,
748,13-11-2025,Instagram,Australia,Health,31,Female,Poor performance and bad customer support,707,232,109,1048,2,Negative,
749,17-11-2025,Facebook,Australia,Product,26,Male,It works fine but has some minor issues,78,113,125,316,3,Neutral,
750,23-09-2025,Twitter,India,Sports,42,Female,"Not too good, not too bad",308,27,55,390,3,Neutral,
751,29-04-2025,Twitter,Canada,Entertainment,43,Female,I recently bought this and it exceeded my expectations,968,186,90,1244,5,Positive,
752,19-02-2026,Facebook,UK,Product,43,Female,It is acceptable for the price,183,242,19,444,3,Neutral,
753,29-10-2025,Instagram,Australia,Entertainment,23,Male,The product did not meet my expectations,484,134,19,637,1,Negative,
754,27-01-2026,Facebook,India,Technology,53,Female,The product did not meet my expectations,185,229,34,448,1,Negative,
755,11-11-2025,Instagram,USA,Product,37,Male,"Not too good, not too bad",949,241,39,1229,3,Neutral,
756,12-05-2025,Facebook,USA,Politics,38,Female,It works fine but has some minor issues,843,92,29,964,3,Neutral,
757,03-01-2026,Facebook,Canada,Entertainment,19,Female,It works fine but has some minor issues,126,136,20,282,3,Neutral,
758,03-01-2026,Twitter,UK,Politics,32,Female,Had a terrible experience using this service,451,47,94,592,2,Negative,
759,15-07-2025,Facebook,Australia,Health,45,Female,It is acceptable for the price,270,59,131,460,3,Neutral,
760,10-08-2025,Instagram,Canada,Entertainment,27,Female,"Not too good, not too bad",911,168,90,1169,3,Neutral,
761,17-05-2025,Twitter,USA,Education,23,Male,It works fine but has some minor issues,445,152,137,734,3,Neutral,
762,04-03-2026,Facebook,Australia,Sports,53,Male,Amazing quality and fast delivery,924,144,165,1233,4,Positive,
763,02-10-2025,Twitter,Australia,Health,29,Male,"Waste of money, not recommended",794,117,126,1037,1,Negative,
764,29-04-2025,Facebook,Canada,Entertainment,55,Male,This is one of the best services I have ever used,775,259,45,1079,5,Positive,
765,12-07-2025,Instagram,India,Education,50,Male,Poor performance and bad customer support,500,160,198,858,1,Negative,
766,05-02-2026,Instagram,USA,Technology,41,Female,I recently bought this and it exceeded my expectations,450,155,25,630,4,Positive,
767,23-06-2025,Twitter,Canada,Politics,35,Female,"Absolutely loved the experience, highly recommended",58,89,185,332,5,Positive,
768,19-10-2025,Twitter,Australia,Education,45,Female,"Average experience, could be improved",933,253,47,1233,3,Neutral,
769,30-11-2025,Twitter,Canada,Health,36,Female,Poor performance and bad customer support,357,40,105,502,1,Negative,
770,07-07-2025,Facebook,Canada,Education,27,Male,Poor performance and bad customer support,104,187,93,384,1,Negative,
771,22-08-2025,Instagram,India,Politics,18,Female,The product did not meet my expectations,176,34,198,408,1,Negative,
772,11-02-2026,Twitter,Australia,Education,49,Female,"The product is okay, nothing special about it",590,193,34,817,3,Neutral,
773,26-09-2025,Facebook,UK,Entertainment,44,Female,I recently bought this and it exceeded my expectations,442,227,198,867,4,Positive,
774,14-11-2025,Facebook,Australia,Technology,57,Female,"The product is okay, nothing special about it",155,30,66,251,3,Neutral,
775,15-06-2025,Instagram,USA,Education,48,Male,"Absolutely loved the experience, highly recommended",819,55,10,884,4,Positive,
776,12-08-2025,Instagram,India,Technology,18,Female,It is acceptable for the price,53,207,56,316,3,Neutral,
777,28-10-2025,Twitter,India,Education,28,Male,"The product is okay, nothing special about it",176,21,42,239,3,Neutral,
778,09-08-2025,Twitter,USA,Entertainment,54,Female,Amazing quality and fast delivery,138,86,184,408,5,Positive,
779,25-09-2025,Facebook,Canada,Sports,32,Male,I recently bought this and it exceeded my expectations,294,44,33,371,4,Positive,
780,16-08-2025,Facebook,Australia,Entertainment,35,Female,Had a terrible experience using this service,470,55,30,555,2,Negative,
781,24-01-2026,Instagram,Australia,Sports,36,Male,It is acceptable for the price,457,98,184,739,3,Neutral,
782,26-11-2025,Twitter,UK,Product,49,Male,Amazing quality and fast delivery,625,211,121,957,5,Positive,
783,10-12-2025,Twitter,UK,Product,45,Male,Very disappointed with the product quality,232,242,75,549,2,Negative,
784,24-05-2025,Instagram,Australia,Product,36,Female,Amazing quality and fast delivery,180,220,104,504,5,Positive,
785,15-12-2025,Facebook,UK,Education,39,Male,Very disappointed with the product quality,589,293,172,1054,2,Negative,
786,05-04-2025,Facebook,USA,Entertainment,40,Male,I recently bought this and it exceeded my expectations,472,219,106,797,5,Positive,
787,12-04-2025,Facebook,UK,Product,19,Male,It works fine but has some minor issues,653,190,125,968,3,Neutral,
788,10-07-2025,Twitter,Australia,Product,30,Male,"Average experience, could be improved",137,51,121,309,3,Neutral,
789,01-07-2025,Instagram,India,Entertainment,27,Female,This is one of the best services I have ever used,593,222,156,971,5,Positive,
790,13-03-2026,Twitter,India,Entertainment,52,Female,"Not too good, not too bad",206,71,76,353,3,Neutral,
791,22-04-2025,Instagram,UK,Politics,30,Female,It is acceptable for the price,988,113,122,1223,3,Neutral,
792,11-03-2026,Instagram,Australia,Technology,18,Male,"Average experience, could be improved",638,162,37,837,3,Neutral,
793,04-09-2025,Instagram,UK,Entertainment,57,Female,"The product is okay, nothing special about it",655,80,146,881,3,Neutral,
794,30-03-2025,Facebook,India,Sports,60,Male,"Average experience, could be improved",225,17,91,333,3,Neutral,
795,08-06-2025,Instagram,UK,Technology,51,Male,"Waste of money, not recommended",837,226,110,1173,2,Negative,
796,09-11-2025,Facebook,USA,Sports,48,Female,Amazing quality and fast delivery,821,79,36,936,4,Positive,
797,23-12-2025,Instagram,UK,Health,59,Female,I recently bought this and it exceeded my expectations,258,65,84,407,5,Positive,
798,11-04-2025,Twitter,Australia,Politics,32,Male,Very disappointed with the product quality,1000,93,69,1162,1,Negative,
799,27-01-2026,Twitter,Canada,Politics,24,Female,This is one of the best services I have ever used,596,265,151,1012,4,Positive,
800,11-07-2025,Twitter,USA,Entertainment,52,Female,Amazing quality and fast delivery,564,68,65,697,4,Positive,
801,29-01-2026,Facebook,Australia,Technology,21,Female,Very satisfied with the overall performance,194,221,89,504,4,Positive,
802,24-04-2025,Twitter,Canada,Entertainment,36,Female,It works fine but has some minor issues,885,118,163,1166,3,Neutral,
803,17-05-2025,Instagram,USA,Technology,31,Female,"Waste of money, not recommended",393,59,100,552,2,Negative,
804,04-03-2026,Facebook,Canada,Politics,25,Female,The product did not meet my expectations,290,25,161,476,2,Negative,
805,11-03-2026,Twitter,India,Technology,44,Female,"Not too good, not too bad",567,128,42,737,3,Neutral,
806,23-06-2025,Facebook,Canada,Health,55,Male,It works fine but has some minor issues,683,93,115,891,3,Neutral,
807,19-10-2025,Twitter,Canada,Technology,36,Male,The product did not meet my expectations,588,279,135,1002,1,Negative,
808,02-12-2025,Facebook,UK,Sports,49,Male,This is one of the best services I have ever used,742,13,49,804,4,Positive,
809,11-04-2025,Twitter,Australia,Health,21,Female,Poor performance and bad customer support,466,233,19,718,1,Negative,
810,19-10-2025,Twitter,Australia,Health,19,Female,This is one of the best services I have ever used,931,58,167,1156,4,Positive,
811,12-05-2025,Facebook,Australia,Product,58,Female,It works fine but has some minor issues,658,245,24,927,3,Neutral,
812,14-05-2025,Facebook,India,Technology,19,Male,"The product is okay, nothing special about it",299,195,138,632,3,Neutral,
813,01-12-2025,Instagram,UK,Product,41,Male,"The product is okay, nothing special about it",458,78,51,587,3,Neutral,
814,25-10-2025,Twitter,India,Entertainment,59,Female,Poor performance and bad customer support,375,85,180,640,1,Negative,
815,07-01-2026,Twitter,India,Politics,50,Female,"Absolutely loved the experience, highly recommended",646,93,145,884,4,Positive,
816,01-01-2026,Instagram,India,Education,52,Female,Had a terrible experience using this service,890,240,10,1140,1,Negative,
817,27-12-2025,Twitter,India,Product,59,Male,Very satisfied with the overall performance,525,166,134,825,5,Positive,
818,08-06-2025,Instagram,Australia,Health,41,Male,"The product is okay, nothing special about it",186,149,54,389,3,Neutral,
819,01-07-2025,Facebook,USA,Education,40,Male,Had a terrible experience using this service,818,204,110,1132,2,Negative,
820,23-08-2025,Facebook,Canada,Health,44,Male,Very satisfied with the overall performance,338,128,196,662,5,Positive,
821,27-06-2025,Twitter,UK,Sports,19,Female,"Not too good, not too bad",911,132,64,1107,3,Neutral,
822,24-01-2026,Facebook,India,Education,42,Male,Amazing quality and fast delivery,559,182,93,834,4,Positive,
823,13-12-2025,Twitter,UK,Product,49,Female,Poor performance and bad customer support,145,49,88,282,2,Negative,
824,16-05-2025,Instagram,USA,Product,24,Male,"Waste of money, not recommended",294,117,57,468,2,Negative,
825,04-08-2025,Instagram,Australia,Health,58,Male,This is one of the best services I have ever used,396,42,160,598,4,Positive,
826,02-01-2026,Twitter,USA,Politics,25,Male,Amazing quality and fast delivery,719,298,185,1202,5,Positive,
827,14-03-2026,Twitter,India,Politics,30,Male,"Average experience, could be improved",578,83,49,710,3,Neutral,
828,24-12-2025,Twitter,USA,Education,47,Female,Very satisfied with the overall performance,501,111,80,692,5,Positive,
829,19-11-2025,Instagram,Australia,Education,37,Female,Very satisfied with the overall performance,469,33,175,677,4,Positive,
830,01-04-2025,Facebook,India,Entertainment,60,Male,Very satisfied with the overall performance,775,199,54,1028,4,Positive,
831,25-10-2025,Instagram,Australia,Education,43,Female,Poor performance and bad customer support,450,138,90,678,1,Negative,
832,04-09-2025,Instagram,USA,Education,44,Female,It is acceptable for the price,292,58,195,545,3,Neutral,
833,13-04-2025,Instagram,Australia,Education,26,Female,"Absolutely loved the experience, highly recommended",307,75,46,428,5,Positive,
834,19-03-2026,Instagram,Canada,Politics,60,Male,Very disappointed with the product quality,137,59,159,355,1,Negative,
835,06-11-2025,Facebook,Canada,Entertainment,36,Female,Poor performance and bad customer support,676,244,171,1091,2,Negative,
836,15-04-2025,Instagram,Canada,Technology,49,Female,Poor performance and bad customer support,520,29,42,591,1,Negative,
837,09-01-2026,Facebook,USA,Product,34,Female,"Waste of money, not recommended",171,269,178,618,2,Negative,
838,29-11-2025,Instagram,India,Entertainment,52,Female,Very satisfied with the overall performance,356,274,182,812,4,Positive,
839,10-01-2026,Facebook,India,Technology,50,Male,"Waste of money, not recommended",987,150,186,1323,1,Negative,
840,15-07-2025,Instagram,USA,Sports,41,Female,It works fine but has some minor issues,872,94,41,1007,3,Neutral,
841,07-07-2025,Facebook,India,Sports,56,Female,"Average experience, could be improved",765,153,165,1083,3,Neutral,
842,06-06-2025,Twitter,UK,Entertainment,22,Male,I recently bought this and it exceeded my expectations,400,177,65,642,4,Positive,
843,08-01-2026,Facebook,India,Politics,38,Male,"The product is okay, nothing special about it",879,240,36,1155,3,Neutral,
844,11-10-2025,Twitter,UK,Politics,50,Female,I recently bought this and it exceeded my expectations,198,100,152,450,4,Positive,
845,18-03-2026,Instagram,USA,Product,24,Female,The product did not meet my expectations,340,251,167,758,2,Negative,
846,14-12-2025,Twitter,UK,Politics,52,Male,"Not too good, not too bad",610,290,155,1055,3,Neutral,
847,03-07-2025,Twitter,USA,Product,59,Male,"Not too good, not too bad",989,239,29,1257,3,Neutral,
848,21-04-2025,Instagram,Canada,Technology,60,Male,"The product is okay, nothing special about it",495,131,26,652,3,Neutral,
849,19-11-2025,Twitter,Canada,Health,25,Female,"Not too good, not too bad",483,111,148,742,3,Neutral,
850,08-09-2025,Facebook,Canada,Entertainment,29,Female,I recently bought this and it exceeded my expectations,519,52,108,679,5,Positive,
851,18-11-2025,Twitter,Australia,Politics,33,Female,"The product is okay, nothing special about it",972,233,142,1347,3,Neutral,
852,14-04-2025,Instagram,India,Product,53,Male,Had a terrible experience using this service,562,272,20,854,1,Negative,
853,03-07-2025,Facebook,Australia,Politics,29,Male,The product did not meet my expectations,759,18,14,791,1,Negative,
854,08-02-2026,Twitter,Australia,Product,20,Female,The product did not meet my expectations,162,22,115,299,1,Negative,
855,01-06-2025,Instagram,USA,Product,53,Female,Very disappointed with the product quality,939,104,145,1188,1,Negative,
856,18-09-2025,Facebook,Australia,Sports,36,Male,"Waste of money, not recommended",320,12,81,413,1,Negative,
857,08-09-2025,Twitter,UK,Education,30,Male,I recently bought this and it exceeded my expectations,698,144,181,1023,4,Positive,
858,10-03-2026,Twitter,USA,Entertainment,41,Male,Amazing quality and fast delivery,393,293,199,885,5,Positive,
859,18-02-2026,Twitter,India,Education,45,Male,"The product is okay, nothing special about it",943,218,125,1286,3,Neutral,
860,25-01-2026,Facebook,India,Entertainment,44,Male,This is one of the best services I have ever used,449,77,98,624,5,Positive,
861,27-07-2025,Twitter,Canada,Health,55,Female,Very disappointed with the product quality,110,103,9,222,1,Negative,
862,02-02-2026,Facebook,India,Politics,36,Male,"Waste of money, not recommended",227,128,175,530,1,Negative,
863,18-11-2025,Twitter,USA,Entertainment,24,Male,"The product is okay, nothing special about it",658,14,136,808,3,Neutral,
864,13-09-2025,Twitter,Australia,Education,51,Male,"Not too good, not too bad",333,155,144,632,3,Neutral,
865,10-11-2025,Facebook,India,Product,40,Female,It is acceptable for the price,231,184,104,519,3,Neutral,
866,15-03-2026,Facebook,USA,Health,28,Male,Amazing quality and fast delivery,100,240,58,398,5,Positive,
867,22-07-2025,Facebook,USA,Sports,54,Female,"Not too good, not too bad",608,237,158,1003,3,Neutral,
868,02-11-2025,Twitter,UK,Education,41,Male,The product did not meet my expectations,837,68,70,975,1,Negative,
869,23-04-2025,Twitter,Australia,Product,58,Male,This is one of the best services I have ever used,316,150,47,513,4,Positive,
870,25-04-2025,Instagram,Canada,Entertainment,52,Male,The product did not meet my expectations,250,151,44,445,1,Negative,
871,14-10-2025,Instagram,USA,Technology,25,Male,Amazing quality and fast delivery,179,248,98,525,5,Positive,
872,17-07-2025,Facebook,Australia,Politics,22,Female,This is one of the best services I have ever used,842,223,88,1153,5,Positive,
873,06-12-2025,Instagram,UK,Politics,48,Male,"Not too good, not too bad",487,187,186,860,3,Neutral,
874,13-10-2025,Twitter,UK,Technology,22,Male,"Waste of money, not recommended",419,292,108,819,2,Negative,
875,28-10-2025,Facebook,USA,Sports,25,Female,It works fine but has some minor issues,863,279,131,1273,3,Neutral,
876,18-07-2025,Instagram,UK,Technology,28,Male,"Average experience, could be improved",827,260,7,1094,3,Neutral,
877,28-10-2025,Facebook,UK,Entertainment,43,Male,I recently bought this and it exceeded my expectations,369,203,117,689,4,Positive,
878,02-12-2025,Twitter,USA,Entertainment,30,Female,Poor performance and bad customer support,895,59,107,1061,1,Negative,
879,10-09-2025,Instagram,UK,Sports,51,Male,It works fine but has some minor issues,951,69,87,1107,3,Neutral,
880,11-05-2025,Twitter,USA,Technology,53,Male,Very disappointed with the product quality,305,29,13,347,2,Negative,
881,14-11-2025,Facebook,India,Health,58,Female,"Waste of money, not recommended",644,23,87,754,2,Negative,
882,04-07-2025,Facebook,India,Technology,59,Male,It is acceptable for the price,354,47,163,564,3,Neutral,
883,21-08-2025,Facebook,India,Product,22,Male,Very disappointed with the product quality,147,54,61,262,2,Negative,
884,23-01-2026,Instagram,India,Sports,53,Female,The product did not meet my expectations,62,137,71,270,2,Negative,
885,09-01-2026,Facebook,Canada,Product,39,Male,"The product is okay, nothing special about it",512,196,14,722,3,Neutral,
886,16-01-2026,Facebook,Australia,Education,35,Male,Had a terrible experience using this service,895,226,42,1163,1,Negative,
887,14-08-2025,Facebook,Canada,Politics,28,Female,"Waste of money, not recommended",203,229,79,511,2,Negative,
888,28-10-2025,Facebook,USA,Education,24,Male,"Average experience, could be improved",549,111,185,845,3,Neutral,
889,19-12-2025,Instagram,India,Education,27,Male,Poor performance and bad customer support,104,292,91,487,2,Negative,
890,28-12-2025,Twitter,Canada,Entertainment,35,Male,"Waste of money, not recommended",569,128,38,735,1,Negative,
891,17-02-2026,Instagram,UK,Education,27,Female,"The product is okay, nothing special about it",840,78,113,1031,3,Neutral,
892,16-02-2026,Instagram,USA,Product,34,Male,"Not too good, not too bad",164,210,48,422,3,Neutral,
893,04-11-2025,Instagram,Canada,Entertainment,59,Male,Had a terrible experience using this service,680,250,108,1038,2,Negative,
894,03-04-2025,Instagram,USA,Technology,24,Male,"Average experience, could be improved",891,39,94,1024,3,Neutral,
895,19-02-2026,Facebook,USA,Entertainment,44,Female,It works fine but has some minor issues,651,38,166,855,3,Neutral,
896,23-06-2025,Instagram,Australia,Entertainment,49,Male,Very disappointed with the product quality,924,23,199,1146,2,Negative,
897,16-03-2026,Facebook,Australia,Entertainment,27,Male,Poor performance and bad customer support,997,177,160,1334,1,Negative,
898,16-01-2026,Instagram,Canada,Politics,59,Male,"The product is okay, nothing special about it",863,294,153,1310,3,Neutral,
899,22-08-2025,Facebook,USA,Product,42,Female,Poor performance and bad customer support,212,294,97,603,1,Negative,
900,18-05-2025,Twitter,Canada,Sports,48,Male,"The product is okay, nothing special about it",241,299,69,609,3,Neutral,
901,28-12-2025,Instagram,UK,Technology,46,Male,"Waste of money, not recommended",788,279,41,1108,2,Negative,
902,28-06-2025,Facebook,Canada,Health,44,Male,The product did not meet my expectations,923,226,67,1216,1,Negative,
903,01-08-2025,Instagram,UK,Entertainment,57,Female,The product did not meet my expectations,589,178,182,949,2,Negative,
904,14-08-2025,Facebook,USA,Product,30,Female,"Waste of money, not recommended",287,138,166,591,1,Negative,
905,24-05-2025,Facebook,India,Sports,39,Male,This is one of the best services I have ever used,61,135,166,362,4,Positive,
906,09-09-2025,Facebook,UK,Product,29,Male,"Average experience, could be improved",922,175,160,1257,3,Neutral,
907,22-01-2026,Twitter,USA,Politics,34,Male,"Average experience, could be improved",468,123,156,747,3,Neutral,
908,01-09-2025,Instagram,Australia,Politics,32,Female,"Average experience, could be improved",976,35,54,1065,3,Neutral,
909,12-05-2025,Instagram,Australia,Education,24,Female,The product did not meet my expectations,442,155,143,740,2,Negative,
910,17-01-2026,Instagram,India,Health,26,Male,"The product is okay, nothing special about it",441,129,53,623,3,Neutral,
911,21-02-2026,Facebook,Australia,Sports,36,Female,Very disappointed with the product quality,985,288,171,1444,2,Negative,
912,04-07-2025,Facebook,Canada,Entertainment,45,Female,"Average experience, could be improved",782,30,92,904,3,Neutral,
913,05-10-2025,Instagram,USA,Entertainment,29,Female,Had a terrible experience using this service,545,244,114,903,2,Negative,
914,09-10-2025,Facebook,India,Technology,52,Male,"The product is okay, nothing special about it",373,104,173,650,3,Neutral,
915,12-06-2025,Facebook,UK,Entertainment,36,Female,"Absolutely loved the experience, highly recommended",893,131,76,1100,4,Positive,
916,25-10-2025,Facebook,India,Sports,42,Male,It works fine but has some minor issues,420,242,93,755,3,Neutral,
917,12-06-2025,Facebook,Canada,Product,44,Female,"Absolutely loved the experience, highly recommended",414,229,95,738,4,Positive,
918,11-06-2025,Instagram,UK,Education,58,Male,Had a terrible experience using this service,268,251,126,645,2,Negative,
919,22-07-2025,Facebook,UK,Product,31,Female,"Absolutely loved the experience, highly recommended",532,121,107,760,5,Positive,
920,23-12-2025,Instagram,Canada,Entertainment,36,Male,Very satisfied with the overall performance,206,218,26,450,4,Positive,
921,21-01-2026,Twitter,USA,Product,50,Female,It works fine but has some minor issues,719,34,128,881,3,Neutral,
922,03-09-2025,Facebook,Canada,Entertainment,57,Male,It is acceptable for the price,84,150,150,384,3,Neutral,
923,30-09-2025,Instagram,Canada,Politics,51,Female,"Average experience, could be improved",139,244,121,504,3,Neutral,
924,05-09-2025,Facebook,Australia,Health,52,Male,"Not too good, not too bad",516,131,14,661,3,Neutral,
925,26-08-2025,Twitter,UK,Education,54,Male,"Waste of money, not recommended",895,72,162,1129,1,Negative,
926,13-07-2025,Instagram,UK,Education,40,Male,It works fine but has some minor issues,570,39,80,689,3,Neutral,
927,23-01-2026,Instagram,Canada,Product,28,Male,Had a terrible experience using this service,528,187,103,818,2,Negative,
928,17-01-2026,Instagram,India,Entertainment,59,Male,Very satisfied with the overall performance,854,53,59,966,4,Positive,
929,15-11-2025,Facebook,UK,Politics,25,Female,Very disappointed with the product quality,710,273,107,1090,1,Negative,
930,24-07-2025,Facebook,Australia,Sports,39,Male,Had a terrible experience using this service,630,214,152,996,1,Negative,
931,04-01-2026,Twitter,USA,Entertainment,47,Female,"Waste of money, not recommended",245,116,110,471,1,Negative,
932,09-08-2025,Instagram,UK,Product,56,Female,Very satisfied with the overall performance,677,182,135,994,4,Positive,
933,21-10-2025,Instagram,Canada,Product,45,Female,"Average experience, could be improved",480,18,63,561,3,Neutral,
934,05-08-2025,Instagram,USA,Product,28,Male,Had a terrible experience using this service,895,33,60,988,1,Negative,
935,17-06-2025,Instagram,USA,Sports,47,Female,This is one of the best services I have ever used,319,36,175,530,4,Positive,
936,09-03-2026,Instagram,Australia,Product,36,Female,The product did not meet my expectations,204,225,20,449,2,Negative,
937,20-06-2025,Twitter,India,Product,44,Male,Amazing quality and fast delivery,875,63,191,1129,5,Positive,
938,25-08-2025,Twitter,Canada,Product,50,Male,This is one of the best services I have ever used,167,245,22,434,5,Positive,
939,16-04-2025,Instagram,Australia,Health,19,Female,Amazing quality and fast delivery,964,149,65,1178,4,Positive,
940,11-01-2026,Facebook,Australia,Sports,47,Female,It is acceptable for the price,914,15,177,1106,3,Neutral,
941,29-06-2025,Twitter,Canada,Sports,50,Male,Amazing quality and fast delivery,132,285,132,549,4,Positive,
942,27-03-2026,Twitter,India,Sports,57,Male,Had a terrible experience using this service,557,35,33,625,2,Negative,
943,18-07-2025,Instagram,Canada,Technology,49,Female,I recently bought this and it exceeded my expectations,106,67,143,316,5,Positive,
944,12-02-2026,Instagram,India,Sports,34,Female,Very satisfied with the overall performance,610,283,124,1017,4,Positive,
945,06-07-2025,Instagram,USA,Education,20,Male,Poor performance and bad customer support,824,198,151,1173,1,Negative,
946,10-10-2025,Twitter,India,Politics,25,Female,It works fine but has some minor issues,84,129,37,250,3,Neutral,
947,21-07-2025,Twitter,Australia,Sports,32,Male,Very satisfied with the overall performance,115,298,49,462,5,Positive,
948,03-03-2026,Instagram,USA,Politics,59,Male,It is acceptable for the price,759,87,19,865,3,Neutral,
949,15-06-2025,Twitter,Canada,Product,58,Female,"Absolutely loved the experience, highly recommended",702,126,36,864,5,Positive,
950,16-06-2025,Facebook,USA,Technology,27,Female,It works fine but has some minor issues,801,142,170,1113,3,Neutral,
951,19-01-2026,Facebook,Australia,Technology,49,Male,Very disappointed with the product quality,349,33,52,434,1,Negative,
952,01-10-2025,Twitter,Canada,Entertainment,42,Male,It is acceptable for the price,714,175,113,1002,3,Neutral,
953,26-03-2026,Instagram,UK,Health,59,Male,"Not too good, not too bad",915,176,120,1211,3,Neutral,
954,14-09-2025,Facebook,Australia,Health,48,Male,"Absolutely loved the experience, highly recommended",668,62,73,803,4,Positive,
955,24-06-2025,Twitter,USA,Health,20,Female,Poor performance and bad customer support,92,78,169,339,2,Negative,
956,03-08-2025,Instagram,UK,Product,60,Male,"Absolutely loved the experience, highly recommended",974,29,93,1096,4,Positive,
957,22-08-2025,Instagram,Canada,Product,55,Male,Amazing quality and fast delivery,660,108,98,866,5,Positive,
958,13-07-2025,Facebook,UK,Product,19,Female,"The product is okay, nothing special about it",316,143,168,627,3,Neutral,
959,29-03-2025,Instagram,India,Entertainment,53,Female,This is one of the best services I have ever used,669,87,142,898,4,Positive,
960,12-11-2025,Facebook,USA,Politics,27,Female,"The product is okay, nothing special about it",500,151,195,846,3,Neutral,
961,06-04-2025,Twitter,Australia,Health,47,Female,"Not too good, not too bad",959,271,188,1418,3,Neutral,
962,27-11-2025,Instagram,Australia,Health,48,Male,Poor performance and bad customer support,349,287,58,694,1,Negative,
963,19-10-2025,Twitter,UK,Product,60,Female,Had a terrible experience using this service,128,274,113,515,2,Negative,
964,13-04-2025,Twitter,UK,Product,50,Male,"Absolutely loved the experience, highly recommended",879,188,200,1267,4,Positive,
965,20-04-2025,Instagram,India,Technology,27,Male,"Not too good, not too bad",421,272,50,743,3,Neutral,
966,04-10-2025,Facebook,USA,Education,53,Female,I recently bought this and it exceeded my expectations,976,160,76,1212,4,Positive,
967,14-01-2026,Instagram,India,Education,35,Female,"Absolutely loved the experience, highly recommended",917,126,114,1157,4,Positive,
968,11-05-2025,Twitter,India,Entertainment,41,Male,"Waste of money, not recommended",693,124,83,900,2,Negative,
969,15-03-2026,Facebook,Australia,Technology,46,Male,I recently bought this and it exceeded my expectations,168,10,16,194,4,Positive,
970,31-07-2025,Facebook,UK,Education,44,Female,"Not too good, not too bad",57,284,101,442,3,Neutral,
971,13-06-2025,Facebook,UK,Politics,45,Female,Had a terrible experience using this service,648,226,23,897,2,Negative,
972,25-10-2025,Facebook,India,Entertainment,30,Male,Amazing quality and fast delivery,425,94,49,568,5,Positive,
973,05-08-2025,Facebook,Canada,Sports,56,Female,Very satisfied with the overall performance,688,281,148,1117,4,Positive,
974,28-10-2025,Twitter,Canada,Politics,22,Male,It works fine but has some minor issues,290,290,142,722,3,Neutral,
975,20-09-2025,Facebook,UK,Entertainment,54,Male,"Absolutely loved the experience, highly recommended",754,111,200,1065,4,Positive,
976,16-06-2025,Facebook,UK,Product,52,Female,This is one of the best services I have ever used,621,110,57,788,5,Positive,
977,12-03-2026,Twitter,Canada,Health,55,Male,I recently bought this and it exceeded my expectations,680,105,56,841,4,Positive,
978,13-07-2025,Facebook,India,Sports,56,Male,Poor performance and bad customer support,230,92,22,344,2,Negative,
979,06-10-2025,Twitter,USA,Entertainment,59,Female,Very satisfied with the overall performance,514,98,9,621,4,Positive,
980,05-03-2026,Instagram,USA,Product,44,Female,This is one of the best services I have ever used,346,116,160,622,4,Positive,
981,30-01-2026,Twitter,USA,Health,19,Male,"Not too good, not too bad",669,232,147,1048,3,Neutral,
982,27-03-2026,Instagram,Australia,Sports,39,Male,The product did not meet my expectations,729,119,186,1034,2,Negative,
983,19-12-2025,Facebook,USA,Product,27,Male,Very disappointed with the product quality,127,231,11,369,1,Negative,
984,27-05-2025,Facebook,UK,Politics,49,Male,Very satisfied with the overall performance,985,298,194,1477,5,Positive,
985,20-01-2026,Instagram,USA,Education,40,Female,Poor performance and bad customer support,847,88,164,1099,2,Negative,
986,28-03-2025,Twitter,USA,Health,54,Male,Very satisfied with the overall performance,655,92,128,875,4,Positive,
987,11-12-2025,Facebook,UK,Entertainment,53,Male,This is one of the best services I have ever used,979,121,154,1254,4,Positive,
988,08-10-2025,Facebook,UK,Health,36,Male,The product did not meet my expectations,983,99,35,1117,2,Negative,
989,25-04-2025,Facebook,UK,Health,28,Male,I recently bought this and it exceeded my expectations,814,153,102,1069,4,Positive,
990,30-04-2025,Instagram,USA,Entertainment,59,Male,"Absolutely loved the experience, highly recommended",625,242,152,1019,4,Positive,
991,14-03-2026,Facebook,Canada,Politics,51,Male,Very satisfied with the overall performance,838,212,62,1112,5,Positive,
992,29-07-2025,Twitter,UK,Technology,46,Male,"Not too good, not too bad",240,248,110,598,3,Neutral,
993,17-09-2025,Facebook,UK,Politics,42,Female,It works fine but has some minor issues,909,127,10,1046,3,Neutral,
994,15-09-2025,Facebook,India,Sports,34,Female,Had a terrible experience using this service,943,171,180,1294,2,Negative,
995,23-01-2026,Twitter,India,Education,36,Female,"Average experience, could be improved",538,53,47,638,3,Neutral,
996,09-08-2025,Instagram,USA,Health,60,Female,This is one of the best services I have ever used,404,193,179,776,5,Positive,
997,28-07-2025,Instagram,UK,Sports,30,Female,It works fine but has some minor issues,529,195,100,824,3,Neutral,
998,18-10-2025,Facebook,Australia,Health,59,Male,Poor performance and bad customer support,167,117,140,424,1,Negative,
999,26-12-2025,Instagram,USA,Product,32,Male,"Not too good, not too bad",792,64,47,903,3,Neutral,
1000,11-01-2026,Instagram,Canada,Education,55,Female,"Not too good, not too bad",411,145,153,709,3,Neutral,
1001,30-06-2025,Facebook,Australia,Product,32,Male,"Average experience, could be improved",53,245,47,345,3,Neutral,
1002,24-04-2025,Facebook,Canada,Entertainment,33,Male,Very satisfied with the overall performance,497,253,53,803,4,Positive,
1003,22-09-2025,Facebook,Canada,Health,42,Female,It is acceptable for the price,519,178,191,888,3,Neutral,
1004,13-10-2025,Twitter,Australia,Sports,18,Female,This is one of the best services I have ever used,777,297,86,1160,4,Positive,
1005,26-07-2025,Twitter,India,Product,28,Female,Had a terrible experience using this service,961,122,56,1139,1,Negative,
1006,18-09-2025,Facebook,UK,Health,41,Male,"Waste of money, not recommended",463,76,113,652,2,Negative,
1007,16-06-2025,Twitter,Canada,Product,46,Male,"Average experience, could be improved",999,264,36,1299,3,Neutral,
1008,16-12-2025,Twitter,Canada,Technology,35,Female,"Absolutely loved the experience, highly recommended",709,137,6,852,4,Positive,
1009,15-01-2026,Instagram,Canada,Politics,39,Male,Amazing quality and fast delivery,840,45,96,981,5,Positive,
1010,09-03-2026,Instagram,USA,Entertainment,35,Female,Amazing quality and fast delivery,456,77,60,593,5,Positive,
1011,18-08-2025,Instagram,USA,Politics,46,Male,The product did not meet my expectations,774,161,172,1107,1,Negative,
1012,26-08-2025,Twitter,India,Product,51,Male,"Not too good, not too bad",905,217,61,1183,3,Neutral,
1013,22-04-2025,Instagram,UK,Product,34,Female,Poor performance and bad customer support,384,176,176,736,2,Negative,
1014,08-11-2025,Twitter,Australia,Sports,19,Male,This is one of the best services I have ever used,248,213,76,537,4,Positive,
1015,06-10-2025,Twitter,UK,Education,43,Female,"The product is okay, nothing special about it",277,55,182,514,3,Neutral,
1016,11-10-2025,Instagram,Australia,Education,22,Female,Had a terrible experience using this service,155,280,176,611,2,Negative,
1017,31-08-2025,Facebook,USA,Education,48,Male,Poor performance and bad customer support,76,91,141,308,1,Negative,
1018,01-06-2025,Facebook,Canada,Entertainment,58,Male,Very disappointed with the product quality,902,95,19,1016,2,Negative,
1019,06-10-2025,Facebook,India,Entertainment,29,Male,It works fine but has some minor issues,99,18,63,180,3,Neutral,
1020,07-02-2026,Instagram,UK,Sports,46,Female,"The product is okay, nothing special about it",217,266,40,523,3,Neutral,
1021,13-06-2025,Instagram,India,Politics,60,Male,Very satisfied with the overall performance,717,133,79,929,4,Positive,
1022,29-07-2025,Facebook,Australia,Politics,43,Male,Very disappointed with the product quality,382,291,69,742,1,Negative,
1023,13-09-2025,Twitter,Australia,Education,45,Male,Very satisfied with the overall performance,87,175,106,368,4,Positive,
1024,24-03-2026,Twitter,UK,Education,31,Female,Very disappointed with the product quality,382,17,153,552,1,Negative,
1025,09-09-2025,Twitter,UK,Education,36,Male,Very disappointed with the product quality,416,248,91,755,1,Negative,
1026,23-05-2025,Twitter,Canada,Product,25,Female,"The product is okay, nothing special about it",71,165,183,419,3,Neutral,
1027,22-12-2025,Facebook,UK,Entertainment,34,Female,I recently bought this and it exceeded my expectations,888,41,111,1040,5,Positive,
1028,29-04-2025,Twitter,India,Technology,22,Male,Had a terrible experience using this service,874,166,109,1149,1,Negative,
1029,05-09-2025,Facebook,India,Education,53,Female,Very satisfied with the overall performance,695,223,75,993,5,Positive,
1030,20-07-2025,Instagram,UK,Technology,40,Female,Poor performance and bad customer support,252,83,9,344,1,Negative,
1031,01-02-2026,Twitter,Australia,Politics,20,Female,"Waste of money, not recommended",949,130,141,1220,2,Negative,
1032,12-08-2025,Twitter,USA,Product,55,Female,Very satisfied with the overall performance,702,51,97,850,4,Positive,
1033,22-11-2025,Twitter,UK,Health,35,Male,It works fine but has some minor issues,530,204,117,851,3,Neutral,
1034,20-08-2025,Twitter,Canada,Technology,46,Male,Very disappointed with the product quality,993,13,33,1039,1,Negative,
1035,11-01-2026,Facebook,Australia,Health,60,Male,"Absolutely loved the experience, highly recommended",360,173,8,541,5,Positive,
1036,26-03-2026,Instagram,Canada,Politics,31,Male,"Not too good, not too bad",602,295,18,915,3,Neutral,
1037,28-07-2025,Facebook,UK,Product,55,Male,This is one of the best services I have ever used,438,290,19,747,4,Positive,
1038,20-11-2025,Twitter,Canada,Technology,39,Male,Very satisfied with the overall performance,841,164,141,1146,5,Positive,
1039,31-01-2026,Facebook,Canada,Sports,38,Male,It is acceptable for the price,557,99,180,836,3,Neutral,
1040,10-01-2026,Twitter,USA,Education,59,Male,Very satisfied with the overall performance,748,229,90,1067,4,Positive,
1041,08-11-2025,Instagram,USA,Entertainment,46,Female,"Absolutely loved the experience, highly recommended",140,245,95,480,5,Positive,
1042,12-12-2025,Twitter,USA,Politics,55,Female,It works fine but has some minor issues,490,173,59,722,3,Neutral,
1043,23-07-2025,Facebook,USA,Health,57,Male,I recently bought this and it exceeded my expectations,311,232,122,665,4,Positive,
1044,02-05-2025,Facebook,India,Politics,26,Male,"Average experience, could be improved",184,119,72,375,3,Neutral,
1045,21-12-2025,Facebook,Australia,Technology,38,Male,It works fine but has some minor issues,788,30,89,907,3,Neutral,
1046,31-05-2025,Instagram,USA,Product,52,Female,I recently bought this and it exceeded my expectations,898,154,132,1184,4,Positive,
1047,05-08-2025,Instagram,Canada,Education,46,Male,Very disappointed with the product quality,423,246,60,729,2,Negative,
1048,28-06-2025,Twitter,Australia,Product,58,Male,"Waste of money, not recommended",329,82,189,600,1,Negative,
1049,03-01-2026,Twitter,UK,Health,39,Female,It works fine but has some minor issues,367,259,179,805,3,Neutral,
1050,13-07-2025,Twitter,Australia,Entertainment,46,Female,Very disappointed with the product quality,445,44,95,584,1,Negative,
1051,29-05-2025,Twitter,Australia,Sports,26,Female,Very disappointed with the product quality,337,155,48,540,2,Negative,
1052,05-07-2025,Facebook,India,Education,55,Male,Very satisfied with the overall performance,237,66,37,340,4,Positive,
1053,07-11-2025,Twitter,USA,Politics,56,Male,"Not too good, not too bad",152,294,58,504,3,Neutral,
1054,16-12-2025,Facebook,UK,Sports,45,Male,"Absolutely loved the experience, highly recommended",144,19,58,221,5,Positive,
1055,24-05-2025,Facebook,USA,Health,60,Female,Very satisfied with the overall performance,361,43,90,494,5,Positive,
1056,18-10-2025,Facebook,Australia,Sports,56,Female,"The product is okay, nothing special about it",669,208,178,1055,3,Neutral,
1057,07-01-2026,Facebook,Australia,Politics,24,Female,I recently bought this and it exceeded my expectations,552,290,42,884,4,Positive,
1058,10-08-2025,Twitter,India,Technology,57,Male,"The product is okay, nothing special about it",722,291,46,1059,3,Neutral,
1059,26-03-2026,Facebook,Australia,Technology,53,Female,It works fine but has some minor issues,690,98,125,913,3,Neutral,
1060,06-06-2025,Facebook,Canada,Product,37,Female,Had a terrible experience using this service,390,267,108,765,1,Negative,
1061,10-08-2025,Facebook,Canada,Politics,37,Female,"The product is okay, nothing special about it",891,71,152,1114,3,Neutral,
1062,21-01-2026,Instagram,USA,Sports,54,Male,Amazing quality and fast delivery,139,262,27,428,5,Positive,
1063,08-06-2025,Facebook,UK,Education,37,Female,This is one of the best services I have ever used,910,208,144,1262,5,Positive,
1064,28-04-2025,Facebook,UK,Politics,38,Female,Very disappointed with the product quality,255,125,43,423,2,Negative,
1065,08-08-2025,Instagram,Canada,Technology,30,Male,Had a terrible experience using this service,392,48,142,582,1,Negative,
1066,10-04-2025,Twitter,UK,Education,58,Female,Very satisfied with the overall performance,714,56,152,922,4,Positive,
1067,19-12-2025,Instagram,Canada,Education,40,Female,"Absolutely loved the experience, highly recommended",128,102,128,358,5,Positive,
1068,30-11-2025,Twitter,USA,Sports,32,Male,Very disappointed with the product quality,948,269,31,1248,1,Negative,
1069,22-07-2025,Twitter,USA,Education,54,Male,It works fine but has some minor issues,864,141,193,1198,3,Neutral,
1070,19-08-2025,Instagram,UK,Entertainment,18,Male,Poor performance and bad customer support,464,140,51,655,2,Negative,
1071,01-03-2026,Facebook,Canada,Product,22,Male,The product did not meet my expectations,581,27,34,642,2,Negative,
1072,20-05-2025,Instagram,USA,Entertainment,52,Female,I recently bought this and it exceeded my expectations,634,21,88,743,4,Positive,
1073,14-11-2025,Instagram,UK,Entertainment,56,Male,This is one of the best services I have ever used,244,132,6,382,4,Positive,
1074,20-03-2026,Facebook,India,Product,57,Male,Poor performance and bad customer support,375,193,148,716,2,Negative,
1075,05-08-2025,Twitter,USA,Education,23,Female,The product did not meet my expectations,691,202,98,991,2,Negative,
1076,21-02-2026,Facebook,Canada,Education,52,Male,Very satisfied with the overall performance,806,28,41,875,4,Positive,
1077,29-07-2025,Facebook,Australia,Health,42,Female,Poor performance and bad customer support,748,146,79,973,2,Negative,
1078,17-03-2026,Twitter,USA,Technology,53,Male,It works fine but has some minor issues,616,37,152,805,3,Neutral,
1079,12-12-2025,Twitter,Canada,Technology,55,Female,Poor performance and bad customer support,867,233,152,1252,1,Negative,
1080,11-07-2025,Twitter,USA,Sports,37,Female,It is acceptable for the price,430,216,76,722,3,Neutral,
1081,25-06-2025,Facebook,Canada,Health,28,Male,Poor performance and bad customer support,644,126,77,847,1,Negative,
1082,13-12-2025,Twitter,USA,Health,33,Male,Had a terrible experience using this service,103,192,23,318,2,Negative,
1083,18-01-2026,Twitter,USA,Sports,40,Female,"Not too good, not too bad",688,94,198,980,3,Neutral,
1084,08-09-2025,Facebook,India,Technology,40,Female,Poor performance and bad customer support,348,284,80,712,1,Negative,
1085,18-03-2026,Facebook,Australia,Health,19,Female,"Not too good, not too bad",181,144,53,378,3,Neutral,
1086,13-10-2025,Twitter,Canada,Product,22,Male,Had a terrible experience using this service,854,241,103,1198,1,Negative,
1087,10-01-2026,Twitter,Canada,Product,33,Female,"Waste of money, not recommended",78,85,182,345,2,Negative,
1088,10-06-2025,Facebook,USA,Education,22,Female,I recently bought this and it exceeded my expectations,297,269,16,582,4,Positive,
1089,05-03-2026,Instagram,India,Entertainment,39,Male,The product did not meet my expectations,54,270,44,368,1,Negative,
1090,22-06-2025,Twitter,Canada,Health,28,Female,"Waste of money, not recommended",227,156,110,493,2,Negative,
1091,02-03-2026,Facebook,India,Product,41,Female,Very disappointed with the product quality,176,297,5,478,1,Negative,
1092,02-03-2026,Instagram,USA,Entertainment,22,Male,"The product is okay, nothing special about it",587,26,91,704,3,Neutral,
1093,15-05-2025,Instagram,UK,Product,59,Male,"The product is okay, nothing special about it",225,128,7,360,3,Neutral,
1094,31-05-2025,Facebook,USA,Product,57,Male,"Absolutely loved the experience, highly recommended",93,20,159,272,5,Positive,
1095,26-04-2025,Facebook,India,Entertainment,34,Male,The product did not meet my expectations,324,290,129,743,1,Negative,
1096,13-12-2025,Facebook,USA,Technology,27,Male,"Not too good, not too bad",802,228,57,1087,3,Neutral,
1097,15-01-2026,Instagram,India,Politics,32,Male,"Not too good, not too bad",142,208,95,445,3,Neutral,
1098,22-10-2025,Facebook,UK,Technology,32,Female,Had a terrible experience using this service,349,76,70,495,1,Negative,
1099,09-06-2025,Instagram,India,Politics,54,Female,The product did not meet my expectations,834,15,14,863,2,Negative,
1100,11-08-2025,Twitter,India,Politics,42,Male,"Average experience, could be improved",868,189,162,1219,3,Neutral,
1101,24-11-2025,Twitter,Australia,Sports,54,Male,"The product is okay, nothing special about it",56,215,19,290,3,Neutral,
1102,22-10-2025,Instagram,Australia,Education,26,Female,Had a terrible experience using this service,693,91,76,860,1,Negative,
1103,03-09-2025,Twitter,UK,Education,52,Male,"Absolutely loved the experience, highly recommended",756,55,132,943,4,Positive,
1104,24-12-2025,Instagram,India,Sports,28,Female,"Average experience, could be improved",589,66,40,695,3,Neutral,
1105,25-03-2026,Instagram,USA,Entertainment,45,Female,"Waste of money, not recommended",188,237,85,510,1,Negative,
1106,30-11-2025,Twitter,Australia,Education,49,Male,Amazing quality and fast delivery,53,100,120,273,5,Positive,
1107,24-08-2025,Facebook,India,Sports,56,Female,"The product is okay, nothing special about it",915,229,39,1183,3,Neutral,
1108,18-12-2025,Twitter,USA,Politics,54,Male,Amazing quality and fast delivery,826,270,88,1184,4,Positive,
1109,11-03-2026,Instagram,Australia,Health,32,Male,"Not too good, not too bad",467,253,188,908,3,Neutral,
1110,23-01-2026,Facebook,Canada,Entertainment,43,Male,The product did not meet my expectations,883,211,80,1174,2,Negative,
1111,20-05-2025,Instagram,India,Technology,41,Female,I recently bought this and it exceeded my expectations,257,151,133,541,5,Positive,
1112,25-06-2025,Instagram,UK,Sports,30,Female,"Waste of money, not recommended",716,102,166,984,2,Negative,
1113,22-05-2025,Instagram,Canada,Entertainment,47,Male,"Average experience, could be improved",897,222,83,1202,3,Neutral,
1114,06-09-2025,Instagram,USA,Product,40,Male,Very satisfied with the overall performance,992,48,107,1147,5,Positive,
1115,08-07-2025,Facebook,India,Product,28,Female,"Absolutely loved the experience, highly recommended",578,204,182,964,5,Positive,
1116,03-08-2025,Twitter,USA,Product,37,Male,"Waste of money, not recommended",290,129,132,551,1,Negative,
1117,03-10-2025,Instagram,Canada,Entertainment,29,Male,Amazing quality and fast delivery,824,182,119,1125,5,Positive,
1118,12-08-2025,Instagram,Canada,Politics,53,Female,This is one of the best services I have ever used,649,140,60,849,5,Positive,
1119,29-05-2025,Twitter,USA,Entertainment,29,Female,"Not too good, not too bad",250,239,147,636,3,Neutral,
1120,06-01-2026,Twitter,India,Product,50,Female,Very satisfied with the overall performance,880,142,22,1044,4,Positive,
1121,07-01-2026,Twitter,UK,Education,43,Female,"Absolutely loved the experience, highly recommended",405,69,174,648,4,Positive,
1122,18-02-2026,Twitter,UK,Entertainment,53,Male,It works fine but has some minor issues,220,68,120,408,3,Neutral,
1123,14-10-2025,Twitter,USA,Sports,33,Male,"Average experience, could be improved",398,220,33,651,3,Neutral,
1124,17-08-2025,Twitter,UK,Education,58,Female,Poor performance and bad customer support,50,24,130,204,2,Negative,
1125,26-10-2025,Instagram,USA,Sports,58,Female,I recently bought this and it exceeded my expectations,537,130,23,690,5,Positive,
1126,23-05-2025,Facebook,Australia,Education,44,Female,Very satisfied with the overall performance,937,214,28,1179,4,Positive,
1127,11-11-2025,Twitter,USA,Sports,55,Male,"Absolutely loved the experience, highly recommended",737,105,64,906,5,Positive,
1128,20-03-2026,Facebook,USA,Entertainment,57,Male,"The product is okay, nothing special about it",952,147,27,1126,3,Neutral,
1129,26-09-2025,Twitter,USA,Health,36,Female,It works fine but has some minor issues,790,228,116,1134,3,Neutral,
1130,16-09-2025,Instagram,Australia,Sports,55,Female,Poor performance and bad customer support,568,62,79,709,1,Negative,
1131,09-03-2026,Instagram,Australia,Sports,41,Male,"Average experience, could be improved",162,146,173,481,3,Neutral,
1132,09-05-2025,Instagram,UK,Politics,20,Male,Had a terrible experience using this service,589,151,13,753,1,Negative,
1133,14-09-2025,Twitter,UK,Sports,22,Female,I recently bought this and it exceeded my expectations,437,63,57,557,5,Positive,
1134,21-12-2025,Instagram,Canada,Politics,36,Male,"The product is okay, nothing special about it",544,165,179,888,3,Neutral,
1135,18-02-2026,Twitter,USA,Health,46,Female,This is one of the best services I have ever used,987,194,76,1257,4,Positive,
1136,11-11-2025,Twitter,Australia,Health,27,Male,This is one of the best services I have ever used,736,26,88,850,5,Positive,
1137,04-07-2025,Instagram,Canada,Politics,50,Male,"Waste of money, not recommended",512,109,54,675,1,Negative,
1138,11-06-2025,Instagram,UK,Entertainment,30,Male,This is one of the best services I have ever used,733,223,109,1065,5,Positive,
1139,10-02-2026,Facebook,USA,Sports,19,Female,It is acceptable for the price,797,116,9,922,3,Neutral,
1140,25-09-2025,Instagram,Australia,Entertainment,53,Male,Amazing quality and fast delivery,145,40,173,358,4,Positive,
1141,02-04-2025,Instagram,UK,Technology,37,Male,"Absolutely loved the experience, highly recommended",844,237,28,1109,4,Positive,
1142,07-07-2025,Facebook,Australia,Sports,40,Male,"Average experience, could be improved",426,44,87,557,3,Neutral,
1143,25-09-2025,Twitter,Australia,Education,54,Female,It is acceptable for the price,804,159,105,1068,3,Neutral,
1144,03-06-2025,Twitter,UK,Sports,31,Female,I recently bought this and it exceeded my expectations,875,152,65,1092,4,Positive,
1145,15-02-2026,Twitter,Canada,Sports,49,Male,"Absolutely loved the experience, highly recommended",601,254,101,956,5,Positive,
1146,02-03-2026,Facebook,USA,Sports,40,Female,Very disappointed with the product quality,472,68,41,581,2,Negative,
1147,28-03-2026,Facebook,India,Technology,24,Male,"The product is okay, nothing special about it",944,90,33,1067,3,Neutral,
1148,29-05-2025,Twitter,USA,Technology,53,Female,"The product is okay, nothing special about it",642,183,112,937,3,Neutral,
1149,27-12-2025,Twitter,UK,Health,30,Male,It is acceptable for the price,952,245,39,1236,3,Neutral,
1150,19-07-2025,Facebook,Australia,Entertainment,31,Female,Poor performance and bad customer support,657,39,110,806,1,Negative,
1151,27-07-2025,Twitter,USA,Product,43,Male,"Absolutely loved the experience, highly recommended",414,287,89,790,5,Positive,
1152,07-04-2025,Facebook,USA,Education,48,Female,Very disappointed with the product quality,756,62,94,912,2,Negative,
1153,07-04-2025,Facebook,Australia,Technology,28,Male,I recently bought this and it exceeded my expectations,492,39,129,660,4,Positive,
1154,20-07-2025,Instagram,India,Entertainment,57,Male,The product did not meet my expectations,139,181,34,354,2,Negative,
1155,17-11-2025,Facebook,Canada,Product,57,Female,Amazing quality and fast delivery,252,256,28,536,5,Positive,
1156,06-05-2025,Instagram,India,Health,55,Male,It works fine but has some minor issues,233,112,185,530,3,Neutral,
1157,21-01-2026,Facebook,USA,Health,53,Female,Very satisfied with the overall performance,707,129,159,995,5,Positive,
1158,12-02-2026,Instagram,Australia,Product,29,Female,"Average experience, could be improved",738,298,97,1133,3,Neutral,
1159,05-05-2025,Facebook,Australia,Politics,58,Female,"The product is okay, nothing special about it",184,170,131,485,3,Neutral,
1160,24-04-2025,Instagram,UK,Health,56,Male,"Average experience, could be improved",185,185,7,377,3,Neutral,
1161,01-02-2026,Twitter,UK,Product,44,Male,"Waste of money, not recommended",979,164,136,1279,1,Negative,
1162,27-08-2025,Facebook,India,Sports,34,Male,It is acceptable for the price,912,86,199,1197,3,Neutral,
1163,04-02-2026,Instagram,Australia,Health,29,Male,The product did not meet my expectations,92,172,89,353,2,Negative,
1164,22-03-2026,Facebook,USA,Health,52,Female,The product did not meet my expectations,470,54,16,540,2,Negative,
1165,28-06-2025,Facebook,USA,Politics,38,Male,Very disappointed with the product quality,943,207,134,1284,1,Negative,
1166,28-08-2025,Twitter,Canada,Technology,52,Female,It works fine but has some minor issues,440,88,167,695,3,Neutral,
1167,23-03-2026,Twitter,India,Sports,19,Female,It works fine but has some minor issues,125,216,53,394,3,Neutral,
1168,10-06-2025,Instagram,India,Sports,46,Female,"Absolutely loved the experience, highly recommended",996,84,127,1207,5,Positive,
1169,09-08-2025,Instagram,UK,Sports,48,Female,It works fine but has some minor issues,831,55,192,1078,3,Neutral,
1170,21-04-2025,Twitter,India,Sports,44,Male,"Not too good, not too bad",675,244,8,927,3,Neutral,
1171,25-06-2025,Instagram,India,Politics,24,Male,Very disappointed with the product quality,141,85,79,305,1,Negative,
1172,27-09-2025,Facebook,USA,Technology,33,Male,Had a terrible experience using this service,191,267,163,621,2,Negative,
1173,08-04-2025,Facebook,USA,Product,28,Female,"Not too good, not too bad",756,196,194,1146,3,Neutral,
1174,24-12-2025,Instagram,Australia,Sports,52,Female,Amazing quality and fast delivery,554,238,57,849,4,Positive,
1175,18-10-2025,Instagram,USA,Product,23,Male,Amazing quality and fast delivery,476,212,97,785,5,Positive,
1176,25-10-2025,Instagram,USA,Sports,41,Female,This is one of the best services I have ever used,434,205,82,721,4,Positive,
1177,29-10-2025,Facebook,Canada,Politics,51,Male,"Absolutely loved the experience, highly recommended",428,186,122,736,5,Positive,
1178,20-04-2025,Twitter,UK,Technology,59,Female,Very satisfied with the overall performance,695,126,175,996,5,Positive,
1179,13-12-2025,Facebook,UK,Product,30,Female,"The product is okay, nothing special about it",223,191,152,566,3,Neutral,
1180,29-04-2025,Twitter,India,Education,24,Female,It is acceptable for the price,322,215,135,672,3,Neutral,
1181,25-11-2025,Twitter,UK,Sports,28,Female,Amazing quality and fast delivery,155,147,161,463,4,Positive,
1182,13-06-2025,Twitter,USA,Politics,19,Female,"Waste of money, not recommended",993,180,199,1372,1,Negative,
1183,15-08-2025,Twitter,Canada,Education,24,Female,The product did not meet my expectations,494,102,149,745,1,Negative,
1184,24-12-2025,Facebook,UK,Sports,34,Male,Poor performance and bad customer support,78,25,30,133,1,Negative,
1185,25-03-2026,Twitter,UK,Technology,23,Female,"The product is okay, nothing special about it",57,269,199,525,3,Neutral,
1186,16-05-2025,Facebook,USA,Sports,20,Male,I recently bought this and it exceeded my expectations,627,273,20,920,5,Positive,
1187,20-09-2025,Twitter,UK,Education,60,Male,This is one of the best services I have ever used,898,197,73,1168,4,Positive,
1188,30-03-2025,Instagram,UK,Politics,55,Male,"The product is okay, nothing special about it",654,229,43,926,3,Neutral,
1189,22-12-2025,Instagram,Canada,Politics,24,Female,This is one of the best services I have ever used,517,100,113,730,4,Positive,
1190,22-10-2025,Twitter,UK,Health,28,Male,Poor performance and bad customer support,999,216,109,1324,2,Negative,
1191,10-12-2025,Instagram,India,Technology,19,Male,"The product is okay, nothing special about it",100,55,59,214,3,Neutral,
1192,07-03-2026,Facebook,India,Entertainment,24,Female,Had a terrible experience using this service,582,51,71,704,1,Negative,
1193,25-04-2025,Twitter,USA,Health,55,Male,Amazing quality and fast delivery,102,258,62,422,4,Positive,
1194,13-03-2026,Facebook,Canada,Politics,53,Female,Very satisfied with the overall performance,635,11,187,833,4,Positive,
1195,08-09-2025,Instagram,Australia,Sports,20,Female,Very satisfied with the overall performance,453,110,177,740,5,Positive,
1196,24-05-2025,Instagram,Australia,Politics,49,Female,"Not too good, not too bad",63,98,131,292,3,Neutral,
1197,01-01-2026,Facebook,India,Entertainment,47,Male,It is acceptable for the price,754,89,15,858,3,Neutral,
1198,24-07-2025,Instagram,USA,Politics,35,Female,Very satisfied with the overall performance,404,166,173,743,4,Positive,
1199,26-07-2025,Twitter,India,Entertainment,22,Male,The product did not meet my expectations,324,265,75,664,2,Negative,
1200,28-03-2026,Instagram,Australia,Product,42,Male,I recently bought this and it exceeded my expectations,608,206,91,905,4,Positive,
1201,30-01-2026,Twitter,Australia,Technology,55,Female,Very disappointed with the product quality,501,50,20,571,2,Negative,
1202,08-08-2025,Facebook,USA,Education,51,Female,Very satisfied with the overall performance,594,68,69,731,5,Positive,
1203,12-01-2026,Instagram,Australia,Product,40,Male,Poor performance and bad customer support,74,183,160,417,2,Negative,
1204,17-04-2025,Instagram,Australia,Product,52,Male,Very disappointed with the product quality,963,25,189,1177,2,Negative,
1205,14-04-2025,Facebook,Canada,Entertainment,50,Female,Very disappointed with the product quality,113,267,76,456,1,Negative,
1206,23-11-2025,Twitter,Canada,Entertainment,22,Male,"Absolutely loved the experience, highly recommended",842,267,168,1277,4,Positive,
1207,18-05-2025,Instagram,Australia,Entertainment,48,Female,Poor performance and bad customer support,810,221,137,1168,1,Negative,
1208,02-10-2025,Facebook,Australia,Sports,52,Female,Very satisfied with the overall performance,844,64,43,951,4,Positive,
1209,02-07-2025,Twitter,India,Entertainment,21,Female,It is acceptable for the price,282,281,6,569,3,Neutral,
1210,29-08-2025,Twitter,USA,Politics,47,Male,Had a terrible experience using this service,221,272,179,672,1,Negative,
1211,30-11-2025,Twitter,Canada,Politics,21,Male,I recently bought this and it exceeded my expectations,904,235,102,1241,5,Positive,
1212,21-11-2025,Instagram,Canada,Entertainment,31,Male,The product did not meet my expectations,729,54,92,875,1,Negative,
1213,20-09-2025,Instagram,India,Sports,58,Female,"Average experience, could be improved",191,93,144,428,3,Neutral,
1214,23-10-2025,Twitter,UK,Education,19,Male,It is acceptable for the price,284,183,98,565,3,Neutral,
1215,13-01-2026,Facebook,Canada,Entertainment,44,Female,Amazing quality and fast delivery,862,66,135,1063,5,Positive,
1216,15-01-2026,Twitter,Canada,Sports,30,Male,"The product is okay, nothing special about it",448,174,64,686,3,Neutral,
1217,09-10-2025,Twitter,Canada,Sports,41,Female,Amazing quality and fast delivery,801,57,64,922,4,Positive,
1218,18-04-2025,Twitter,UK,Technology,40,Male,The product did not meet my expectations,514,271,200,985,2,Negative,
1219,06-11-2025,Twitter,Australia,Entertainment,39,Male,The product did not meet my expectations,570,93,32,695,2,Negative,
1220,21-07-2025,Twitter,UK,Entertainment,40,Female,The product did not meet my expectations,575,66,104,745,2,Negative,
1221,10-11-2025,Facebook,USA,Product,37,Female,"Not too good, not too bad",677,93,197,967,3,Neutral,
1222,12-06-2025,Twitter,Australia,Politics,21,Female,"Absolutely loved the experience, highly recommended",715,76,182,973,4,Positive,
1223,30-04-2025,Twitter,UK,Politics,21,Female,It is acceptable for the price,288,180,153,621,3,Neutral,
1224,26-08-2025,Facebook,UK,Entertainment,22,Female,The product did not meet my expectations,948,259,46,1253,2,Negative,
1225,11-08-2025,Instagram,India,Entertainment,53,Male,Poor performance and bad customer support,332,158,180,670,1,Negative,
1226,17-08-2025,Facebook,India,Sports,53,Male,"Average experience, could be improved",596,231,30,857,3,Neutral,
1227,04-11-2025,Twitter,India,Product,46,Male,"Absolutely loved the experience, highly recommended",413,139,121,673,5,Positive,
1228,23-02-2026,Twitter,USA,Sports,21,Male,"The product is okay, nothing special about it",231,246,175,652,3,Neutral,
1229,09-04-2025,Facebook,UK,Sports,49,Male,It is acceptable for the price,680,57,16,753,3,Neutral,
1230,21-12-2025,Instagram,Canada,Product,21,Male,Amazing quality and fast delivery,255,298,39,592,4,Positive,
1231,24-05-2025,Instagram,India,Health,48,Male,Amazing quality and fast delivery,82,237,196,515,5,Positive,
1232,17-06-2025,Facebook,USA,Sports,47,Male,The product did not meet my expectations,231,129,192,552,1,Negative,
1233,23-11-2025,Facebook,Australia,Education,24,Male,"Not too good, not too bad",942,279,23,1244,3,Neutral,
1234,17-01-2026,Instagram,UK,Sports,43,Male,It is acceptable for the price,975,77,176,1228,3,Neutral,
1235,09-03-2026,Facebook,UK,Technology,44,Male,"Waste of money, not recommended",99,49,47,195,1,Negative,
1236,13-07-2025,Facebook,Australia,Education,60,Female,It is acceptable for the price,800,297,14,1111,3,Neutral,
1237,11-02-2026,Facebook,Canada,Health,47,Female,"Not too good, not too bad",142,66,117,325,3,Neutral,
1238,15-12-2025,Instagram,USA,Entertainment,33,Male,"Average experience, could be improved",205,176,104,485,3,Neutral,
1239,23-05-2025,Facebook,Canada,Product,52,Female,Had a terrible experience using this service,623,29,63,715,1,Negative,
1240,25-09-2025,Twitter,Canada,Entertainment,59,Male,Amazing quality and fast delivery,286,163,182,631,5,Positive,
1241,08-05-2025,Instagram,UK,Politics,52,Male,It works fine but has some minor issues,248,288,62,598,3,Neutral,
1242,04-11-2025,Facebook,Australia,Technology,19,Male,Very disappointed with the product quality,590,65,94,749,1,Negative,
1243,04-06-2025,Facebook,India,Entertainment,52,Male,Very satisfied with the overall performance,294,139,161,594,5,Positive,
1244,05-02-2026,Facebook,Australia,Sports,25,Female,Very satisfied with the overall performance,242,72,117,431,4,Positive,
1245,20-04-2025,Facebook,India,Politics,39,Female,This is one of the best services I have ever used,741,100,89,930,5,Positive,
1246,19-12-2025,Facebook,Canada,Entertainment,45,Male,This is one of the best services I have ever used,282,235,37,554,4,Positive,
1247,02-07-2025,Instagram,Canada,Education,25,Female,"Absolutely loved the experience, highly recommended",132,83,165,380,4,Positive,
1248,02-04-2025,Facebook,Australia,Product,24,Female,I recently bought this and it exceeded my expectations,656,76,182,914,5,Positive,
1249,28-06-2025,Twitter,India,Health,47,Female,Had a terrible experience using this service,998,150,29,1177,2,Negative,
1250,06-01-2026,Twitter,India,Product,25,Female,It is acceptable for the price,175,113,82,370,3,Neutral,
1251,23-06-2025,Instagram,UK,Entertainment,36,Male,This is one of the best services I have ever used,936,162,51,1149,4,Positive,
1252,06-07-2025,Instagram,USA,Technology,49,Male,I recently bought this and it exceeded my expectations,699,205,123,1027,4,Positive,
1253,07-04-2025,Instagram,Canada,Education,40,Female,The product did not meet my expectations,922,39,100,1061,1,Negative,
1254,05-02-2026,Facebook,UK,Health,58,Male,Poor performance and bad customer support,177,273,27,477,2,Negative,
1255,12-09-2025,Facebook,Canada,Health,59,Male,I recently bought this and it exceeded my expectations,505,56,64,625,4,Positive,
1256,05-04-2025,Instagram,Australia,Politics,51,Male,It is acceptable for the price,893,286,28,1207,3,Neutral,
1257,29-04-2025,Instagram,USA,Education,21,Male,Had a terrible experience using this service,430,10,11,451,2,Negative,
1258,09-03-2026,Facebook,UK,Sports,23,Male,Poor performance and bad customer support,469,18,111,598,1,Negative,
1259,24-04-2025,Instagram,USA,Sports,35,Male,"The product is okay, nothing special about it",663,183,145,991,3,Neutral,
1260,02-11-2025,Twitter,India,Product,56,Female,Amazing quality and fast delivery,140,147,172,459,5,Positive,
1261,24-07-2025,Instagram,India,Entertainment,28,Female,The product did not meet my expectations,108,95,150,353,2,Negative,
1262,05-05-2025,Facebook,USA,Health,32,Male,"Not too good, not too bad",802,93,132,1027,3,Neutral,
1263,26-11-2025,Twitter,Australia,Product,20,Female,"Waste of money, not recommended",683,48,46,777,1,Negative,
1264,28-03-2026,Twitter,UK,Product,43,Female,"The product is okay, nothing special about it",727,110,133,970,3,Neutral,
1265,13-02-2026,Facebook,Australia,Health,30,Male,It works fine but has some minor issues,997,113,71,1181,3,Neutral,
1266,04-03-2026,Twitter,UK,Technology,38,Female,It is acceptable for the price,531,297,137,965,3,Neutral,
1267,14-01-2026,Instagram,India,Technology,24,Male,Had a terrible experience using this service,537,18,99,654,2,Negative,
1268,24-07-2025,Facebook,Canada,Technology,41,Female,Very satisfied with the overall performance,448,233,108,789,5,Positive,
1269,03-12-2025,Instagram,Australia,Entertainment,43,Male,Very disappointed with the product quality,748,295,74,1117,1,Negative,
1270,17-04-2025,Facebook,USA,Product,51,Male,Poor performance and bad customer support,988,243,32,1263,2,Negative,
1271,09-09-2025,Facebook,USA,Product,49,Female,Very satisfied with the overall performance,458,249,85,792,4,Positive,
1272,05-04-2025,Facebook,India,Technology,55,Male,The product did not meet my expectations,458,105,7,570,2,Negative,
1273,12-01-2026,Facebook,USA,Product,31,Male,This is one of the best services I have ever used,278,42,72,392,4,Positive,
1274,29-03-2025,Twitter,Australia,Health,32,Male,I recently bought this and it exceeded my expectations,815,108,163,1086,5,Positive,
1275,09-08-2025,Instagram,Canada,Education,45,Female,I recently bought this and it exceeded my expectations,929,156,70,1155,5,Positive,
1276,07-11-2025,Facebook,UK,Politics,59,Female,Amazing quality and fast delivery,712,36,59,807,4,Positive,
1277,21-04-2025,Facebook,India,Product,22,Female,"Not too good, not too bad",769,188,108,1065,3,Neutral,
1278,26-09-2025,Facebook,India,Technology,28,Male,It is acceptable for the price,473,242,145,860,3,Neutral,
1279,22-02-2026,Twitter,Canada,Technology,51,Male,"Average experience, could be improved",123,37,71,231,3,Neutral,
1280,21-02-2026,Facebook,USA,Sports,58,Male,This is one of the best services I have ever used,984,32,182,1198,5,Positive,
1281,03-12-2025,Facebook,Canada,Technology,24,Male,"Absolutely loved the experience, highly recommended",851,88,111,1050,5,Positive,
1282,07-08-2025,Facebook,Australia,Technology,50,Male,Had a terrible experience using this service,567,225,42,834,1,Negative,
1283,13-02-2026,Twitter,UK,Technology,47,Female,I recently bought this and it exceeded my expectations,55,119,52,226,4,Positive,
1284,22-06-2025,Facebook,USA,Sports,31,Female,"The product is okay, nothing special about it",834,81,151,1066,3,Neutral,
1285,24-11-2025,Instagram,Australia,Technology,54,Female,"Average experience, could be improved",280,200,133,613,3,Neutral,
1286,30-01-2026,Twitter,Canada,Education,29,Female,"Average experience, could be improved",62,209,8,279,3,Neutral,
1287,20-07-2025,Twitter,Australia,Education,32,Female,I recently bought this and it exceeded my expectations,255,100,154,509,5,Positive,
1288,25-10-2025,Twitter,UK,Product,45,Male,Poor performance and bad customer support,840,215,87,1142,1,Negative,
1289,07-06-2025,Instagram,Australia,Health,36,Female,The product did not meet my expectations,202,29,67,298,1,Negative,
1290,24-02-2026,Facebook,India,Technology,43,Female,"The product is okay, nothing special about it",555,122,96,773,3,Neutral,
1291,03-03-2026,Facebook,Australia,Politics,52,Female,"Average experience, could be improved",578,262,38,878,3,Neutral,
1292,19-01-2026,Twitter,India,Education,23,Male,Amazing quality and fast delivery,272,23,114,409,4,Positive,
1293,25-09-2025,Facebook,India,Education,57,Male,Poor performance and bad customer support,592,35,60,687,2,Negative,
1294,19-04-2025,Twitter,USA,Education,57,Male,It works fine but has some minor issues,619,236,66,921,3,Neutral,
1295,23-11-2025,Twitter,Australia,Entertainment,24,Male,Very satisfied with the overall performance,403,182,28,613,4,Positive,
1296,13-03-2026,Facebook,Canada,Health,21,Female,This is one of the best services I have ever used,470,115,187,772,5,Positive,
1297,03-09-2025,Twitter,Canada,Politics,34,Female,"The product is okay, nothing special about it",867,286,84,1237,3,Neutral,
1298,04-02-2026,Facebook,Australia,Education,39,Male,"The product is okay, nothing special about it",309,102,34,445,3,Neutral,
1299,27-04-2025,Instagram,India,Health,20,Female,"Absolutely loved the experience, highly recommended",923,13,81,1017,5,Positive,
1300,28-04-2025,Twitter,Canada,Education,32,Male,It is acceptable for the price,298,55,24,377,3,Neutral,
1301,22-04-2025,Instagram,UK,Sports,31,Male,"Absolutely loved the experience, highly recommended",991,258,54,1303,4,Positive,
1302,01-01-2026,Facebook,Canada,Entertainment,48,Female,"Not too good, not too bad",97,103,48,248,3,Neutral,
1303,27-12-2025,Twitter,UK,Education,54,Male,Amazing quality and fast delivery,980,110,57,1147,4,Positive,
1304,29-06-2025,Instagram,Australia,Product,20,Male,"Waste of money, not recommended",244,255,21,520,1,Negative,
1305,09-03-2026,Twitter,UK,Education,60,Female,It works fine but has some minor issues,202,150,198,550,3,Neutral,
1306,09-08-2025,Twitter,Canada,Sports,50,Male,"Average experience, could be improved",998,173,160,1331,3,Neutral,
1307,24-02-2026,Instagram,Australia,Entertainment,27,Female,"The product is okay, nothing special about it",366,32,56,454,3,Neutral,
1308,11-09-2025,Facebook,Australia,Health,20,Female,"Not too good, not too bad",657,44,28,729,3,Neutral,
1309,01-01-2026,Facebook,USA,Technology,30,Male,Amazing quality and fast delivery,495,282,79,856,5,Positive,
1310,08-05-2025,Instagram,UK,Product,30,Female,"Average experience, could be improved",436,160,115,711,3,Neutral,
1311,07-10-2025,Twitter,Canada,Health,28,Male,"Average experience, could be improved",947,67,181,1195,3,Neutral,
1312,02-08-2025,Twitter,Australia,Education,49,Female,Amazing quality and fast delivery,135,215,5,355,5,Positive,
1313,20-03-2026,Instagram,UK,Technology,32,Female,It is acceptable for the price,614,188,120,922,3,Neutral,
1314,21-05-2025,Twitter,Australia,Technology,46,Male,Had a terrible experience using this service,356,117,74,547,2,Negative,
1315,18-02-2026,Twitter,India,Entertainment,33,Female,"Not too good, not too bad",623,168,144,935,3,Neutral,
1316,29-06-2025,Twitter,USA,Education,40,Female,The product did not meet my expectations,665,137,170,972,1,Negative,
1317,21-01-2026,Instagram,India,Product,54,Male,Had a terrible experience using this service,124,245,182,551,2,Negative,
1318,25-05-2025,Instagram,Canada,Politics,18,Male,Very disappointed with the product quality,858,225,126,1209,2,Negative,
1319,28-09-2025,Instagram,Canada,Education,43,Male,"Not too good, not too bad",740,149,5,894,3,Neutral,
1320,15-04-2025,Twitter,Australia,Entertainment,59,Male,Amazing quality and fast delivery,341,67,68,476,5,Positive,
1321,28-05-2025,Twitter,UK,Sports,55,Male,This is one of the best services I have ever used,170,99,38,307,4,Positive,
1322,24-02-2026,Instagram,UK,Politics,42,Male,It works fine but has some minor issues,372,182,179,733,3,Neutral,
1323,13-10-2025,Facebook,UK,Politics,59,Male,Very disappointed with the product quality,647,234,64,945,2,Negative,
1324,03-04-2025,Twitter,Canada,Health,35,Female,"Waste of money, not recommended",513,135,188,836,2,Negative,
1325,15-03-2026,Facebook,India,Health,46,Male,Poor performance and bad customer support,152,67,131,350,1,Negative,
1326,07-03-2026,Facebook,India,Technology,22,Female,The product did not meet my expectations,485,77,22,584,1,Negative,
1327,27-09-2025,Instagram,India,Sports,35,Female,Had a terrible experience using this service,212,212,186,610,2,Negative,
1328,08-08-2025,Facebook,USA,Technology,23,Male,The product did not meet my expectations,208,167,150,525,1,Negative,
1329,09-03-2026,Facebook,Australia,Technology,53,Male,Amazing quality and fast delivery,867,126,151,1144,5,Positive,
1330,06-01-2026,Facebook,Canada,Technology,45,Female,"Not too good, not too bad",725,298,22,1045,3,Neutral,
1331,02-12-2025,Facebook,Australia,Product,41,Male,"Waste of money, not recommended",731,207,80,1018,1,Negative,
1332,26-10-2025,Twitter,USA,Politics,20,Male,It works fine but has some minor issues,920,40,127,1087,3,Neutral,
1333,06-09-2025,Instagram,UK,Sports,44,Male,"Not too good, not too bad",878,40,189,1107,3,Neutral,
1334,04-08-2025,Facebook,Australia,Entertainment,44,Female,Very satisfied with the overall performance,660,268,30,958,4,Positive,
1335,21-06-2025,Instagram,Australia,Entertainment,38,Male,This is one of the best services I have ever used,616,75,91,782,5,Positive,
1336,11-04-2025,Facebook,Canada,Education,21,Female,"Absolutely loved the experience, highly recommended",959,175,133,1267,4,Positive,
1337,03-11-2025,Twitter,Canada,Sports,39,Female,"Waste of money, not recommended",511,243,122,876,2,Negative,
1338,12-09-2025,Twitter,USA,Sports,37,Male,This is one of the best services I have ever used,911,247,170,1328,5,Positive,
1339,23-08-2025,Facebook,Australia,Entertainment,29,Female,Amazing quality and fast delivery,924,96,136,1156,5,Positive,
1340,05-09-2025,Instagram,Canada,Product,23,Male,I recently bought this and it exceeded my expectations,433,198,18,649,5,Positive,
1341,05-07-2025,Twitter,Australia,Sports,41,Female,It works fine but has some minor issues,489,146,145,780,3,Neutral,
1342,31-07-2025,Facebook,Canada,Politics,58,Male,Had a terrible experience using this service,555,39,5,599,1,Negative,
1343,19-02-2026,Instagram,UK,Sports,37,Male,I recently bought this and it exceeded my expectations,285,43,169,497,4,Positive,
1344,17-03-2026,Facebook,UK,Technology,24,Female,"The product is okay, nothing special about it",241,186,38,465,3,Neutral,
1345,31-03-2025,Twitter,India,Entertainment,31,Male,Had a terrible experience using this service,216,247,103,566,2,Negative,
1346,14-11-2025,Instagram,Australia,Entertainment,54,Male,This is one of the best services I have ever used,553,191,47,791,4,Positive,
1347,07-01-2026,Twitter,UK,Health,22,Male,Amazing quality and fast delivery,360,283,103,746,5,Positive,
1348,17-02-2026,Facebook,Australia,Sports,34,Female,Very satisfied with the overall performance,899,181,189,1269,4,Positive,
1349,19-10-2025,Instagram,Canada,Education,21,Female,It works fine but has some minor issues,53,33,11,97,3,Neutral,
1350,27-05-2025,Twitter,USA,Education,51,Male,It works fine but has some minor issues,922,256,75,1253,3,Neutral,
1351,10-03-2026,Instagram,Canada,Politics,21,Male,Very disappointed with the product quality,948,154,198,1300,1,Negative,
1352,06-08-2025,Facebook,India,Politics,43,Female,This is one of the best services I have ever used,874,17,167,1058,5,Positive,
1353,14-06-2025,Twitter,USA,Education,57,Female,Very satisfied with the overall performance,499,283,145,927,5,Positive,
1354,30-08-2025,Twitter,UK,Product,31,Female,This is one of the best services I have ever used,866,244,122,1232,5,Positive,
1355,29-06-2025,Twitter,Australia,Technology,27,Female,Very satisfied with the overall performance,503,282,185,970,5,Positive,
1356,05-01-2026,Instagram,UK,Entertainment,27,Female,"Absolutely loved the experience, highly recommended",933,299,76,1308,4,Positive,
1357,29-04-2025,Facebook,Canada,Entertainment,30,Female,"The product is okay, nothing special about it",672,46,30,748,3,Neutral,
1358,07-01-2026,Instagram,UK,Entertainment,46,Male,"Not too good, not too bad",937,151,74,1162,3,Neutral,
1359,07-07-2025,Instagram,Canada,Entertainment,32,Female,Had a terrible experience using this service,969,152,77,1198,2,Negative,
1360,04-11-2025,Instagram,India,Politics,23,Female,"Not too good, not too bad",184,120,79,383,3,Neutral,
1361,01-05-2025,Instagram,USA,Technology,52,Female,The product did not meet my expectations,716,243,155,1114,1,Negative,
1362,21-10-2025,Facebook,USA,Technology,53,Female,The product did not meet my expectations,361,17,109,487,2,Negative,
1363,15-06-2025,Twitter,UK,Education,47,Male,"Waste of money, not recommended",974,137,111,1222,2,Negative,
1364,15-09-2025,Facebook,India,Sports,53,Female,Very satisfied with the overall performance,100,252,117,469,4,Positive,
1365,23-06-2025,Facebook,UK,Education,59,Female,"Absolutely loved the experience, highly recommended",380,195,133,708,5,Positive,
1366,17-01-2026,Facebook,India,Technology,34,Male,The product did not meet my expectations,194,292,154,640,1,Negative,
1367,09-11-2025,Twitter,UK,Product,57,Male,"Waste of money, not recommended",417,262,190,869,1,Negative,
1368,17-07-2025,Twitter,USA,Product,51,Female,It works fine but has some minor issues,495,211,77,783,3,Neutral,
1369,10-05-2025,Twitter,Australia,Product,55,Male,This is one of the best services I have ever used,339,297,77,713,4,Positive,
1370,20-05-2025,Instagram,USA,Politics,21,Male,It works fine but has some minor issues,887,219,132,1238,3,Neutral,
1371,15-10-2025,Instagram,Canada,Politics,50,Male,Very disappointed with the product quality,195,127,68,390,2,Negative,
1372,16-10-2025,Instagram,USA,Technology,29,Female,It is acceptable for the price,827,256,73,1156,3,Neutral,
1373,14-02-2026,Instagram,Canada,Entertainment,30,Male,Very satisfied with the overall performance,252,16,177,445,5,Positive,
1374,17-12-2025,Facebook,UK,Politics,47,Male,"The product is okay, nothing special about it",940,69,200,1209,3,Neutral,
1375,31-05-2025,Instagram,Australia,Health,46,Male,"The product is okay, nothing special about it",329,253,155,737,3,Neutral,
1376,19-09-2025,Instagram,India,Health,54,Male,This is one of the best services I have ever used,860,248,111,1219,4,Positive,
1377,22-12-2025,Twitter,Canada,Politics,47,Female,"Waste of money, not recommended",72,250,53,375,2,Negative,
1378,16-06-2025,Facebook,USA,Sports,58,Male,"The product is okay, nothing special about it",706,216,140,1062,3,Neutral,
1379,01-08-2025,Instagram,UK,Education,53,Male,"Average experience, could be improved",282,16,12,310,3,Neutral,
1380,20-08-2025,Facebook,Canada,Technology,47,Male,"Absolutely loved the experience, highly recommended",85,217,20,322,4,Positive,
1381,29-01-2026,Facebook,Australia,Product,52,Male,The product did not meet my expectations,949,53,106,1108,1,Negative,
1382,22-06-2025,Twitter,Australia,Product,59,Male,"Absolutely loved the experience, highly recommended",126,264,64,454,5,Positive,
1383,13-09-2025,Twitter,UK,Health,46,Male,Amazing quality and fast delivery,302,270,153,725,5,Positive,
1384,06-02-2026,Facebook,USA,Technology,43,Female,It works fine but has some minor issues,317,116,36,469,3,Neutral,
1385,19-03-2026,Twitter,USA,Sports,32,Male,"Not too good, not too bad",663,70,121,854,3,Neutral,
1386,25-11-2025,Instagram,Australia,Health,43,Female,"Average experience, could be improved",113,137,11,261,3,Neutral,
1387,04-11-2025,Instagram,Canada,Entertainment,40,Female,"Average experience, could be improved",749,238,66,1053,3,Neutral,
1388,07-01-2026,Facebook,India,Politics,53,Male,The product did not meet my expectations,264,297,45,606,1,Negative,
1389,18-10-2025,Twitter,India,Politics,24,Female,This is one of the best services I have ever used,542,298,16,856,5,Positive,
1390,03-12-2025,Facebook,UK,Product,51,Female,It works fine but has some minor issues,83,37,23,143,3,Neutral,
1391,06-04-2025,Twitter,India,Technology,39,Male,This is one of the best services I have ever used,177,285,153,615,5,Positive,
1392,30-01-2026,Instagram,UK,Technology,24,Male,"Waste of money, not recommended",441,30,85,556,2,Negative,
1393,25-09-2025,Instagram,Australia,Product,32,Male,"Not too good, not too bad",480,257,104,841,3,Neutral,
1394,25-02-2026,Instagram,UK,Entertainment,37,Male,The product did not meet my expectations,119,73,175,367,1,Negative,
1395,15-05-2025,Facebook,India,Sports,27,Male,"Average experience, could be improved",818,264,185,1267,3,Neutral,
1396,19-04-2025,Instagram,UK,Product,57,Male,"The product is okay, nothing special about it",866,253,19,1138,3,Neutral,
1397,22-05-2025,Twitter,USA,Sports,60,Male,The product did not meet my expectations,238,249,132,619,2,Negative,
1398,21-06-2025,Twitter,Australia,Sports,56,Female,"The product is okay, nothing special about it",444,126,185,755,3,Neutral,
1399,02-01-2026,Twitter,Australia,Technology,21,Female,The product did not meet my expectations,407,82,48,537,2,Negative,
1400,21-06-2025,Instagram,USA,Technology,51,Female,"Absolutely loved the experience, highly recommended",891,94,177,1162,5,Positive,
1401,21-06-2025,Facebook,UK,Entertainment,28,Female,I recently bought this and it exceeded my expectations,789,87,123,999,5,Positive,
1402,13-10-2025,Facebook,USA,Health,41,Male,"Absolutely loved the experience, highly recommended",947,166,66,1179,4,Positive,
1403,07-04-2025,Twitter,India,Education,43,Female,"Waste of money, not recommended",743,246,150,1139,2,Negative,
1404,09-03-2026,Twitter,India,Education,55,Female,"Waste of money, not recommended",607,198,65,870,2,Negative,
1405,15-06-2025,Twitter,UK,Education,55,Male,It works fine but has some minor issues,559,141,117,817,3,Neutral,
1406,25-09-2025,Twitter,Canada,Education,44,Male,Very satisfied with the overall performance,461,300,162,923,4,Positive,
1407,16-06-2025,Facebook,India,Product,56,Female,Very satisfied with the overall performance,521,212,16,749,4,Positive,
1408,08-12-2025,Twitter,Canada,Health,32,Female,"The product is okay, nothing special about it",66,186,98,350,3,Neutral,
1409,10-04-2025,Instagram,USA,Technology,48,Female,"The product is okay, nothing special about it",306,75,121,502,3,Neutral,
1410,18-03-2026,Instagram,UK,Health,18,Female,"Absolutely loved the experience, highly recommended",530,79,22,631,5,Positive,
1411,16-12-2025,Twitter,Canada,Technology,39,Male,"Not too good, not too bad",101,228,194,523,3,Neutral,
1412,24-02-2026,Facebook,USA,Education,38,Female,Very satisfied with the overall performance,194,64,29,287,4,Positive,
1413,29-03-2025,Instagram,Australia,Technology,33,Female,"Waste of money, not recommended",110,197,153,460,2,Negative,
1414,18-04-2025,Twitter,Australia,Technology,55,Male,"Not too good, not too bad",280,70,168,518,3,Neutral,
1415,07-11-2025,Twitter,UK,Technology,59,Male,It is acceptable for the price,361,30,98,489,3,Neutral,
1416,27-06-2025,Twitter,India,Health,50,Male,"Absolutely loved the experience, highly recommended",690,54,122,866,5,Positive,
1417,11-01-2026,Twitter,USA,Health,40,Female,Amazing quality and fast delivery,691,249,124,1064,5,Positive,
1418,14-04-2025,Instagram,India,Sports,47,Female,The product did not meet my expectations,330,131,120,581,1,Negative,
1419,21-11-2025,Instagram,Canada,Sports,44,Male,This is one of the best services I have ever used,874,51,63,988,4,Positive,
1420,14-08-2025,Twitter,Canada,Product,60,Female,Very disappointed with the product quality,67,107,128,302,1,Negative,
1421,25-01-2026,Twitter,India,Politics,47,Male,"Absolutely loved the experience, highly recommended",462,181,197,840,5,Positive,
1422,07-09-2025,Facebook,Canada,Entertainment,29,Female,It is acceptable for the price,218,94,133,445,3,Neutral,
1423,14-12-2025,Twitter,Canada,Politics,47,Female,Amazing quality and fast delivery,237,48,149,434,5,Positive,
1424,09-01-2026,Instagram,Canada,Entertainment,58,Male,It is acceptable for the price,503,148,151,802,3,Neutral,
1425,30-08-2025,Facebook,USA,Sports,31,Male,The product did not meet my expectations,970,107,143,1220,1,Negative,
1426,09-08-2025,Instagram,USA,Product,26,Male,It works fine but has some minor issues,876,219,167,1262,3,Neutral,
1427,23-11-2025,Facebook,Canada,Health,52,Female,The product did not meet my expectations,358,143,21,522,1,Negative,
1428,10-01-2026,Twitter,UK,Politics,22,Female,The product did not meet my expectations,383,132,5,520,2,Negative,
1429,02-01-2026,Instagram,Canada,Politics,23,Female,"Waste of money, not recommended",72,28,128,228,1,Negative,
1430,10-05-2025,Facebook,Canada,Health,21,Male,It works fine but has some minor issues,727,262,23,1012,3,Neutral,
1431,24-10-2025,Instagram,India,Education,52,Female,I recently bought this and it exceeded my expectations,84,216,110,410,5,Positive,
1432,04-08-2025,Twitter,UK,Entertainment,59,Female,"Average experience, could be improved",574,290,74,938,3,Neutral,
1433,02-12-2025,Facebook,USA,Product,50,Female,Poor performance and bad customer support,793,221,190,1204,1,Negative,
1434,10-11-2025,Twitter,Canada,Entertainment,38,Male,The product did not meet my expectations,780,83,135,998,1,Negative,
1435,28-01-2026,Instagram,USA,Technology,39,Male,Had a terrible experience using this service,272,169,12,453,1,Negative,
1436,05-06-2025,Twitter,Australia,Sports,25,Female,"The product is okay, nothing special about it",877,161,166,1204,3,Neutral,
1437,21-06-2025,Twitter,USA,Health,53,Male,Amazing quality and fast delivery,627,154,191,972,5,Positive,
1438,29-09-2025,Facebook,UK,Health,46,Male,"Not too good, not too bad",947,53,21,1021,3,Neutral,
1439,09-04-2025,Instagram,USA,Health,56,Female,This is one of the best services I have ever used,54,112,170,336,5,Positive,
1440,22-12-2025,Twitter,Australia,Sports,28,Male,"Average experience, could be improved",155,73,123,351,3,Neutral,
1441,16-12-2025,Twitter,UK,Health,38,Female,Very satisfied with the overall performance,404,260,184,848,4,Positive,
1442,21-03-2026,Facebook,Canada,Politics,58,Female,Had a terrible experience using this service,53,77,92,222,2,Negative,
1443,25-07-2025,Twitter,Australia,Entertainment,53,Male,It is acceptable for the price,385,216,145,746,3,Neutral,
1444,09-07-2025,Instagram,Australia,Politics,51,Male,It is acceptable for the price,199,48,120,367,3,Neutral,
1445,07-09-2025,Instagram,India,Sports,51,Female,"The product is okay, nothing special about it",578,267,82,927,3,Neutral,
1446,14-07-2025,Facebook,Canada,Education,45,Female,"Waste of money, not recommended",338,113,55,506,2,Negative,
1447,10-11-2025,Instagram,USA,Politics,26,Male,Very satisfied with the overall performance,795,88,10,893,4,Positive,
1448,07-04-2025,Instagram,Australia,Health,52,Female,Had a terrible experience using this service,886,161,85,1132,1,Negative,
1449,28-07-2025,Instagram,USA,Education,31,Female,Amazing quality and fast delivery,287,280,114,681,4,Positive,
1450,14-09-2025,Instagram,USA,Health,57,Male,"Waste of money, not recommended",655,87,171,913,1,Negative,
1451,10-06-2025,Facebook,UK,Entertainment,39,Male,"Not too good, not too bad",632,255,177,1064,3,Neutral,
1452,24-05-2025,Twitter,Australia,Health,53,Male,Very disappointed with the product quality,693,273,89,1055,2,Negative,
1453,17-01-2026,Twitter,Australia,Sports,29,Male,"Absolutely loved the experience, highly recommended",895,201,149,1245,5,Positive,
1454,11-08-2025,Instagram,India,Sports,23,Male,This is one of the best services I have ever used,648,74,88,810,4,Positive,
1455,03-05-2025,Instagram,USA,Education,37,Female,This is one of the best services I have ever used,340,248,38,626,5,Positive,
1456,31-07-2025,Facebook,Canada,Politics,52,Female,Had a terrible experience using this service,684,39,73,796,1,Negative,
1457,19-06-2025,Instagram,UK,Sports,29,Female,Very disappointed with the product quality,813,252,99,1164,2,Negative,
1458,03-11-2025,Facebook,India,Technology,24,Male,"Average experience, could be improved",728,196,97,1021,3,Neutral,
1459,17-08-2025,Twitter,USA,Entertainment,57,Male,The product did not meet my expectations,643,180,81,904,2,Negative,
1460,05-02-2026,Facebook,Australia,Technology,23,Female,"Waste of money, not recommended",231,138,41,410,1,Negative,
1461,26-02-2026,Facebook,Canada,Product,27,Female,"The product is okay, nothing special about it",387,170,179,736,3,Neutral,
1462,12-06-2025,Twitter,USA,Health,20,Female,It works fine but has some minor issues,976,175,144,1295,3,Neutral,
1463,26-11-2025,Twitter,USA,Health,48,Female,Amazing quality and fast delivery,971,29,65,1065,5,Positive,
1464,01-10-2025,Facebook,USA,Entertainment,34,Male,"Waste of money, not recommended",836,112,87,1035,1,Negative,
1465,10-07-2025,Facebook,India,Technology,25,Male,Very satisfied with the overall performance,801,151,150,1102,5,Positive,
1466,27-12-2025,Facebook,USA,Health,42,Female,"Average experience, could be improved",473,267,118,858,3,Neutral,
1467,21-03-2026,Facebook,UK,Product,43,Male,"Not too good, not too bad",349,89,22,460,3,Neutral,
1468,21-06-2025,Instagram,Australia,Entertainment,55,Male,Poor performance and bad customer support,415,32,61,508,1,Negative,
1469,25-01-2026,Instagram,India,Health,59,Female,Had a terrible experience using this service,227,69,173,469,1,Negative,
1470,29-12-2025,Twitter,India,Technology,34,Male,The product did not meet my expectations,621,191,88,900,1,Negative,
1471,05-04-2025,Instagram,Canada,Sports,57,Male,"Absolutely loved the experience, highly recommended",736,171,144,1051,4,Positive,
1472,24-07-2025,Facebook,Australia,Product,19,Female,"Not too good, not too bad",721,117,70,908,3,Neutral,
1473,08-10-2025,Instagram,India,Politics,45,Male,Amazing quality and fast delivery,158,278,114,550,4,Positive,
1474,29-12-2025,Twitter,USA,Product,36,Male,Had a terrible experience using this service,643,104,19,766,2,Negative,
1475,27-03-2026,Instagram,Canada,Health,52,Female,I recently bought this and it exceeded my expectations,178,224,27,429,5,Positive,
1476,26-09-2025,Facebook,India,Education,35,Male,Poor performance and bad customer support,437,126,33,596,1,Negative,
1477,09-06-2025,Twitter,Canada,Politics,44,Male,I recently bought this and it exceeded my expectations,939,163,122,1224,4,Positive,
1478,16-03-2026,Instagram,India,Sports,49,Male,Amazing quality and fast delivery,579,164,130,873,4,Positive,
1479,04-03-2026,Instagram,USA,Product,47,Female,"Not too good, not too bad",369,169,78,616,3,Neutral,
1480,02-07-2025,Instagram,Australia,Politics,53,Male,"The product is okay, nothing special about it",860,269,139,1268,3,Neutral,
1481,06-07-2025,Facebook,UK,Technology,53,Male,Had a terrible experience using this service,448,255,58,761,2,Negative,
1482,04-10-2025,Facebook,UK,Education,40,Female,Had a terrible experience using this service,945,171,167,1283,1,Negative,
1483,01-07-2025,Twitter,India,Education,34,Female,Had a terrible experience using this service,54,71,116,241,1,Negative,
1484,06-02-2026,Instagram,UK,Politics,31,Female,"Not too good, not too bad",494,196,129,819,3,Neutral,
1485,15-01-2026,Twitter,India,Product,51,Female,It is acceptable for the price,571,255,105,931,3,Neutral,
1486,15-12-2025,Instagram,India,Health,31,Male,Amazing quality and fast delivery,107,65,64,236,5,Positive,
1487,12-09-2025,Facebook,USA,Product,23,Female,This is one of the best services I have ever used,572,229,112,913,4,Positive,
1488,29-06-2025,Facebook,USA,Product,47,Male,I recently bought this and it exceeded my expectations,880,229,38,1147,4,Positive,
1489,18-09-2025,Facebook,Canada,Sports,35,Male,The product did not meet my expectations,864,105,129,1098,2,Negative,
1490,13-03-2026,Facebook,Canada,Sports,50,Male,"Absolutely loved the experience, highly recommended",808,196,116,1120,5,Positive,
1491,22-05-2025,Facebook,UK,Politics,29,Female,It works fine but has some minor issues,915,111,159,1185,3,Neutral,
1492,04-02-2026,Twitter,USA,Technology,24,Female,"Average experience, could be improved",763,23,123,909,3,Neutral,
1493,14-01-2026,Instagram,India,Product,35,Male,Amazing quality and fast delivery,930,171,25,1126,5,Positive,
1494,28-04-2025,Facebook,Australia,Entertainment,49,Male,"The product is okay, nothing special about it",928,45,36,1009,3,Neutral,
1495,26-01-2026,Twitter,India,Politics,26,Male,"The product is okay, nothing special about it",881,163,195,1239,3,Neutral,
1496,18-07-2025,Facebook,India,Entertainment,56,Female,It works fine but has some minor issues,703,270,132,1105,3,Neutral,
1497,17-12-2025,Facebook,Australia,Technology,54,Female,Very satisfied with the overall performance,486,201,140,827,4,Positive,
1498,02-11-2025,Twitter,UK,Entertainment,27,Female,Very satisfied with the overall performance,917,215,41,1173,4,Positive,
1499,16-01-2026,Instagram,Australia,Product,43,Female,"The product is okay, nothing special about it",786,219,160,1165,3,Neutral,
1500,17-02-2026,Twitter,UK,Product,49,Female,It is acceptable for the price,492,234,66,792,3,Neutral,
1501,30-12-2025,Facebook,India,Health,34,Male,Amazing quality and fast delivery,809,251,6,1066,5,Positive,
1502,19-04-2025,Instagram,Canada,Product,18,Female,I recently bought this and it exceeded my expectations,113,244,20,377,4,Positive,
1503,01-03-2026,Facebook,Australia,Product,46,Male,It works fine but has some minor issues,588,130,110,828,3,Neutral,
1504,17-09-2025,Facebook,Australia,Sports,44,Female,Very satisfied with the overall performance,679,158,49,886,4,Positive,
1505,31-07-2025,Facebook,Australia,Education,47,Male,The product did not meet my expectations,747,43,43,833,2,Negative,
1506,08-03-2026,Facebook,Australia,Politics,54,Male,I recently bought this and it exceeded my expectations,607,90,6,703,5,Positive,
1507,07-08-2025,Twitter,Australia,Technology,48,Male,"Average experience, could be improved",727,198,60,985,3,Neutral,
1508,09-06-2025,Twitter,Canada,Politics,25,Female,Amazing quality and fast delivery,471,84,169,724,5,Positive,
1509,07-06-2025,Instagram,UK,Product,47,Male,"Absolutely loved the experience, highly recommended",201,211,82,494,4,Positive,
1510,21-02-2026,Twitter,Canada,Education,44,Male,It is acceptable for the price,106,150,87,343,3,Neutral,
1511,04-01-2026,Facebook,Australia,Health,51,Female,I recently bought this and it exceeded my expectations,195,32,105,332,5,Positive,
1512,23-02-2026,Facebook,Canada,Technology,29,Female,Very disappointed with the product quality,484,211,154,849,1,Negative,
1513,18-12-2025,Instagram,Australia,Sports,20,Male,"Waste of money, not recommended",491,293,78,862,1,Negative,
1514,29-11-2025,Twitter,UK,Entertainment,29,Female,Had a terrible experience using this service,409,49,158,616,1,Negative,
1515,20-03-2026,Instagram,Australia,Technology,49,Female,"Absolutely loved the experience, highly recommended",199,60,130,389,4,Positive,
1516,04-06-2025,Instagram,India,Politics,33,Male,"The product is okay, nothing special about it",900,183,39,1122,3,Neutral,
1517,25-01-2026,Twitter,Australia,Product,35,Female,It is acceptable for the price,249,164,146,559,3,Neutral,
1518,26-07-2025,Twitter,Australia,Politics,41,Female,Amazing quality and fast delivery,994,136,57,1187,5,Positive,
1519,09-09-2025,Instagram,Australia,Sports,27,Male,I recently bought this and it exceeded my expectations,772,239,178,1189,5,Positive,
1520,05-05-2025,Instagram,Canada,Product,42,Female,I recently bought this and it exceeded my expectations,702,15,178,895,5,Positive,
1521,04-05-2025,Twitter,USA,Entertainment,52,Female,"The product is okay, nothing special about it",921,244,45,1210,3,Neutral,
1522,15-09-2025,Facebook,Australia,Product,41,Male,This is one of the best services I have ever used,550,52,16,618,4,Positive,
1523,14-09-2025,Twitter,India,Technology,31,Female,I recently bought this and it exceeded my expectations,109,151,173,433,5,Positive,
1524,02-07-2025,Facebook,Australia,Politics,41,Female,"Absolutely loved the experience, highly recommended",76,280,158,514,5,Positive,
1525,22-12-2025,Facebook,Australia,Sports,49,Male,I recently bought this and it exceeded my expectations,932,170,140,1242,4,Positive,
1526,08-06-2025,Instagram,Canada,Sports,45,Male,Very satisfied with the overall performance,219,14,167,400,4,Positive,
1527,20-07-2025,Twitter,India,Politics,18,Female,Very disappointed with the product quality,981,223,58,1262,2,Negative,
1528,14-09-2025,Instagram,Canada,Politics,34,Female,Amazing quality and fast delivery,583,70,61,714,4,Positive,
1529,30-05-2025,Twitter,Canada,Sports,57,Female,"Absolutely loved the experience, highly recommended",188,143,17,348,5,Positive,
1530,20-10-2025,Twitter,India,Politics,45,Male,It works fine but has some minor issues,339,115,150,604,3,Neutral,
1531,25-09-2025,Twitter,Australia,Product,33,Female,This is one of the best services I have ever used,540,245,108,893,4,Positive,
1532,23-09-2025,Facebook,Australia,Sports,28,Male,"The product is okay, nothing special about it",635,190,58,883,3,Neutral,
1533,07-04-2025,Twitter,USA,Education,21,Male,This is one of the best services I have ever used,372,82,82,536,5,Positive,
1534,10-03-2026,Instagram,Canada,Education,42,Male,It is acceptable for the price,299,81,188,568,3,Neutral,
1535,29-07-2025,Instagram,USA,Product,18,Male,Very disappointed with the product quality,705,144,95,944,1,Negative,
1536,04-04-2025,Twitter,India,Health,33,Male,This is one of the best services I have ever used,645,28,150,823,4,Positive,
1537,25-09-2025,Facebook,USA,Sports,20,Male,The product did not meet my expectations,950,291,98,1339,1,Negative,
1538,29-05-2025,Instagram,India,Product,28,Female,It works fine but has some minor issues,910,280,12,1202,3,Neutral,
1539,07-05-2025,Facebook,India,Entertainment,44,Female,Very satisfied with the overall performance,652,172,180,1004,5,Positive,
1540,23-07-2025,Facebook,Canada,Health,55,Female,"Average experience, could be improved",545,57,103,705,3,Neutral,
1541,26-09-2025,Facebook,Canada,Sports,31,Male,Poor performance and bad customer support,549,47,185,781,1,Negative,
1542,21-01-2026,Twitter,Canada,Technology,58,Male,This is one of the best services I have ever used,435,78,147,660,5,Positive,
1543,27-09-2025,Facebook,USA,Health,34,Female,It is acceptable for the price,287,235,16,538,3,Neutral,
1544,04-11-2025,Instagram,UK,Entertainment,60,Female,It works fine but has some minor issues,191,73,45,309,3,Neutral,
1545,20-01-2026,Instagram,UK,Education,43,Female,Had a terrible experience using this service,453,115,104,672,1,Negative,
1546,01-03-2026,Facebook,Canada,Health,57,Male,Poor performance and bad customer support,490,14,54,558,2,Negative,
1547,23-12-2025,Twitter,India,Sports,59,Male,"Not too good, not too bad",964,65,83,1112,3,Neutral,
1548,25-04-2025,Instagram,USA,Sports,47,Male,"Waste of money, not recommended",541,300,157,998,2,Negative,
1549,07-02-2026,Facebook,Canada,Education,35,Male,It is acceptable for the price,570,64,153,787,3,Neutral,
1550,27-04-2025,Instagram,USA,Entertainment,51,Male,"Waste of money, not recommended",623,43,83,749,1,Negative,
1551,15-04-2025,Facebook,Canada,Politics,58,Male,"Average experience, could be improved",587,121,66,774,3,Neutral,
1552,25-05-2025,Facebook,India,Politics,54,Male,"The product is okay, nothing special about it",150,24,78,252,3,Neutral,
1553,05-09-2025,Instagram,USA,Sports,34,Male,Had a terrible experience using this service,412,35,40,487,1,Negative,
1554,05-10-2025,Twitter,India,Entertainment,23,Female,"Average experience, could be improved",512,204,165,881,3,Neutral,
1555,02-06-2025,Twitter,India,Product,32,Male,Very disappointed with the product quality,373,118,155,646,2,Negative,
1556,13-05-2025,Instagram,Australia,Education,34,Male,"Average experience, could be improved",821,219,137,1177,3,Neutral,
1557,19-02-2026,Twitter,India,Sports,28,Female,It works fine but has some minor issues,819,110,138,1067,3,Neutral,
1558,15-11-2025,Twitter,UK,Product,40,Male,It works fine but has some minor issues,715,131,135,981,3,Neutral,
1559,11-01-2026,Twitter,Australia,Health,24,Female,"Average experience, could be improved",681,104,38,823,3,Neutral,
1560,29-12-2025,Facebook,UK,Entertainment,57,Male,Amazing quality and fast delivery,968,242,23,1233,4,Positive,
1561,10-09-2025,Facebook,USA,Sports,40,Female,"Absolutely loved the experience, highly recommended",61,31,6,98,5,Positive,
1562,17-06-2025,Facebook,UK,Education,19,Female,"The product is okay, nothing special about it",63,172,171,406,3,Neutral,
1563,10-07-2025,Twitter,USA,Product,54,Female,This is one of the best services I have ever used,580,223,136,939,4,Positive,
1564,13-03-2026,Facebook,India,Product,57,Female,"The product is okay, nothing special about it",680,163,186,1029,3,Neutral,
1565,26-06-2025,Instagram,Australia,Sports,51,Female,"Waste of money, not recommended",563,216,113,892,1,Negative,
1566,10-10-2025,Instagram,UK,Education,35,Female,Had a terrible experience using this service,733,55,14,802,2,Negative,
1567,13-02-2026,Instagram,Australia,Sports,32,Female,"Average experience, could be improved",78,125,143,346,3,Neutral,
1568,16-04-2025,Facebook,UK,Health,21,Male,This is one of the best services I have ever used,257,147,147,551,5,Positive,
1569,03-10-2025,Twitter,India,Entertainment,29,Female,"Not too good, not too bad",381,114,105,600,3,Neutral,
1570,02-01-2026,Twitter,USA,Sports,20,Male,It is acceptable for the price,553,170,190,913,3,Neutral,
1571,10-05-2025,Twitter,UK,Technology,25,Male,"Waste of money, not recommended",687,55,190,932,1,Negative,
1572,20-01-2026,Facebook,Canada,Technology,31,Male,It works fine but has some minor issues,850,220,16,1086,3,Neutral,
1573,02-10-2025,Twitter,India,Technology,60,Male,Very disappointed with the product quality,175,290,170,635,2,Negative,
1574,15-08-2025,Instagram,Canada,Product,27,Female,"The product is okay, nothing special about it",624,231,89,944,3,Neutral,
1575,05-09-2025,Instagram,India,Product,54,Female,This is one of the best services I have ever used,442,18,145,605,4,Positive,
1576,13-02-2026,Instagram,Australia,Health,55,Male,I recently bought this and it exceeded my expectations,569,201,170,940,5,Positive,
1577,13-03-2026,Instagram,Australia,Entertainment,44,Female,It works fine but has some minor issues,846,274,47,1167,3,Neutral,
1578,10-08-2025,Twitter,USA,Politics,29,Female,This is one of the best services I have ever used,918,113,200,1231,4,Positive,
1579,21-03-2026,Facebook,Australia,Product,39,Female,Poor performance and bad customer support,336,96,24,456,1,Negative,
1580,15-07-2025,Facebook,Canada,Product,59,Female,"Not too good, not too bad",688,298,53,1039,3,Neutral,
1581,21-05-2025,Twitter,USA,Sports,28,Female,Had a terrible experience using this service,103,123,99,325,1,Negative,
1582,15-03-2026,Instagram,India,Politics,27,Male,The product did not meet my expectations,311,145,20,476,1,Negative,
1583,14-04-2025,Twitter,Australia,Politics,44,Female,"Average experience, could be improved",170,240,172,582,3,Neutral,
1584,04-08-2025,Facebook,Canada,Entertainment,41,Female,"Average experience, could be improved",661,265,107,1033,3,Neutral,
1585,23-03-2026,Instagram,USA,Health,18,Female,"The product is okay, nothing special about it",173,17,196,386,3,Neutral,
1586,07-11-2025,Instagram,UK,Politics,49,Female,The product did not meet my expectations,797,184,152,1133,2,Negative,
1587,24-12-2025,Instagram,UK,Education,45,Male,Had a terrible experience using this service,212,46,70,328,2,Negative,
1588,08-08-2025,Instagram,India,Politics,47,Female,I recently bought this and it exceeded my expectations,651,274,110,1035,4,Positive,
1589,07-08-2025,Twitter,UK,Product,32,Male,I recently bought this and it exceeded my expectations,542,299,153,994,4,Positive,
1590,29-11-2025,Facebook,Canada,Product,35,Male,Had a terrible experience using this service,883,85,40,1008,1,Negative,
1591,03-01-2026,Twitter,India,Product,20,Female,The product did not meet my expectations,367,55,56,478,1,Negative,
1592,05-04-2025,Twitter,Australia,Education,54,Female,I recently bought this and it exceeded my expectations,836,146,125,1107,5,Positive,
1593,03-06-2025,Facebook,Canada,Sports,57,Male,"Waste of money, not recommended",398,193,107,698,2,Negative,
1594,26-09-2025,Instagram,India,Technology,47,Male,"Waste of money, not recommended",249,163,80,492,1,Negative,
1595,06-07-2025,Twitter,Australia,Politics,27,Female,"Not too good, not too bad",360,194,84,638,3,Neutral,
1596,26-11-2025,Facebook,Australia,Education,45,Female,It is acceptable for the price,290,218,195,703,3,Neutral,
1597,11-07-2025,Facebook,USA,Sports,41,Female,Poor performance and bad customer support,823,211,102,1136,1,Negative,
1598,09-08-2025,Facebook,Australia,Technology,20,Female,"Not too good, not too bad",394,284,137,815,3,Neutral,
1599,11-04-2025,Twitter,India,Health,48,Male,"Absolutely loved the experience, highly recommended",74,161,131,366,5,Positive,
1600,21-03-2026,Instagram,Canada,Technology,19,Male,This is one of the best services I have ever used,801,78,171,1050,5,Positive,
1601,21-12-2025,Twitter,India,Sports,47,Male,Poor performance and bad customer support,630,269,150,1049,2,Negative,
1602,27-11-2025,Facebook,India,Health,51,Male,Very disappointed with the product quality,792,274,146,1212,2,Negative,
1603,17-04-2025,Instagram,India,Entertainment,21,Male,"Absolutely loved the experience, highly recommended",180,95,129,404,5,Positive,
1604,08-08-2025,Twitter,USA,Health,58,Male,Amazing quality and fast delivery,548,71,57,676,4,Positive,
1605,12-04-2025,Facebook,Australia,Health,37,Female,It is acceptable for the price,406,29,171,606,3,Neutral,
1606,25-05-2025,Instagram,UK,Sports,30,Male,Very satisfied with the overall performance,565,72,37,674,5,Positive,
1607,16-09-2025,Facebook,USA,Entertainment,50,Female,It works fine but has some minor issues,651,282,178,1111,3,Neutral,
1608,08-05-2025,Facebook,Canada,Education,19,Female,It works fine but has some minor issues,895,17,153,1065,3,Neutral,
1609,14-05-2025,Facebook,Canada,Health,46,Female,"The product is okay, nothing special about it",365,171,10,546,3,Neutral,
1610,27-03-2026,Twitter,UK,Sports,22,Male,"Average experience, could be improved",263,300,127,690,3,Neutral,
1611,11-02-2026,Instagram,UK,Sports,56,Male,It works fine but has some minor issues,200,142,151,493,3,Neutral,
1612,11-11-2025,Facebook,Australia,Health,23,Female,It works fine but has some minor issues,229,33,84,346,3,Neutral,
1613,05-11-2025,Instagram,UK,Entertainment,43,Male,"Not too good, not too bad",835,253,135,1223,3,Neutral,
1614,12-02-2026,Facebook,Canada,Health,20,Male,Amazing quality and fast delivery,671,195,8,874,4,Positive,
1615,08-08-2025,Facebook,UK,Health,42,Female,Had a terrible experience using this service,352,57,143,552,2,Negative,
1616,22-06-2025,Facebook,Canada,Education,37,Male,"Average experience, could be improved",454,139,60,653,3,Neutral,
1617,10-05-2025,Instagram,Australia,Sports,27,Female,It works fine but has some minor issues,848,162,123,1133,3,Neutral,
1618,25-10-2025,Facebook,Australia,Politics,38,Female,"Absolutely loved the experience, highly recommended",617,51,17,685,4,Positive,
1619,02-07-2025,Twitter,Australia,Politics,26,Female,"Not too good, not too bad",630,75,109,814,3,Neutral,
1620,18-04-2025,Twitter,Canada,Product,45,Male,Amazing quality and fast delivery,470,299,32,801,4,Positive,
1621,03-12-2025,Facebook,Australia,Technology,42,Female,This is one of the best services I have ever used,977,254,8,1239,4,Positive,
1622,28-06-2025,Twitter,Australia,Sports,41,Male,Very disappointed with the product quality,377,210,199,786,1,Negative,
1623,06-09-2025,Facebook,India,Education,33,Female,Poor performance and bad customer support,442,40,185,667,2,Negative,
1624,05-09-2025,Instagram,Australia,Health,59,Male,Amazing quality and fast delivery,425,74,84,583,5,Positive,
1625,05-11-2025,Twitter,UK,Sports,41,Male,"Waste of money, not recommended",345,87,186,618,2,Negative,
1626,17-09-2025,Facebook,Australia,Entertainment,35,Male,Very satisfied with the overall performance,537,102,109,748,4,Positive,
1627,06-12-2025,Facebook,Australia,Health,18,Male,It is acceptable for the price,821,93,98,1012,3,Neutral,
1628,19-06-2025,Twitter,Canada,Product,29,Male,It works fine but has some minor issues,339,233,28,600,3,Neutral,
1629,27-11-2025,Instagram,USA,Technology,24,Male,"Absolutely loved the experience, highly recommended",478,261,113,852,5,Positive,
1630,11-05-2025,Instagram,UK,Politics,58,Male,"Waste of money, not recommended",853,125,7,985,1,Negative,
1631,26-07-2025,Facebook,UK,Sports,33,Male,It is acceptable for the price,110,29,133,272,3,Neutral,
1632,27-06-2025,Twitter,Canada,Technology,42,Male,It is acceptable for the price,737,11,66,814,3,Neutral,
1633,08-01-2026,Facebook,UK,Technology,58,Female,This is one of the best services I have ever used,114,37,46,197,4,Positive,
1634,18-03-2026,Instagram,Canada,Politics,52,Female,"Not too good, not too bad",839,37,132,1008,3,Neutral,
1635,26-12-2025,Instagram,Canada,Product,39,Female,"Absolutely loved the experience, highly recommended",588,73,11,672,4,Positive,
1636,26-05-2025,Twitter,India,Education,45,Male,Very satisfied with the overall performance,60,44,108,212,4,Positive,
1637,17-12-2025,Instagram,USA,Product,34,Male,Amazing quality and fast delivery,898,186,50,1134,4,Positive,
1638,05-12-2025,Twitter,USA,Technology,29,Male,This is one of the best services I have ever used,590,87,91,768,5,Positive,
1639,20-05-2025,Facebook,USA,Politics,60,Male,This is one of the best services I have ever used,449,103,148,700,4,Positive,
1640,15-05-2025,Facebook,UK,Politics,59,Male,"The product is okay, nothing special about it",865,209,90,1164,3,Neutral,
1641,15-10-2025,Twitter,UK,Sports,57,Female,This is one of the best services I have ever used,97,206,127,430,5,Positive,
1642,12-11-2025,Twitter,India,Technology,26,Female,"The product is okay, nothing special about it",650,252,66,968,3,Neutral,
1643,27-08-2025,Twitter,Australia,Technology,27,Female,Had a terrible experience using this service,790,232,176,1198,1,Negative,
1644,24-05-2025,Twitter,Australia,Technology,53,Female,Very satisfied with the overall performance,618,72,5,695,4,Positive,
1645,21-01-2026,Twitter,Canada,Technology,60,Male,Very satisfied with the overall performance,646,15,95,756,4,Positive,
1646,16-05-2025,Twitter,India,Health,51,Male,The product did not meet my expectations,75,269,190,534,1,Negative,
1647,20-05-2025,Instagram,Australia,Sports,22,Female,Had a terrible experience using this service,627,133,78,838,2,Negative,
1648,08-12-2025,Instagram,Canada,Education,45,Male,Very disappointed with the product quality,375,32,77,484,2,Negative,
1649,29-03-2025,Twitter,Canada,Product,32,Male,"Waste of money, not recommended",696,72,17,785,1,Negative,
1650,18-02-2026,Facebook,USA,Education,28,Male,This is one of the best services I have ever used,105,145,104,354,5,Positive,
1651,20-11-2025,Facebook,Australia,Technology,34,Female,It is acceptable for the price,429,143,101,673,3,Neutral,
1652,29-07-2025,Facebook,Australia,Politics,33,Female,I recently bought this and it exceeded my expectations,539,269,185,993,4,Positive,
1653,19-09-2025,Facebook,USA,Technology,42,Male,"The product is okay, nothing special about it",526,101,178,805,3,Neutral,
1654,18-03-2026,Twitter,USA,Sports,33,Male,"Not too good, not too bad",916,182,7,1105,3,Neutral,
1655,29-07-2025,Twitter,Canada,Sports,18,Male,Had a terrible experience using this service,863,222,160,1245,2,Negative,
1656,13-07-2025,Instagram,Australia,Product,48,Female,"Average experience, could be improved",652,130,193,975,3,Neutral,
1657,13-09-2025,Twitter,Australia,Health,54,Female,"Waste of money, not recommended",667,279,193,1139,1,Negative,
1658,21-12-2025,Facebook,Canada,Technology,28,Male,The product did not meet my expectations,798,222,114,1134,1,Negative,
1659,18-09-2025,Twitter,Canada,Product,28,Male,Had a terrible experience using this service,355,221,100,676,2,Negative,
1660,08-11-2025,Instagram,Canada,Technology,30,Female,"Not too good, not too bad",979,24,57,1060,3,Neutral,
1661,20-10-2025,Facebook,India,Health,49,Male,"Average experience, could be improved",722,199,155,1076,3,Neutral,
1662,07-04-2025,Instagram,UK,Product,35,Female,Amazing quality and fast delivery,297,32,108,437,4,Positive,
1663,11-05-2025,Twitter,Canada,Education,56,Female,"Average experience, could be improved",786,58,82,926,3,Neutral,
1664,15-11-2025,Twitter,Australia,Health,46,Female,It is acceptable for the price,920,29,147,1096,3,Neutral,
1665,05-06-2025,Instagram,UK,Product,36,Male,I recently bought this and it exceeded my expectations,86,37,114,237,5,Positive,
1666,04-06-2025,Facebook,Canada,Sports,60,Female,The product did not meet my expectations,200,52,45,297,2,Negative,
1667,14-03-2026,Twitter,India,Technology,42,Male,Very satisfied with the overall performance,671,72,194,937,5,Positive,
1668,02-11-2025,Twitter,UK,Technology,39,Male,"Not too good, not too bad",791,54,76,921,3,Neutral,
1669,26-04-2025,Facebook,India,Product,28,Male,"Absolutely loved the experience, highly recommended",439,292,49,780,4,Positive,
1670,14-10-2025,Twitter,USA,Health,60,Male,This is one of the best services I have ever used,975,117,7,1099,5,Positive,
1671,14-06-2025,Instagram,Canada,Sports,29,Male,"Waste of money, not recommended",773,298,33,1104,1,Negative,
1672,11-03-2026,Facebook,UK,Education,51,Female,Had a terrible experience using this service,600,134,63,797,2,Negative,
1673,04-11-2025,Facebook,UK,Health,36,Female,"Average experience, could be improved",691,173,182,1046,3,Neutral,
1674,02-09-2025,Facebook,Australia,Technology,18,Female,"The product is okay, nothing special about it",516,75,78,669,3,Neutral,
1675,12-09-2025,Twitter,Australia,Technology,37,Male,"Average experience, could be improved",392,169,149,710,3,Neutral,
1676,27-12-2025,Twitter,India,Product,48,Male,The product did not meet my expectations,958,191,120,1269,2,Negative,
1677,02-04-2025,Instagram,India,Education,25,Male,"Absolutely loved the experience, highly recommended",755,27,8,790,5,Positive,
1678,07-02-2026,Instagram,USA,Sports,22,Female,Had a terrible experience using this service,65,88,116,269,1,Negative,
1679,06-12-2025,Instagram,India,Technology,54,Male,It is acceptable for the price,391,87,8,486,3,Neutral,
1680,02-02-2026,Instagram,USA,Entertainment,27,Female,This is one of the best services I have ever used,225,267,100,592,4,Positive,
1681,01-09-2025,Twitter,Canada,Health,25,Male,"The product is okay, nothing special about it",625,40,114,779,3,Neutral,
1682,15-06-2025,Twitter,USA,Education,24,Male,Poor performance and bad customer support,960,207,127,1294,2,Negative,
1683,01-09-2025,Facebook,India,Health,42,Male,Amazing quality and fast delivery,742,56,22,820,5,Positive,
1684,16-03-2026,Facebook,India,Entertainment,50,Male,Very disappointed with the product quality,968,243,12,1223,1,Negative,
1685,27-02-2026,Instagram,USA,Entertainment,22,Female,It is acceptable for the price,763,98,25,886,3,Neutral,
1686,18-03-2026,Facebook,Australia,Education,60,Female,Had a terrible experience using this service,559,296,27,882,1,Negative,
1687,26-02-2026,Twitter,India,Politics,43,Male,It is acceptable for the price,574,69,184,827,3,Neutral,
1688,13-03-2026,Twitter,UK,Politics,37,Female,This is one of the best services I have ever used,846,197,59,1102,4,Positive,
1689,28-08-2025,Instagram,Australia,Education,44,Male,The product did not meet my expectations,631,223,28,882,2,Negative,
1690,01-07-2025,Facebook,India,Entertainment,48,Male,Had a terrible experience using this service,279,295,86,660,1,Negative,
1691,12-12-2025,Facebook,India,Health,33,Female,Very disappointed with the product quality,202,20,105,327,1,Negative,
1692,31-07-2025,Twitter,UK,Health,42,Female,Poor performance and bad customer support,392,243,73,708,1,Negative,
1693,18-09-2025,Twitter,USA,Education,58,Female,Poor performance and bad customer support,373,78,136,587,1,Negative,
1694,29-10-2025,Twitter,UK,Health,31,Male,"Not too good, not too bad",334,77,110,521,3,Neutral,
1695,20-11-2025,Instagram,Canada,Sports,57,Male,Very disappointed with the product quality,579,21,185,785,2,Negative,
1696,09-08-2025,Instagram,India,Health,39,Male,Had a terrible experience using this service,857,77,68,1002,2,Negative,
1697,19-10-2025,Instagram,India,Health,48,Male,"Absolutely loved the experience, highly recommended",140,50,169,359,5,Positive,
1698,08-04-2025,Facebook,India,Entertainment,41,Male,"Not too good, not too bad",313,152,200,665,3,Neutral,
1699,27-09-2025,Instagram,India,Product,21,Male,It works fine but has some minor issues,499,177,24,700,3,Neutral,
1700,28-06-2025,Twitter,UK,Health,22,Male,Very satisfied with the overall performance,514,156,33,703,5,Positive,
1701,12-06-2025,Instagram,India,Sports,30,Male,"The product is okay, nothing special about it",720,168,27,915,3,Neutral,
1702,06-04-2025,Instagram,USA,Sports,55,Female,It works fine but has some minor issues,78,86,166,330,3,Neutral,
1703,25-11-2025,Facebook,Canada,Health,40,Male,Very disappointed with the product quality,543,64,35,642,1,Negative,
1704,15-02-2026,Facebook,USA,Product,20,Female,"Absolutely loved the experience, highly recommended",62,265,162,489,5,Positive,
1705,24-12-2025,Facebook,Canada,Politics,37,Male,"The product is okay, nothing special about it",969,183,20,1172,3,Neutral,
1706,21-05-2025,Instagram,USA,Health,35,Female,Poor performance and bad customer support,832,77,105,1014,2,Negative,
1707,19-01-2026,Facebook,UK,Technology,26,Male,Very disappointed with the product quality,761,297,178,1236,1,Negative,
1708,01-10-2025,Facebook,Canada,Entertainment,47,Male,"Average experience, could be improved",985,262,182,1429,3,Neutral,
1709,17-01-2026,Twitter,Australia,Health,57,Male,"The product is okay, nothing special about it",438,182,14,634,3,Neutral,
1710,19-10-2025,Instagram,Canada,Politics,37,Male,"The product is okay, nothing special about it",650,177,86,913,3,Neutral,
1711,13-10-2025,Facebook,UK,Product,51,Female,The product did not meet my expectations,587,146,86,819,1,Negative,
1712,13-10-2025,Twitter,Australia,Product,37,Female,"Absolutely loved the experience, highly recommended",521,146,188,855,5,Positive,
1713,26-02-2026,Facebook,Australia,Sports,22,Female,It works fine but has some minor issues,679,51,48,778,3,Neutral,
1714,21-10-2025,Facebook,USA,Technology,50,Male,"The product is okay, nothing special about it",778,250,156,1184,3,Neutral,
1715,09-01-2026,Instagram,India,Sports,47,Male,Very satisfied with the overall performance,106,157,157,420,4,Positive,
1716,26-05-2025,Facebook,India,Technology,41,Female,Very disappointed with the product quality,824,175,121,1120,1,Negative,
1717,12-07-2025,Facebook,Australia,Technology,48,Female,It works fine but has some minor issues,178,246,200,624,3,Neutral,
1718,19-12-2025,Facebook,Australia,Sports,23,Female,It works fine but has some minor issues,143,116,197,456,3,Neutral,
1719,09-12-2025,Twitter,India,Sports,19,Male,It is acceptable for the price,222,106,105,433,3,Neutral,
1720,06-12-2025,Facebook,USA,Product,33,Female,"Waste of money, not recommended",702,134,189,1025,2,Negative,
1721,25-04-2025,Facebook,Canada,Entertainment,42,Female,"The product is okay, nothing special about it",172,125,66,363,3,Neutral,
1722,19-02-2026,Instagram,Canada,Politics,46,Female,"Not too good, not too bad",180,38,122,340,3,Neutral,
1723,28-02-2026,Twitter,UK,Education,42,Female,"Not too good, not too bad",565,254,49,868,3,Neutral,
1724,24-05-2025,Facebook,UK,Politics,34,Male,Very satisfied with the overall performance,307,31,8,346,5,Positive,
1725,11-05-2025,Facebook,USA,Product,53,Male,Very satisfied with the overall performance,161,286,149,596,4,Positive,
1726,15-07-2025,Facebook,Canada,Entertainment,22,Male,"Waste of money, not recommended",530,208,39,777,1,Negative,
1727,04-01-2026,Twitter,USA,Health,33,Female,"Average experience, could be improved",158,124,131,413,3,Neutral,
1728,10-08-2025,Instagram,India,Technology,51,Male,Had a terrible experience using this service,233,221,197,651,2,Negative,
1729,28-02-2026,Twitter,USA,Education,22,Female,Very satisfied with the overall performance,687,251,71,1009,5,Positive,
1730,13-03-2026,Instagram,USA,Education,44,Female,Amazing quality and fast delivery,488,209,59,756,5,Positive,
1731,06-07-2025,Instagram,Australia,Product,42,Male,Had a terrible experience using this service,57,116,148,321,1,Negative,
1732,22-07-2025,Facebook,UK,Product,44,Male,"Absolutely loved the experience, highly recommended",151,215,59,425,4,Positive,
1733,27-09-2025,Twitter,USA,Education,19,Male,Poor performance and bad customer support,50,214,183,447,2,Negative,
1734,16-06-2025,Instagram,USA,Sports,37,Female,Had a terrible experience using this service,714,233,24,971,2,Negative,
1735,16-07-2025,Instagram,Canada,Sports,46,Female,"Not too good, not too bad",877,24,35,936,3,Neutral,
1736,17-10-2025,Instagram,India,Entertainment,39,Male,This is one of the best services I have ever used,823,71,134,1028,5,Positive,
1737,26-12-2025,Facebook,Australia,Technology,56,Female,This is one of the best services I have ever used,617,216,169,1002,5,Positive,
1738,05-09-2025,Instagram,Australia,Health,48,Female,The product did not meet my expectations,173,261,116,550,1,Negative,
1739,27-02-2026,Instagram,Australia,Technology,26,Male,Very satisfied with the overall performance,436,289,116,841,5,Positive,
1740,12-01-2026,Instagram,Canada,Technology,45,Female,It works fine but has some minor issues,410,75,138,623,3,Neutral,
1741,24-05-2025,Facebook,USA,Entertainment,29,Male,"Absolutely loved the experience, highly recommended",845,22,51,918,5,Positive,
1742,27-02-2026,Instagram,Australia,Education,47,Female,Very disappointed with the product quality,188,171,106,465,2,Negative,
1743,31-03-2025,Instagram,Canada,Education,56,Male,Very disappointed with the product quality,254,42,17,313,2,Negative,
1744,29-09-2025,Twitter,Australia,Entertainment,20,Female,It is acceptable for the price,616,72,115,803,3,Neutral,
1745,13-12-2025,Twitter,UK,Technology,36,Male,"Absolutely loved the experience, highly recommended",68,260,161,489,5,Positive,
1746,11-05-2025,Facebook,Australia,Entertainment,45,Male,The product did not meet my expectations,830,273,161,1264,1,Negative,
1747,19-05-2025,Twitter,Canada,Sports,29,Female,Amazing quality and fast delivery,887,76,73,1036,5,Positive,
1748,02-08-2025,Facebook,UK,Education,27,Female,"Not too good, not too bad",705,268,124,1097,3,Neutral,
1749,10-01-2026,Twitter,UK,Education,50,Male,Very satisfied with the overall performance,848,297,165,1310,4,Positive,
1750,13-02-2026,Instagram,Australia,Sports,27,Male,I recently bought this and it exceeded my expectations,924,137,12,1073,5,Positive,
1751,28-04-2025,Instagram,India,Entertainment,56,Male,I recently bought this and it exceeded my expectations,560,120,125,805,5,Positive,
1752,13-01-2026,Twitter,Australia,Education,49,Male,"Waste of money, not recommended",340,139,54,533,2,Negative,
1753,08-07-2025,Facebook,Canada,Sports,44,Female,It works fine but has some minor issues,454,269,161,884,3,Neutral,
1754,10-08-2025,Facebook,India,Technology,36,Female,Amazing quality and fast delivery,794,230,188,1212,4,Positive,
1755,16-08-2025,Facebook,India,Sports,21,Male,This is one of the best services I have ever used,976,183,171,1330,4,Positive,
1756,24-05-2025,Facebook,Canada,Sports,36,Male,This is one of the best services I have ever used,787,107,9,903,4,Positive,
1757,21-09-2025,Facebook,Australia,Product,26,Female,"Average experience, could be improved",760,85,128,973,3,Neutral,
1758,07-12-2025,Instagram,Canada,Sports,36,Male,"The product is okay, nothing special about it",663,33,152,848,3,Neutral,
1759,08-04-2025,Twitter,Australia,Health,36,Male,"Average experience, could be improved",723,278,66,1067,3,Neutral,
1760,29-06-2025,Twitter,USA,Sports,59,Female,It is acceptable for the price,523,121,129,773,3,Neutral,
1761,02-10-2025,Instagram,India,Education,45,Female,This is one of the best services I have ever used,336,257,105,698,5,Positive,
1762,09-11-2025,Facebook,USA,Sports,30,Male,"Waste of money, not recommended",447,13,41,501,2,Negative,
1763,03-09-2025,Facebook,Australia,Product,50,Male,This is one of the best services I have ever used,320,125,166,611,4,Positive,
1764,02-03-2026,Instagram,India,Politics,28,Female,"The product is okay, nothing special about it",388,148,120,656,3,Neutral,
1765,24-10-2025,Facebook,Canada,Sports,55,Male,It is acceptable for the price,926,240,162,1328,3,Neutral,
1766,02-07-2025,Twitter,Australia,Education,31,Female,Poor performance and bad customer support,867,124,105,1096,2,Negative,
1767,23-09-2025,Instagram,India,Sports,55,Male,Had a terrible experience using this service,923,289,106,1318,1,Negative,
1768,29-09-2025,Twitter,Canada,Sports,41,Female,It works fine but has some minor issues,142,204,38,384,3,Neutral,
1769,19-02-2026,Instagram,Australia,Product,50,Female,Had a terrible experience using this service,50,222,92,364,2,Negative,
1770,24-06-2025,Facebook,Canada,Sports,33,Male,Very satisfied with the overall performance,507,84,23,614,4,Positive,
1771,19-01-2026,Instagram,UK,Entertainment,44,Female,It works fine but has some minor issues,464,171,132,767,3,Neutral,
1772,04-06-2025,Twitter,USA,Entertainment,55,Female,Very disappointed with the product quality,303,82,146,531,1,Negative,
1773,13-02-2026,Facebook,UK,Entertainment,51,Male,Very disappointed with the product quality,811,250,18,1079,1,Negative,
1774,26-08-2025,Facebook,Canada,Product,39,Female,"Not too good, not too bad",323,97,198,618,3,Neutral,
1775,31-10-2025,Twitter,Canada,Sports,59,Male,"Average experience, could be improved",783,125,82,990,3,Neutral,
1776,18-07-2025,Facebook,Australia,Product,27,Female,Very satisfied with the overall performance,154,133,59,346,4,Positive,
1777,28-02-2026,Twitter,Australia,Entertainment,22,Female,"Waste of money, not recommended",604,121,197,922,2,Negative,
1778,10-03-2026,Twitter,USA,Sports,47,Male,"The product is okay, nothing special about it",912,161,125,1198,3,Neutral,
1779,09-12-2025,Twitter,Canada,Health,33,Female,Very disappointed with the product quality,91,144,137,372,2,Negative,
1780,05-04-2025,Instagram,Australia,Technology,45,Female,Poor performance and bad customer support,765,47,18,830,1,Negative,
1781,09-12-2025,Twitter,USA,Politics,35,Female,Very disappointed with the product quality,565,175,120,860,1,Negative,
1782,08-07-2025,Twitter,Australia,Entertainment,55,Male,The product did not meet my expectations,272,90,199,561,2,Negative,
1783,25-10-2025,Twitter,Canada,Product,55,Male,Amazing quality and fast delivery,370,94,31,495,4,Positive,
1784,08-01-2026,Instagram,Australia,Education,30,Female,"Average experience, could be improved",257,89,54,400,3,Neutral,
1785,11-11-2025,Twitter,Australia,Health,37,Male,"Absolutely loved the experience, highly recommended",914,214,54,1182,5,Positive,
1786,27-01-2026,Facebook,Australia,Sports,39,Female,This is one of the best services I have ever used,432,228,151,811,5,Positive,
1787,06-07-2025,Instagram,USA,Product,36,Female,I recently bought this and it exceeded my expectations,742,172,69,983,4,Positive,
1788,15-09-2025,Facebook,UK,Technology,34,Female,Very satisfied with the overall performance,404,46,117,567,4,Positive,
1789,01-02-2026,Instagram,India,Product,39,Female,Poor performance and bad customer support,574,79,176,829,1,Negative,
1790,16-08-2025,Facebook,Australia,Technology,43,Male,"Absolutely loved the experience, highly recommended",150,65,122,337,5,Positive,
1791,24-01-2026,Instagram,Australia,Education,19,Female,The product did not meet my expectations,393,232,164,789,2,Negative,
1792,15-03-2026,Facebook,Australia,Politics,54,Male,It is acceptable for the price,618,275,70,963,3,Neutral,
1793,10-05-2025,Twitter,UK,Education,24,Female,Very satisfied with the overall performance,474,240,48,762,4,Positive,
1794,03-05-2025,Twitter,UK,Product,38,Female,Had a terrible experience using this service,811,290,93,1194,2,Negative,
1795,20-03-2026,Instagram,UK,Technology,57,Female,Amazing quality and fast delivery,390,226,174,790,4,Positive,
1796,15-07-2025,Facebook,India,Politics,30,Female,Poor performance and bad customer support,447,177,151,775,1,Negative,
1797,06-06-2025,Facebook,Canada,Product,30,Male,It is acceptable for the price,306,268,7,581,3,Neutral,
1798,16-07-2025,Facebook,Australia,Entertainment,22,Female,"Average experience, could be improved",723,34,147,904,3,Neutral,
1799,29-03-2025,Facebook,India,Politics,30,Male,"The product is okay, nothing special about it",124,17,81,222,3,Neutral,
1800,28-08-2025,Instagram,USA,Health,23,Male,"Absolutely loved the experience, highly recommended",416,291,102,809,5,Positive,
1801,02-03-2026,Twitter,Australia,Product,35,Male,"Not too good, not too bad",442,55,71,568,3,Neutral,
1802,12-03-2026,Twitter,UK,Politics,26,Male,"The product is okay, nothing special about it",694,92,69,855,3,Neutral,
1803,30-10-2025,Instagram,Australia,Politics,54,Female,"Absolutely loved the experience, highly recommended",719,93,198,1010,4,Positive,
1804,19-03-2026,Twitter,India,Sports,28,Female,Had a terrible experience using this service,302,141,93,536,2,Negative,
1805,17-11-2025,Instagram,USA,Technology,29,Female,The product did not meet my expectations,585,116,190,891,2,Negative,
1806,17-11-2025,Instagram,India,Health,34,Female,Poor performance and bad customer support,174,87,100,361,2,Negative,
1807,14-03-2026,Facebook,Canada,Entertainment,56,Male,This is one of the best services I have ever used,508,139,127,774,4,Positive,
1808,19-08-2025,Twitter,UK,Education,30,Female,Amazing quality and fast delivery,114,226,30,370,4,Positive,
1809,27-09-2025,Twitter,India,Politics,37,Male,This is one of the best services I have ever used,359,155,180,694,4,Positive,
1810,12-05-2025,Facebook,Australia,Health,49,Male,I recently bought this and it exceeded my expectations,348,203,118,669,4,Positive,
1811,22-01-2026,Instagram,India,Entertainment,37,Female,"The product is okay, nothing special about it",174,299,27,500,3,Neutral,
1812,30-07-2025,Twitter,Australia,Technology,39,Female,"Not too good, not too bad",484,130,200,814,3,Neutral,
1813,26-05-2025,Instagram,Canada,Entertainment,38,Male,It works fine but has some minor issues,258,145,38,441,3,Neutral,
1814,05-11-2025,Twitter,USA,Education,56,Female,It works fine but has some minor issues,673,216,15,904,3,Neutral,
1815,17-12-2025,Instagram,USA,Technology,44,Male,The product did not meet my expectations,403,149,17,569,2,Negative,
1816,13-11-2025,Instagram,UK,Technology,46,Male,Had a terrible experience using this service,685,162,40,887,2,Negative,
1817,27-03-2026,Instagram,India,Health,37,Male,Very disappointed with the product quality,172,292,132,596,2,Negative,
1818,19-04-2025,Instagram,USA,Health,53,Male,Amazing quality and fast delivery,477,68,168,713,4,Positive,
1819,14-04-2025,Twitter,USA,Education,58,Male,Very satisfied with the overall performance,549,91,121,761,5,Positive,
1820,12-01-2026,Instagram,Canada,Education,34,Male,I recently bought this and it exceeded my expectations,491,116,23,630,4,Positive,
1821,27-08-2025,Facebook,Australia,Health,59,Male,Poor performance and bad customer support,833,275,79,1187,2,Negative,
1822,03-12-2025,Twitter,UK,Entertainment,20,Female,"Waste of money, not recommended",819,65,185,1069,2,Negative,
1823,02-07-2025,Twitter,Australia,Entertainment,36,Female,"Absolutely loved the experience, highly recommended",950,28,96,1074,5,Positive,
1824,29-01-2026,Facebook,Australia,Politics,56,Male,"Waste of money, not recommended",94,226,127,447,1,Negative,
1825,01-12-2025,Instagram,Australia,Education,49,Female,This is one of the best services I have ever used,755,46,55,856,4,Positive,
1826,30-07-2025,Facebook,Australia,Technology,21,Female,It works fine but has some minor issues,184,133,135,452,3,Neutral,
1827,12-04-2025,Facebook,UK,Product,40,Male,It is acceptable for the price,61,177,37,275,3,Neutral,
1828,12-02-2026,Twitter,Australia,Technology,35,Male,"Not too good, not too bad",416,14,180,610,3,Neutral,
1829,24-11-2025,Twitter,UK,Entertainment,44,Female,Very disappointed with the product quality,883,47,79,1009,1,Negative,
1830,19-06-2025,Facebook,Canada,Health,31,Male,Very disappointed with the product quality,525,134,50,709,2,Negative,
1831,29-03-2025,Instagram,India,Health,33,Male,This is one of the best services I have ever used,140,190,158,488,4,Positive,
1832,01-10-2025,Facebook,India,Sports,44,Female,Very disappointed with the product quality,989,198,33,1220,1,Negative,
1833,04-01-2026,Facebook,Canada,Entertainment,42,Male,Had a terrible experience using this service,214,214,198,626,2,Negative,
1834,10-11-2025,Facebook,UK,Technology,34,Male,It works fine but has some minor issues,60,104,192,356,3,Neutral,
1835,10-04-2025,Facebook,Canada,Technology,19,Female,"Not too good, not too bad",867,20,95,982,3,Neutral,
1836,28-10-2025,Twitter,UK,Product,47,Female,"The product is okay, nothing special about it",250,71,61,382,3,Neutral,
1837,25-01-2026,Instagram,UK,Entertainment,28,Female,It works fine but has some minor issues,820,165,199,1184,3,Neutral,
1838,08-01-2026,Twitter,USA,Sports,56,Female,Amazing quality and fast delivery,803,66,112,981,5,Positive,
1839,15-02-2026,Instagram,UK,Entertainment,43,Male,Poor performance and bad customer support,459,61,7,527,2,Negative,
1840,10-03-2026,Instagram,USA,Technology,35,Female,This is one of the best services I have ever used,511,78,191,780,4,Positive,
1841,27-10-2025,Twitter,UK,Product,59,Male,Had a terrible experience using this service,618,129,14,761,1,Negative,
1842,22-12-2025,Instagram,Australia,Technology,25,Female,"Average experience, could be improved",613,89,36,738,3,Neutral,
1843,01-08-2025,Facebook,USA,Product,51,Female,Had a terrible experience using this service,834,186,102,1122,1,Negative,
1844,18-05-2025,Twitter,India,Entertainment,28,Male,Amazing quality and fast delivery,646,294,106,1046,5,Positive,
1845,13-09-2025,Twitter,UK,Politics,34,Male,"Absolutely loved the experience, highly recommended",638,138,24,800,5,Positive,
1846,25-01-2026,Facebook,Australia,Technology,50,Female,Amazing quality and fast delivery,541,185,35,761,4,Positive,
1847,11-06-2025,Twitter,USA,Education,39,Male,"The product is okay, nothing special about it",260,255,31,546,3,Neutral,
1848,04-09-2025,Twitter,Canada,Education,50,Male,This is one of the best services I have ever used,105,58,85,248,4,Positive,
1849,18-01-2026,Twitter,India,Health,60,Female,"Not too good, not too bad",374,215,101,690,3,Neutral,
1850,12-07-2025,Instagram,UK,Technology,20,Male,"The product is okay, nothing special about it",509,268,36,813,3,Neutral,
1851,27-11-2025,Instagram,Canada,Technology,38,Male,Poor performance and bad customer support,573,245,29,847,2,Negative,
1852,01-09-2025,Instagram,UK,Product,38,Male,"Not too good, not too bad",210,250,84,544,3,Neutral,
1853,27-09-2025,Facebook,Australia,Education,45,Female,Poor performance and bad customer support,120,28,114,262,1,Negative,
1854,02-07-2025,Instagram,UK,Health,33,Male,It works fine but has some minor issues,133,208,107,448,3,Neutral,
1855,08-02-2026,Twitter,Canada,Product,20,Male,"Waste of money, not recommended",688,10,85,783,2,Negative,
1856,13-02-2026,Twitter,Australia,Education,27,Female,I recently bought this and it exceeded my expectations,247,34,195,476,5,Positive,
1857,09-12-2025,Facebook,USA,Health,55,Male,Had a terrible experience using this service,280,284,75,639,1,Negative,
1858,31-05-2025,Instagram,Canada,Education,55,Male,It works fine but has some minor issues,844,164,152,1160,3,Neutral,
1859,05-04-2025,Facebook,Australia,Technology,48,Female,Poor performance and bad customer support,409,212,161,782,1,Negative,
1860,12-09-2025,Instagram,Canada,Education,31,Male,The product did not meet my expectations,615,211,47,873,2,Negative,
1861,06-02-2026,Twitter,UK,Product,25,Female,"Waste of money, not recommended",191,176,97,464,2,Negative,
1862,19-12-2025,Instagram,Australia,Health,29,Female,Very disappointed with the product quality,435,213,47,695,1,Negative,
1863,23-08-2025,Instagram,UK,Sports,52,Female,"Average experience, could be improved",203,171,63,437,3,Neutral,
1864,22-05-2025,Twitter,USA,Politics,46,Female,"Absolutely loved the experience, highly recommended",86,270,142,498,4,Positive,
1865,31-10-2025,Instagram,USA,Product,30,Male,"Average experience, could be improved",982,112,174,1268,3,Neutral,
1866,18-06-2025,Instagram,UK,Technology,53,Male,Had a terrible experience using this service,784,212,200,1196,2,Negative,
1867,04-09-2025,Instagram,India,Technology,32,Male,Very satisfied with the overall performance,466,203,32,701,5,Positive,
1868,18-12-2025,Twitter,Canada,Education,30,Female,This is one of the best services I have ever used,535,254,101,890,4,Positive,
1869,23-06-2025,Twitter,UK,Education,52,Female,This is one of the best services I have ever used,753,99,81,933,4,Positive,
1870,22-11-2025,Twitter,Canada,Health,37,Female,It works fine but has some minor issues,804,167,23,994,3,Neutral,
1871,14-03-2026,Instagram,Australia,Product,22,Male,It is acceptable for the price,912,210,154,1276,3,Neutral,
1872,07-12-2025,Twitter,USA,Politics,57,Male,"Not too good, not too bad",283,57,159,499,3,Neutral,
1873,11-09-2025,Instagram,Canada,Politics,25,Female,"The product is okay, nothing special about it",288,88,196,572,3,Neutral,
1874,13-05-2025,Twitter,India,Technology,42,Male,This is one of the best services I have ever used,400,19,80,499,4,Positive,
1875,13-12-2025,Twitter,UK,Sports,23,Male,This is one of the best services I have ever used,292,177,23,492,4,Positive,
1876,09-01-2026,Facebook,USA,Product,40,Female,Very disappointed with the product quality,379,191,80,650,1,Negative,
1877,03-08-2025,Facebook,India,Health,59,Male,The product did not meet my expectations,617,271,164,1052,1,Negative,
1878,12-07-2025,Twitter,USA,Education,58,Female,Amazing quality and fast delivery,104,167,89,360,4,Positive,
1879,19-11-2025,Twitter,India,Product,37,Male,"Waste of money, not recommended",992,244,198,1434,1,Negative,
1880,22-06-2025,Facebook,Canada,Politics,44,Male,"The product is okay, nothing special about it",875,144,51,1070,3,Neutral,
1881,30-12-2025,Facebook,Australia,Entertainment,21,Male,It is acceptable for the price,146,26,81,253,3,Neutral,
1882,01-11-2025,Instagram,USA,Sports,44,Female,Poor performance and bad customer support,51,11,169,231,2,Negative,
1883,25-03-2026,Facebook,USA,Technology,58,Male,"The product is okay, nothing special about it",213,276,86,575,3,Neutral,
1884,20-10-2025,Facebook,Canada,Entertainment,43,Female,"Average experience, could be improved",126,255,74,455,3,Neutral,
1885,16-08-2025,Twitter,UK,Sports,58,Female,Poor performance and bad customer support,919,153,93,1165,2,Negative,
1886,06-03-2026,Facebook,USA,Technology,26,Female,Very satisfied with the overall performance,186,173,80,439,4,Positive,
1887,06-01-2026,Instagram,UK,Education,27,Male,"The product is okay, nothing special about it",657,57,152,866,3,Neutral,
1888,07-10-2025,Instagram,UK,Product,57,Female,Very disappointed with the product quality,351,143,182,676,1,Negative,
1889,09-08-2025,Instagram,UK,Entertainment,32,Male,Very satisfied with the overall performance,611,268,153,1032,4,Positive,
1890,12-01-2026,Facebook,Canada,Sports,40,Female,This is one of the best services I have ever used,195,112,26,333,4,Positive,
1891,14-07-2025,Facebook,Australia,Sports,34,Male,"The product is okay, nothing special about it",577,120,146,843,3,Neutral,
1892,27-08-2025,Instagram,Australia,Health,25,Female,It is acceptable for the price,291,150,100,541,3,Neutral,
1893,04-03-2026,Facebook,Australia,Sports,22,Male,"Not too good, not too bad",901,176,102,1179,3,Neutral,
1894,19-04-2025,Twitter,USA,Politics,19,Female,"The product is okay, nothing special about it",861,271,171,1303,3,Neutral,
1895,09-07-2025,Instagram,Australia,Product,25,Male,I recently bought this and it exceeded my expectations,875,298,155,1328,5,Positive,
1896,14-08-2025,Instagram,USA,Technology,21,Male,Amazing quality and fast delivery,569,120,154,843,4,Positive,
1897,27-10-2025,Facebook,Canada,Politics,40,Male,"Absolutely loved the experience, highly recommended",977,249,34,1260,5,Positive,
1898,15-04-2025,Twitter,India,Product,54,Female,I recently bought this and it exceeded my expectations,479,132,21,632,5,Positive,
1899,05-05-2025,Instagram,Australia,Health,41,Female,"Waste of money, not recommended",497,89,96,682,1,Negative,
1900,11-07-2025,Instagram,UK,Entertainment,42,Male,I recently bought this and it exceeded my expectations,997,79,175,1251,5,Positive,
1901,24-12-2025,Twitter,UK,Health,46,Male,"Waste of money, not recommended",165,73,63,301,1,Negative,
1902,23-08-2025,Instagram,Canada,Sports,28,Female,"Absolutely loved the experience, highly recommended",315,298,54,667,5,Positive,
1903,31-05-2025,Instagram,India,Product,31,Male,Poor performance and bad customer support,117,84,155,356,1,Negative,
1904,17-01-2026,Facebook,Canada,Product,52,Male,Very disappointed with the product quality,433,284,38,755,1,Negative,
1905,21-12-2025,Twitter,India,Sports,51,Male,It works fine but has some minor issues,758,264,126,1148,3,Neutral,
1906,13-05-2025,Instagram,USA,Sports,27,Male,It works fine but has some minor issues,546,212,52,810,3,Neutral,
1907,19-11-2025,Instagram,Australia,Health,37,Male,"The product is okay, nothing special about it",810,255,182,1247,3,Neutral,
1908,30-10-2025,Facebook,Canada,Technology,33,Female,It is acceptable for the price,93,106,140,339,3,Neutral,
1909,27-07-2025,Instagram,Australia,Technology,41,Male,It works fine but has some minor issues,181,122,159,462,3,Neutral,
1910,10-05-2025,Instagram,Canada,Politics,53,Female,This is one of the best services I have ever used,443,42,191,676,5,Positive,
1911,15-01-2026,Twitter,India,Technology,31,Female,"Average experience, could be improved",392,27,193,612,3,Neutral,
1912,19-01-2026,Instagram,Canada,Education,40,Female,"Absolutely loved the experience, highly recommended",798,243,77,1118,4,Positive,
1913,28-11-2025,Facebook,UK,Entertainment,47,Female,It works fine but has some minor issues,94,180,171,445,3,Neutral,
1914,21-01-2026,Instagram,Canada,Entertainment,32,Female,"Waste of money, not recommended",816,299,71,1186,1,Negative,
1915,16-03-2026,Twitter,UK,Health,20,Male,"Waste of money, not recommended",606,132,125,863,1,Negative,
1916,08-05-2025,Instagram,USA,Politics,25,Female,Poor performance and bad customer support,552,128,35,715,1,Negative,
1917,10-06-2025,Facebook,Australia,Health,30,Male,It works fine but has some minor issues,501,269,89,859,3,Neutral,
1918,21-11-2025,Twitter,Canada,Product,27,Female,Poor performance and bad customer support,316,30,59,405,2,Negative,
1919,29-04-2025,Instagram,Canada,Education,32,Female,It works fine but has some minor issues,556,156,76,788,3,Neutral,
1920,09-07-2025,Instagram,Canada,Health,21,Male,It works fine but has some minor issues,66,165,126,357,3,Neutral,
1921,22-04-2025,Twitter,Australia,Sports,39,Male,Had a terrible experience using this service,493,288,78,859,1,Negative,
1922,14-10-2025,Facebook,UK,Health,48,Female,It works fine but has some minor issues,989,195,53,1237,3,Neutral,
1923,26-03-2026,Instagram,Australia,Product,56,Female,"Not too good, not too bad",541,149,161,851,3,Neutral,
1924,21-11-2025,Twitter,Australia,Health,31,Female,The product did not meet my expectations,157,215,53,425,2,Negative,
1925,17-05-2025,Instagram,USA,Technology,52,Female,Had a terrible experience using this service,178,166,160,504,2,Negative,
1926,08-12-2025,Instagram,Canada,Sports,43,Male,Very satisfied with the overall performance,66,291,165,522,5,Positive,
1927,04-05-2025,Instagram,USA,Entertainment,29,Male,Had a terrible experience using this service,71,132,164,367,2,Negative,
1928,08-06-2025,Facebook,Australia,Sports,43,Female,Poor performance and bad customer support,724,300,65,1089,2,Negative,
1929,24-09-2025,Twitter,UK,Politics,44,Male,This is one of the best services I have ever used,980,126,154,1260,5,Positive,
1930,08-09-2025,Twitter,Australia,Technology,42,Male,"Average experience, could be improved",756,300,150,1206,3,Neutral,
1931,11-09-2025,Twitter,India,Education,42,Male,The product did not meet my expectations,483,294,53,830,2,Negative,
1932,26-06-2025,Facebook,Australia,Technology,46,Male,Had a terrible experience using this service,315,34,57,406,1,Negative,
1933,02-03-2026,Facebook,UK,Product,31,Male,Very satisfied with the overall performance,334,21,87,442,5,Positive,
1934,04-11-2025,Facebook,USA,Politics,34,Female,It works fine but has some minor issues,110,53,181,344,3,Neutral,
1935,06-11-2025,Twitter,UK,Entertainment,45,Male,Amazing quality and fast delivery,610,83,58,751,5,Positive,
1936,06-09-2025,Facebook,Canada,Entertainment,54,Female,I recently bought this and it exceeded my expectations,331,45,94,470,5,Positive,
1937,12-02-2026,Twitter,UK,Technology,36,Male,"The product is okay, nothing special about it",499,282,102,883,3,Neutral,
1938,02-08-2025,Instagram,Canada,Entertainment,40,Male,It works fine but has some minor issues,72,151,175,398,3,Neutral,
1939,25-05-2025,Instagram,Canada,Politics,26,Male,Poor performance and bad customer support,489,215,168,872,2,Negative,
1940,06-05-2025,Twitter,India,Health,54,Female,"Average experience, could be improved",783,173,43,999,3,Neutral,
1941,20-09-2025,Twitter,Canada,Education,24,Female,Had a terrible experience using this service,890,214,88,1192,2,Negative,
1942,19-04-2025,Twitter,India,Politics,43,Female,I recently bought this and it exceeded my expectations,389,134,43,566,4,Positive,
1943,20-03-2026,Facebook,USA,Health,20,Female,It is acceptable for the price,319,38,38,395,3,Neutral,
1944,01-07-2025,Instagram,Canada,Product,49,Male,"Average experience, could be improved",471,292,193,956,3,Neutral,
1945,03-03-2026,Facebook,India,Sports,31,Male,This is one of the best services I have ever used,290,148,80,518,4,Positive,
1946,12-12-2025,Instagram,UK,Product,44,Female,Amazing quality and fast delivery,268,154,170,592,5,Positive,
1947,27-07-2025,Facebook,USA,Entertainment,44,Female,"The product is okay, nothing special about it",227,151,64,442,3,Neutral,
1948,12-09-2025,Facebook,UK,Technology,41,Male,Very satisfied with the overall performance,640,103,58,801,4,Positive,
1949,29-07-2025,Facebook,USA,Product,37,Female,"Average experience, could be improved",536,117,115,768,3,Neutral,
1950,26-07-2025,Twitter,Canada,Technology,37,Male,It is acceptable for the price,604,228,104,936,3,Neutral,
1951,17-06-2025,Facebook,UK,Technology,38,Male,"Waste of money, not recommended",903,292,50,1245,1,Negative,
1952,26-03-2026,Twitter,Australia,Entertainment,28,Male,Had a terrible experience using this service,366,40,174,580,2,Negative,
1953,16-06-2025,Twitter,USA,Health,35,Female,It is acceptable for the price,209,221,82,512,3,Neutral,
1954,10-09-2025,Twitter,Australia,Education,18,Male,"Not too good, not too bad",810,234,87,1131,3,Neutral,
1955,27-11-2025,Instagram,Canada,Politics,53,Female,Amazing quality and fast delivery,193,211,38,442,5,Positive,
1956,14-07-2025,Twitter,USA,Health,45,Female,Poor performance and bad customer support,433,99,56,588,1,Negative,
1957,16-08-2025,Facebook,Canada,Product,37,Female,It works fine but has some minor issues,541,102,35,678,3,Neutral,
1958,08-05-2025,Facebook,UK,Health,53,Male,Poor performance and bad customer support,135,296,76,507,1,Negative,
1959,26-08-2025,Instagram,USA,Politics,32,Female,The product did not meet my expectations,614,55,6,675,1,Negative,
1960,22-03-2026,Facebook,Canada,Technology,55,Male,"The product is okay, nothing special about it",115,87,99,301,3,Neutral,
1961,09-01-2026,Instagram,Australia,Politics,19,Female,The product did not meet my expectations,978,89,186,1253,1,Negative,
1962,25-03-2026,Twitter,USA,Education,20,Male,Very disappointed with the product quality,989,226,136,1351,2,Negative,
1963,01-05-2025,Facebook,USA,Technology,34,Female,It works fine but has some minor issues,62,59,129,250,3,Neutral,
1964,16-09-2025,Facebook,India,Entertainment,27,Male,Very disappointed with the product quality,688,240,35,963,2,Negative,
1965,19-12-2025,Facebook,Canada,Product,22,Male,It is acceptable for the price,653,256,28,937,3,Neutral,
1966,20-08-2025,Facebook,India,Politics,56,Male,Had a terrible experience using this service,80,101,177,358,2,Negative,
1967,24-10-2025,Twitter,Canada,Sports,19,Male,Very disappointed with the product quality,721,274,44,1039,1,Negative,
1968,21-10-2025,Twitter,Canada,Entertainment,58,Female,I recently bought this and it exceeded my expectations,444,137,29,610,4,Positive,
1969,13-01-2026,Twitter,USA,Technology,42,Male,Very disappointed with the product quality,171,278,106,555,1,Negative,
1970,10-02-2026,Twitter,Canada,Sports,46,Female,"Not too good, not too bad",471,198,60,729,3,Neutral,
1971,13-06-2025,Facebook,Australia,Product,24,Female,"Not too good, not too bad",962,236,106,1304,3,Neutral,
1972,08-04-2025,Twitter,UK,Education,37,Female,It works fine but has some minor issues,704,228,93,1025,3,Neutral,
1973,09-11-2025,Facebook,UK,Education,56,Male,It works fine but has some minor issues,767,11,47,825,3,Neutral,
1974,30-01-2026,Facebook,India,Sports,48,Female,"The product is okay, nothing special about it",605,206,116,927,3,Neutral,
1975,23-02-2026,Twitter,Canada,Politics,56,Female,"Absolutely loved the experience, highly recommended",785,298,139,1222,4,Positive,
1976,22-07-2025,Twitter,USA,Education,52,Female,Very disappointed with the product quality,179,188,193,560,2,Negative,
1977,14-01-2026,Facebook,Australia,Health,29,Male,I recently bought this and it exceeded my expectations,882,292,34,1208,4,Positive,
1978,26-02-2026,Instagram,India,Entertainment,22,Male,It works fine but has some minor issues,388,240,77,705,3,Neutral,
1979,23-12-2025,Twitter,India,Politics,22,Female,Very satisfied with the overall performance,825,144,129,1098,5,Positive,
1980,20-09-2025,Twitter,India,Politics,23,Female,Very satisfied with the overall performance,954,240,115,1309,5,Positive,
1981,20-02-2026,Instagram,Australia,Product,46,Female,"Not too good, not too bad",235,264,16,515,3,Neutral,
1982,19-08-2025,Instagram,Australia,Health,49,Female,Very disappointed with the product quality,896,105,111,1112,1,Negative,
1983,22-01-2026,Instagram,UK,Health,23,Female,The product did not meet my expectations,280,141,101,522,2,Negative,
1984,17-01-2026,Instagram,Australia,Sports,52,Female,Very disappointed with the product quality,888,242,81,1211,2,Negative,
1985,28-08-2025,Twitter,UK,Product,25,Female,It is acceptable for the price,403,109,183,695,3,Neutral,
1986,06-06-2025,Twitter,Australia,Health,19,Male,"The product is okay, nothing special about it",454,41,171,666,3,Neutral,
1987,16-05-2025,Instagram,Australia,Sports,52,Female,Had a terrible experience using this service,923,39,120,1082,2,Negative,
1988,17-06-2025,Facebook,UK,Product,49,Female,Very satisfied with the overall performance,932,98,23,1053,5,Positive,
1989,20-03-2026,Instagram,UK,Technology,45,Male,"Waste of money, not recommended",316,31,66,413,1,Negative,
1990,30-01-2026,Twitter,UK,Sports,38,Male,Poor performance and bad customer support,955,114,140,1209,1,Negative,
1991,22-12-2025,Facebook,USA,Entertainment,38,Male,I recently bought this and it exceeded my expectations,707,184,29,920,4,Positive,
1992,26-07-2025,Twitter,Australia,Sports,23,Female,"Waste of money, not recommended",558,225,154,937,1,Negative,
1993,23-12-2025,Facebook,USA,Health,38,Female,Amazing quality and fast delivery,413,154,171,738,5,Positive,
1994,16-08-2025,Twitter,Australia,Entertainment,48,Female,It works fine but has some minor issues,549,265,133,947,3,Neutral,
1995,27-11-2025,Twitter,USA,Politics,34,Male,The product did not meet my expectations,320,115,59,494,1,Negative,
1996,01-06-2025,Facebook,Canada,Health,50,Male,"Average experience, could be improved",968,33,143,1144,3,Neutral,
1997,06-12-2025,Facebook,USA,Technology,46,Female,Poor performance and bad customer support,535,190,110,835,1,Negative,
1998,23-03-2026,Facebook,UK,Politics,29,Male,The product did not meet my expectations,412,262,190,864,1,Negative,
1999,12-04-2025,Facebook,USA,Product,41,Male,Very satisfied with the overall performance,675,134,140,949,4,Positive,
2000,08-09-2025,Twitter,UK,Technology,48,Male,Poor performance and bad customer support,533,66,88,687,2,Negative,
2001,21-06-2025,Twitter,India,Education,41,Female,Very satisfied with the overall performance,979,255,168,1402,5,Positive,
2002,19-08-2025,Facebook,Australia,Technology,41,Female,"Waste of money, not recommended",936,107,70,1113,2,Negative,
2003,29-01-2026,Twitter,India,Technology,30,Male,"Waste of money, not recommended",53,138,122,313,2,Negative,
2004,18-05-2025,Facebook,India,Product,26,Female,It works fine but has some minor issues,503,214,42,759,3,Neutral,
2005,21-03-2026,Twitter,Australia,Health,29,Female,"Waste of money, not recommended",897,97,23,1017,1,Negative,
2006,21-06-2025,Twitter,UK,Product,27,Male,It works fine but has some minor issues,287,51,175,513,3,Neutral,
2007,26-02-2026,Twitter,UK,Politics,34,Female,I recently bought this and it exceeded my expectations,716,161,192,1069,5,Positive,
2008,03-11-2025,Instagram,Australia,Health,31,Male,Poor performance and bad customer support,932,144,100,1176,1,Negative,
2009,03-11-2025,Twitter,UK,Technology,44,Female,The product did not meet my expectations,296,155,103,554,1,Negative,
2010,06-02-2026,Twitter,USA,Product,58,Male,"Waste of money, not recommended",811,218,21,1050,1,Negative,
2011,26-11-2025,Facebook,USA,Politics,53,Male,Poor performance and bad customer support,539,89,180,808,2,Negative,
2012,28-03-2025,Twitter,Australia,Technology,22,Male,"Not too good, not too bad",414,206,185,805,3,Neutral,
2013,14-02-2026,Facebook,UK,Product,44,Male,It is acceptable for the price,994,133,199,1326,3,Neutral,
2014,07-02-2026,Instagram,Australia,Sports,38,Female,"Not too good, not too bad",923,97,76,1096,3,Neutral,
2015,05-04-2025,Instagram,Canada,Sports,41,Female,"The product is okay, nothing special about it",903,28,59,990,3,Neutral,
2016,29-09-2025,Twitter,USA,Product,31,Female,Very satisfied with the overall performance,204,131,94,429,5,Positive,
2017,09-09-2025,Facebook,UK,Technology,33,Female,"Average experience, could be improved",926,269,105,1300,3,Neutral,
2018,02-06-2025,Instagram,USA,Sports,60,Male,Very disappointed with the product quality,921,113,164,1198,1,Negative,
2019,24-06-2025,Instagram,Canada,Health,36,Male,"Absolutely loved the experience, highly recommended",437,238,187,862,4,Positive,
2020,23-05-2025,Facebook,India,Sports,42,Male,Very satisfied with the overall performance,360,13,182,555,4,Positive,
2021,13-05-2025,Twitter,UK,Product,38,Male,"The product is okay, nothing special about it",633,61,183,877,3,Neutral,
2022,18-09-2025,Instagram,USA,Education,34,Female,It is acceptable for the price,314,204,92,610,3,Neutral,
2023,26-11-2025,Instagram,UK,Product,30,Male,The product did not meet my expectations,425,57,186,668,2,Negative,
2024,11-12-2025,Facebook,UK,Product,18,Female,It works fine but has some minor issues,702,159,91,952,3,Neutral,
2025,15-09-2025,Facebook,UK,Politics,31,Male,This is one of the best services I have ever used,757,174,9,940,5,Positive,
2026,30-04-2025,Instagram,India,Politics,20,Male,This is one of the best services I have ever used,59,169,183,411,4,Positive,
2027,12-09-2025,Twitter,USA,Education,44,Female,Poor performance and bad customer support,942,202,66,1210,2,Negative,
2028,16-07-2025,Instagram,Australia,Technology,50,Female,Poor performance and bad customer support,454,253,168,875,2,Negative,
2029,22-05-2025,Twitter,India,Sports,33,Female,Poor performance and bad customer support,887,19,82,988,1,Negative,
2030,22-11-2025,Facebook,Canada,Sports,38,Male,It works fine but has some minor issues,301,232,148,681,3,Neutral,
2031,27-02-2026,Instagram,UK,Health,28,Male,This is one of the best services I have ever used,146,197,51,394,5,Positive,
2032,02-08-2025,Twitter,Canada,Technology,53,Male,Very disappointed with the product quality,263,65,168,496,2,Negative,
2033,16-10-2025,Twitter,Australia,Education,28,Male,"Average experience, could be improved",210,205,101,516,3,Neutral,
2034,12-05-2025,Facebook,Canada,Technology,19,Female,Had a terrible experience using this service,286,130,58,474,2,Negative,
2035,05-04-2025,Facebook,India,Education,19,Male,Had a terrible experience using this service,891,252,176,1319,2,Negative,
2036,20-06-2025,Twitter,USA,Technology,20,Male,Very disappointed with the product quality,617,243,148,1008,2,Negative,
2037,20-09-2025,Facebook,USA,Product,47,Male,"The product is okay, nothing special about it",976,144,141,1261,3,Neutral,
2038,23-08-2025,Instagram,Canada,Technology,56,Male,"Waste of money, not recommended",212,198,189,599,2,Negative,
2039,21-05-2025,Twitter,Canada,Entertainment,38,Female,"Absolutely loved the experience, highly recommended",717,15,125,857,5,Positive,
2040,22-10-2025,Facebook,Australia,Politics,32,Male,The product did not meet my expectations,886,139,87,1112,2,Negative,
2041,04-02-2026,Facebook,Australia,Education,37,Female,The product did not meet my expectations,722,115,65,902,1,Negative,
2042,27-01-2026,Twitter,USA,Entertainment,59,Male,"The product is okay, nothing special about it",342,266,11,619,3,Neutral,
2043,02-09-2025,Instagram,UK,Entertainment,40,Female,"The product is okay, nothing special about it",997,75,39,1111,3,Neutral,
2044,02-11-2025,Facebook,India,Sports,41,Female,"Absolutely loved the experience, highly recommended",994,286,66,1346,5,Positive,
2045,25-05-2025,Instagram,UK,Entertainment,28,Female,Poor performance and bad customer support,416,120,121,657,1,Negative,
2046,09-11-2025,Twitter,India,Health,22,Male,Amazing quality and fast delivery,104,147,32,283,5,Positive,
2047,09-11-2025,Twitter,UK,Politics,57,Male,This is one of the best services I have ever used,995,62,95,1152,5,Positive,
2048,30-08-2025,Instagram,USA,Technology,59,Male,It is acceptable for the price,294,214,106,614,3,Neutral,
2049,27-09-2025,Facebook,UK,Sports,56,Male,"Average experience, could be improved",627,267,56,950,3,Neutral,
2050,17-12-2025,Facebook,Australia,Health,26,Female,This is one of the best services I have ever used,880,118,200,1198,4,Positive,
2051,04-06-2025,Instagram,Australia,Entertainment,41,Male,It is acceptable for the price,625,90,135,850,3,Neutral,
2052,17-02-2026,Facebook,Australia,Health,50,Female,This is one of the best services I have ever used,253,290,135,678,4,Positive,
2053,26-06-2025,Facebook,Australia,Technology,51,Female,The product did not meet my expectations,639,68,95,802,1,Negative,
2054,07-10-2025,Facebook,UK,Technology,56,Male,It is acceptable for the price,917,206,189,1312,3,Neutral,
2055,08-01-2026,Facebook,India,Education,24,Male,"The product is okay, nothing special about it",264,76,126,466,3,Neutral,
2056,28-07-2025,Instagram,Canada,Sports,47,Female,This is one of the best services I have ever used,442,49,197,688,5,Positive,
2057,21-07-2025,Instagram,UK,Entertainment,36,Male,I recently bought this and it exceeded my expectations,747,46,46,839,5,Positive,
2058,20-02-2026,Facebook,Canada,Sports,41,Female,Had a terrible experience using this service,718,185,21,924,1,Negative,
2059,18-03-2026,Instagram,UK,Technology,53,Male,Had a terrible experience using this service,458,141,50,649,2,Negative,
2060,19-03-2026,Facebook,UK,Sports,51,Male,"Absolutely loved the experience, highly recommended",254,144,28,426,5,Positive,
2061,19-06-2025,Instagram,UK,Product,32,Female,Very satisfied with the overall performance,338,282,187,807,5,Positive,
2062,25-04-2025,Facebook,UK,Education,44,Male,Very disappointed with the product quality,611,93,54,758,2,Negative,
2063,19-12-2025,Twitter,Australia,Sports,26,Female,"The product is okay, nothing special about it",685,125,75,885,3,Neutral,
2064,17-07-2025,Twitter,UK,Education,35,Male,"Absolutely loved the experience, highly recommended",336,250,132,718,4,Positive,
2065,25-06-2025,Facebook,Canada,Politics,53,Male,"Waste of money, not recommended",843,252,64,1159,2,Negative,
2066,29-09-2025,Twitter,USA,Sports,41,Female,"The product is okay, nothing special about it",665,37,41,743,3,Neutral,
2067,01-12-2025,Facebook,USA,Health,50,Male,"Average experience, could be improved",255,202,6,463,3,Neutral,
2068,14-09-2025,Facebook,Canada,Education,36,Male,"Absolutely loved the experience, highly recommended",923,56,160,1139,5,Positive,
2069,07-12-2025,Facebook,Canada,Entertainment,31,Female,"The product is okay, nothing special about it",218,134,59,411,3,Neutral,
2070,29-06-2025,Twitter,Australia,Entertainment,22,Female,"The product is okay, nothing special about it",367,233,29,629,3,Neutral,
2071,31-12-2025,Twitter,UK,Health,51,Female,I recently bought this and it exceeded my expectations,161,265,64,490,5,Positive,
2072,30-07-2025,Instagram,India,Entertainment,42,Female,Very disappointed with the product quality,485,238,152,875,2,Negative,
2073,04-09-2025,Instagram,India,Health,50,Male,This is one of the best services I have ever used,87,200,85,372,5,Positive,
2074,14-04-2025,Twitter,UK,Health,38,Female,It is acceptable for the price,318,172,36,526,3,Neutral,
2075,01-06-2025,Twitter,Canada,Entertainment,50,Male,It is acceptable for the price,933,152,118,1203,3,Neutral,
2076,11-03-2026,Twitter,India,Technology,53,Female,"Average experience, could be improved",431,36,130,597,3,Neutral,
2077,16-02-2026,Twitter,Canada,Politics,57,Female,"Average experience, could be improved",804,237,189,1230,3,Neutral,
2078,13-01-2026,Instagram,Australia,Product,39,Female,Amazing quality and fast delivery,863,184,21,1068,4,Positive,
2079,21-01-2026,Facebook,Canada,Product,53,Male,Very disappointed with the product quality,119,287,127,533,1,Negative,
2080,06-08-2025,Instagram,USA,Education,53,Female,"Average experience, could be improved",358,112,79,549,3,Neutral,
2081,18-09-2025,Facebook,USA,Politics,33,Male,I recently bought this and it exceeded my expectations,620,161,104,885,4,Positive,
2082,25-10-2025,Instagram,Canada,Sports,28,Female,"The product is okay, nothing special about it",963,193,120,1276,3,Neutral,
2083,08-03-2026,Facebook,Australia,Education,35,Male,Amazing quality and fast delivery,981,270,165,1416,4,Positive,
2084,22-03-2026,Facebook,India,Entertainment,48,Male,"Not too good, not too bad",642,197,146,985,3,Neutral,
2085,22-11-2025,Instagram,Australia,Sports,20,Female,Very satisfied with the overall performance,613,104,17,734,4,Positive,
2086,20-11-2025,Instagram,USA,Politics,35,Male,It works fine but has some minor issues,257,173,161,591,3,Neutral,
2087,09-03-2026,Facebook,Australia,Product,21,Female,"The product is okay, nothing special about it",824,69,80,973,3,Neutral,
2088,22-07-2025,Instagram,Canada,Entertainment,47,Male,I recently bought this and it exceeded my expectations,965,220,39,1224,5,Positive,
2089,04-09-2025,Facebook,USA,Product,49,Male,"Waste of money, not recommended",891,48,177,1116,2,Negative,
2090,13-02-2026,Facebook,UK,Education,23,Male,Poor performance and bad customer support,706,204,170,1080,2,Negative,
2091,27-09-2025,Instagram,Canada,Health,56,Male,"Waste of money, not recommended",147,34,99,280,2,Negative,
2092,30-10-2025,Twitter,UK,Education,22,Female,Poor performance and bad customer support,555,221,29,805,2,Negative,
2093,03-06-2025,Instagram,Canada,Product,35,Male,"Waste of money, not recommended",644,32,16,692,1,Negative,
2094,29-10-2025,Instagram,Australia,Education,43,Male,Amazing quality and fast delivery,468,190,115,773,4,Positive,
2095,18-09-2025,Instagram,USA,Sports,50,Female,"Waste of money, not recommended",311,257,100,668,1,Negative,
2096,17-09-2025,Instagram,Australia,Product,56,Male,It is acceptable for the price,715,94,121,930,3,Neutral,
2097,18-04-2025,Twitter,Canada,Politics,22,Female,"Waste of money, not recommended",311,161,138,610,2,Negative,
2098,27-09-2025,Instagram,Canada,Education,49,Male,It works fine but has some minor issues,142,68,75,285,3,Neutral,
2099,31-12-2025,Facebook,Canada,Technology,51,Female,It works fine but has some minor issues,937,54,193,1184,3,Neutral,
2100,16-12-2025,Facebook,USA,Technology,45,Female,Had a terrible experience using this service,599,27,181,807,2,Negative,
2101,29-12-2025,Instagram,Canada,Sports,19,Male,Very disappointed with the product quality,923,195,80,1198,1,Negative,
2102,09-02-2026,Facebook,India,Sports,60,Female,The product did not meet my expectations,859,232,151,1242,1,Negative,
2103,23-04-2025,Twitter,Australia,Politics,43,Female,Very satisfied with the overall performance,679,297,111,1087,5,Positive,
2104,24-10-2025,Twitter,UK,Sports,43,Male,Amazing quality and fast delivery,493,207,61,761,4,Positive,
2105,06-05-2025,Facebook,India,Technology,30,Male,Had a terrible experience using this service,970,113,157,1240,1,Negative,
2106,28-04-2025,Instagram,Australia,Technology,22,Female,Poor performance and bad customer support,944,177,38,1159,1,Negative,
2107,08-04-2025,Facebook,USA,Education,57,Female,"The product is okay, nothing special about it",984,203,199,1386,3,Neutral,
2108,22-11-2025,Twitter,USA,Technology,52,Female,I recently bought this and it exceeded my expectations,591,290,183,1064,4,Positive,
2109,19-11-2025,Instagram,Canada,Sports,48,Male,"Waste of money, not recommended",377,270,8,655,2,Negative,
2110,03-09-2025,Instagram,Canada,Product,52,Female,This is one of the best services I have ever used,697,113,131,941,5,Positive,
2111,17-12-2025,Instagram,Canada,Product,42,Female,Amazing quality and fast delivery,684,181,194,1059,4,Positive,
2112,11-07-2025,Instagram,Canada,Politics,34,Male,"Absolutely loved the experience, highly recommended",279,254,36,569,4,Positive,
2113,11-06-2025,Instagram,Canada,Entertainment,31,Female,Had a terrible experience using this service,498,218,118,834,1,Negative,
2114,10-07-2025,Instagram,India,Sports,30,Female,I recently bought this and it exceeded my expectations,195,61,114,370,4,Positive,
2115,04-04-2025,Instagram,Australia,Entertainment,31,Female,Amazing quality and fast delivery,366,130,178,674,4,Positive,
2116,11-09-2025,Facebook,UK,Education,60,Female,I recently bought this and it exceeded my expectations,627,137,86,850,5,Positive,
2117,16-05-2025,Instagram,Australia,Technology,44,Male,Amazing quality and fast delivery,539,79,66,684,4,Positive,
2118,15-10-2025,Instagram,UK,Entertainment,28,Male,"Absolutely loved the experience, highly recommended",742,45,188,975,5,Positive,
2119,21-11-2025,Facebook,India,Sports,39,Female,Very satisfied with the overall performance,66,84,112,262,5,Positive,
2120,22-07-2025,Twitter,USA,Technology,42,Female,It is acceptable for the price,722,299,192,1213,3,Neutral,
2121,06-12-2025,Twitter,Canada,Sports,54,Female,Very disappointed with the product quality,195,116,21,332,1,Negative,
2122,16-11-2025,Twitter,Australia,Education,46,Female,Very satisfied with the overall performance,139,163,64,366,5,Positive,
2123,07-08-2025,Facebook,Australia,Technology,50,Female,"Not too good, not too bad",249,164,43,456,3,Neutral,
2124,01-08-2025,Instagram,USA,Entertainment,25,Male,"Absolutely loved the experience, highly recommended",970,32,33,1035,5,Positive,
2125,11-02-2026,Facebook,USA,Politics,54,Male,It works fine but has some minor issues,848,92,127,1067,3,Neutral,
2126,22-01-2026,Facebook,India,Entertainment,40,Female,I recently bought this and it exceeded my expectations,806,162,145,1113,4,Positive,
2127,03-10-2025,Twitter,Australia,Health,44,Female,"Average experience, could be improved",156,159,95,410,3,Neutral,
2128,08-04-2025,Instagram,USA,Politics,54,Female,Very disappointed with the product quality,596,71,159,826,2,Negative,
2129,02-07-2025,Twitter,USA,Health,37,Female,It is acceptable for the price,901,95,160,1156,3,Neutral,
2130,26-01-2026,Twitter,India,Health,52,Male,It is acceptable for the price,281,207,176,664,3,Neutral,
2131,10-11-2025,Instagram,Canada,Politics,36,Male,Poor performance and bad customer support,135,73,50,258,2,Negative,
2132,09-03-2026,Instagram,USA,Education,43,Female,"Not too good, not too bad",657,144,98,899,3,Neutral,
2133,18-03-2026,Instagram,India,Product,36,Female,Poor performance and bad customer support,272,143,113,528,1,Negative,
2134,10-05-2025,Instagram,USA,Technology,58,Female,The product did not meet my expectations,282,107,22,411,2,Negative,
2135,09-08-2025,Instagram,Canada,Technology,53,Male,"Average experience, could be improved",744,154,168,1066,3,Neutral,
2136,10-08-2025,Instagram,UK,Education,30,Male,"Not too good, not too bad",67,236,162,465,3,Neutral,
2137,18-04-2025,Twitter,India,Politics,33,Female,Very disappointed with the product quality,156,265,78,499,1,Negative,
2138,21-04-2025,Facebook,India,Health,49,Male,It is acceptable for the price,944,248,83,1275,3,Neutral,
2139,26-06-2025,Facebook,Australia,Health,51,Female,"Waste of money, not recommended",884,191,178,1253,1,Negative,
2140,15-01-2026,Twitter,Canada,Product,51,Female,Very satisfied with the overall performance,286,228,33,547,4,Positive,
2141,20-02-2026,Instagram,Canada,Sports,40,Male,Poor performance and bad customer support,558,300,47,905,2,Negative,
2142,15-03-2026,Instagram,India,Sports,46,Male,I recently bought this and it exceeded my expectations,847,140,189,1176,4,Positive,
2143,07-02-2026,Facebook,USA,Health,45,Female,I recently bought this and it exceeded my expectations,811,169,200,1180,5,Positive,
2144,14-02-2026,Facebook,India,Politics,28,Female,"The product is okay, nothing special about it",730,274,150,1154,3,Neutral,
2145,14-12-2025,Instagram,USA,Entertainment,57,Male,Very satisfied with the overall performance,837,111,8,956,5,Positive,
2146,21-06-2025,Instagram,USA,Product,32,Female,It is acceptable for the price,628,287,98,1013,3,Neutral,
2147,04-08-2025,Instagram,USA,Education,46,Male,"Absolutely loved the experience, highly recommended",444,170,123,737,5,Positive,
2148,28-05-2025,Twitter,USA,Technology,34,Female,The product did not meet my expectations,920,192,14,1126,2,Negative,
2149,22-12-2025,Instagram,Canada,Health,20,Male,This is one of the best services I have ever used,561,200,8,769,4,Positive,
2150,07-11-2025,Instagram,Australia,Technology,44,Male,Had a terrible experience using this service,963,61,66,1090,1,Negative,
2151,19-04-2025,Twitter,USA,Entertainment,39,Female,Very satisfied with the overall performance,432,277,104,813,5,Positive,
2152,18-09-2025,Twitter,Australia,Product,60,Male,It is acceptable for the price,715,162,138,1015,3,Neutral,
2153,21-03-2026,Facebook,UK,Product,60,Female,"Average experience, could be improved",631,277,60,968,3,Neutral,
2154,08-10-2025,Instagram,UK,Entertainment,24,Female,"The product is okay, nothing special about it",165,72,126,363,3,Neutral,
2155,07-04-2025,Facebook,Australia,Product,35,Male,"Waste of money, not recommended",319,280,168,767,1,Negative,
2156,24-05-2025,Facebook,USA,Health,43,Female,Very satisfied with the overall performance,207,257,196,660,5,Positive,
2157,26-12-2025,Twitter,USA,Sports,26,Male,"Not too good, not too bad",718,272,87,1077,3,Neutral,
2158,28-07-2025,Instagram,UK,Technology,24,Male,"Average experience, could be improved",915,14,8,937,3,Neutral,
2159,14-09-2025,Facebook,India,Education,42,Female,It is acceptable for the price,805,227,13,1045,3,Neutral,
2160,25-12-2025,Twitter,UK,Sports,34,Male,"Absolutely loved the experience, highly recommended",886,286,163,1335,4,Positive,
2161,05-08-2025,Facebook,USA,Sports,39,Female,Very satisfied with the overall performance,119,299,29,447,5,Positive,
2162,18-06-2025,Twitter,UK,Sports,31,Female,Very satisfied with the overall performance,133,278,50,461,4,Positive,
2163,27-05-2025,Instagram,Australia,Sports,24,Male,"Average experience, could be improved",472,73,67,612,3,Neutral,
2164,13-12-2025,Facebook,Canada,Politics,25,Female,Had a terrible experience using this service,742,136,112,990,1,Negative,
2165,09-01-2026,Instagram,Australia,Politics,20,Female,Amazing quality and fast delivery,177,241,115,533,4,Positive,
2166,19-01-2026,Instagram,Canada,Health,38,Male,Poor performance and bad customer support,53,214,109,376,1,Negative,
2167,11-06-2025,Instagram,UK,Sports,53,Male,"Waste of money, not recommended",92,284,121,497,1,Negative,
2168,19-04-2025,Instagram,UK,Entertainment,55,Female,It works fine but has some minor issues,764,250,84,1098,3,Neutral,
2169,26-09-2025,Instagram,Canada,Entertainment,56,Female,Poor performance and bad customer support,127,290,26,443,1,Negative,
2170,27-12-2025,Facebook,India,Education,44,Female,It works fine but has some minor issues,344,190,153,687,3,Neutral,
2171,18-03-2026,Twitter,India,Entertainment,25,Male,"Absolutely loved the experience, highly recommended",919,198,82,1199,4,Positive,
2172,15-08-2025,Facebook,India,Entertainment,44,Female,It works fine but has some minor issues,535,248,130,913,3,Neutral,
2173,18-11-2025,Facebook,USA,Education,26,Male,Very disappointed with the product quality,107,149,130,386,2,Negative,
2174,06-07-2025,Instagram,USA,Entertainment,44,Female,The product did not meet my expectations,988,78,13,1079,1,Negative,
2175,25-05-2025,Facebook,UK,Health,58,Female,Had a terrible experience using this service,637,139,131,907,2,Negative,
2176,28-07-2025,Facebook,India,Product,34,Female,Amazing quality and fast delivery,751,262,158,1171,4,Positive,
2177,20-03-2026,Twitter,India,Politics,50,Female,"Waste of money, not recommended",304,74,62,440,1,Negative,
2178,03-03-2026,Facebook,Canada,Education,53,Male,Amazing quality and fast delivery,326,235,188,749,4,Positive,
2179,06-10-2025,Instagram,India,Politics,31,Male,"Waste of money, not recommended",626,78,119,823,2,Negative,
2180,25-11-2025,Twitter,UK,Sports,26,Male,It works fine but has some minor issues,532,172,187,891,3,Neutral,
2181,05-11-2025,Instagram,Canada,Technology,23,Female,Very satisfied with the overall performance,519,118,130,767,5,Positive,
2182,04-11-2025,Instagram,Canada,Politics,38,Male,"Waste of money, not recommended",676,219,163,1058,1,Negative,
2183,08-01-2026,Twitter,USA,Health,45,Female,"Waste of money, not recommended",611,107,121,839,2,Negative,
2184,11-02-2026,Twitter,Canada,Sports,49,Male,"Waste of money, not recommended",75,12,80,167,1,Negative,
2185,08-09-2025,Twitter,India,Politics,31,Male,"The product is okay, nothing special about it",315,207,165,687,3,Neutral,
2186,22-10-2025,Facebook,UK,Education,56,Male,Amazing quality and fast delivery,555,267,44,866,4,Positive,
2187,27-03-2026,Facebook,USA,Sports,45,Female,It is acceptable for the price,114,255,174,543,3,Neutral,
2188,25-08-2025,Facebook,UK,Education,19,Male,"Not too good, not too bad",567,219,172,958,3,Neutral,
2189,19-08-2025,Twitter,India,Health,50,Male,Had a terrible experience using this service,366,165,62,593,1,Negative,
2190,09-01-2026,Twitter,UK,Health,21,Female,Very disappointed with the product quality,682,118,109,909,2,Negative,
2191,01-08-2025,Twitter,Australia,Politics,50,Female,It works fine but has some minor issues,146,257,70,473,3,Neutral,
2192,22-10-2025,Twitter,USA,Education,37,Female,"Absolutely loved the experience, highly recommended",876,77,26,979,4,Positive,
2193,24-06-2025,Facebook,India,Entertainment,26,Male,Very satisfied with the overall performance,979,216,155,1350,4,Positive,
2194,05-01-2026,Instagram,Canada,Sports,58,Female,"Average experience, could be improved",704,115,128,947,3,Neutral,
2195,19-05-2025,Instagram,India,Politics,26,Female,It works fine but has some minor issues,597,278,57,932,3,Neutral,
2196,20-11-2025,Facebook,Canada,Product,26,Male,Amazing quality and fast delivery,247,235,133,615,5,Positive,
2197,10-04-2025,Facebook,Canada,Health,44,Male,The product did not meet my expectations,778,47,158,983,2,Negative,
2198,01-08-2025,Instagram,Canada,Health,41,Female,Very disappointed with the product quality,641,180,29,850,2,Negative,
2199,20-09-2025,Facebook,Canada,Health,50,Male,It is acceptable for the price,244,78,177,499,3,Neutral,
2200,31-01-2026,Facebook,Australia,Technology,50,Male,"Absolutely loved the experience, highly recommended",706,11,145,862,4,Positive,
2201,16-09-2025,Facebook,Australia,Technology,56,Male,Poor performance and bad customer support,95,280,115,490,1,Negative,
2202,13-06-2025,Instagram,USA,Education,18,Female,"Waste of money, not recommended",342,59,91,492,2,Negative,
2203,22-12-2025,Facebook,Australia,Technology,60,Female,It works fine but has some minor issues,50,243,24,317,3,Neutral,
2204,17-07-2025,Instagram,UK,Education,30,Male,Had a terrible experience using this service,942,175,23,1140,2,Negative,
2205,28-06-2025,Instagram,Canada,Sports,51,Male,The product did not meet my expectations,903,284,45,1232,1,Negative,
2206,12-01-2026,Instagram,UK,Sports,29,Female,Very satisfied with the overall performance,401,47,175,623,4,Positive,
2207,23-11-2025,Instagram,USA,Politics,54,Female,"Not too good, not too bad",945,292,82,1319,3,Neutral,
2208,28-06-2025,Instagram,India,Technology,35,Male,Poor performance and bad customer support,943,56,178,1177,1,Negative,
2209,23-09-2025,Facebook,UK,Education,59,Male,Had a terrible experience using this service,134,177,139,450,1,Negative,
2210,21-11-2025,Instagram,UK,Entertainment,54,Male,"Average experience, could be improved",70,229,19,318,3,Neutral,
2211,08-12-2025,Twitter,UK,Health,53,Male,"Not too good, not too bad",179,23,157,359,3,Neutral,
2212,06-07-2025,Instagram,Australia,Health,58,Female,Poor performance and bad customer support,217,45,199,461,2,Negative,
2213,08-11-2025,Instagram,UK,Entertainment,46,Female,"Not too good, not too bad",370,52,50,472,3,Neutral,
2214,07-08-2025,Instagram,Australia,Entertainment,34,Female,Had a terrible experience using this service,832,238,156,1226,1,Negative,
2215,25-11-2025,Twitter,Canada,Politics,22,Male,The product did not meet my expectations,59,297,76,432,1,Negative,
2216,30-05-2025,Instagram,UK,Technology,46,Male,Very satisfied with the overall performance,874,161,109,1144,4,Positive,
2217,16-07-2025,Instagram,Australia,Sports,56,Female,It works fine but has some minor issues,300,205,87,592,3,Neutral,
2218,04-04-2025,Instagram,Australia,Education,19,Male,Very satisfied with the overall performance,855,117,53,1025,5,Positive,
2219,12-12-2025,Instagram,UK,Education,58,Male,This is one of the best services I have ever used,164,86,118,368,5,Positive,
2220,16-11-2025,Instagram,India,Technology,50,Female,Poor performance and bad customer support,743,11,198,952,1,Negative,
2221,04-08-2025,Facebook,India,Politics,59,Female,"Not too good, not too bad",550,273,174,997,3,Neutral,
2222,19-04-2025,Facebook,Australia,Entertainment,51,Female,Very disappointed with the product quality,848,200,156,1204,2,Negative,
2223,07-02-2026,Twitter,India,Entertainment,45,Female,"Not too good, not too bad",688,150,154,992,3,Neutral,
2224,23-01-2026,Facebook,UK,Education,58,Male,Poor performance and bad customer support,810,235,181,1226,1,Negative,
2225,31-07-2025,Twitter,India,Sports,43,Male,"The product is okay, nothing special about it",825,20,170,1015,3,Neutral,
2226,29-09-2025,Instagram,Australia,Technology,37,Female,It is acceptable for the price,878,233,31,1142,3,Neutral,
2227,29-01-2026,Instagram,USA,Sports,59,Male,Poor performance and bad customer support,828,145,91,1064,2,Negative,
2228,20-06-2025,Twitter,Canada,Sports,42,Female,Had a terrible experience using this service,618,11,39,668,1,Negative,
2229,15-01-2026,Twitter,India,Technology,38,Female,Had a terrible experience using this service,516,255,20,791,2,Negative,
2230,14-01-2026,Twitter,UK,Sports,33,Female,I recently bought this and it exceeded my expectations,440,215,167,822,5,Positive,
2231,28-10-2025,Twitter,India,Technology,36,Female,"Average experience, could be improved",907,91,55,1053,3,Neutral,
2232,23-12-2025,Instagram,USA,Health,41,Female,Very satisfied with the overall performance,905,238,200,1343,5,Positive,
2233,19-04-2025,Instagram,India,Health,56,Male,This is one of the best services I have ever used,875,269,91,1235,5,Positive,
2234,05-03-2026,Twitter,UK,Sports,48,Female,Poor performance and bad customer support,933,212,89,1234,1,Negative,
2235,23-01-2026,Facebook,India,Health,21,Female,"Not too good, not too bad",672,174,81,927,3,Neutral,
2236,21-12-2025,Instagram,India,Product,42,Female,Very satisfied with the overall performance,856,273,8,1137,5,Positive,
2237,09-05-2025,Instagram,India,Technology,20,Female,Very satisfied with the overall performance,473,102,87,662,4,Positive,
2238,30-11-2025,Facebook,India,Politics,30,Female,"Average experience, could be improved",910,56,148,1114,3,Neutral,
2239,24-05-2025,Instagram,USA,Entertainment,32,Female,"The product is okay, nothing special about it",72,60,143,275,3,Neutral,
2240,14-08-2025,Instagram,Australia,Entertainment,27,Male,Very disappointed with the product quality,87,156,113,356,2,Negative,
2241,16-04-2025,Twitter,Canada,Health,20,Female,Poor performance and bad customer support,461,125,153,739,1,Negative,
2242,22-12-2025,Facebook,India,Product,38,Female,"Waste of money, not recommended",305,149,58,512,2,Negative,
2243,02-02-2026,Twitter,Canada,Entertainment,30,Female,"The product is okay, nothing special about it",151,234,25,410,3,Neutral,
2244,16-10-2025,Twitter,Canada,Product,44,Female,This is one of the best services I have ever used,421,11,122,554,4,Positive,
2245,20-10-2025,Twitter,Canada,Product,42,Female,"The product is okay, nothing special about it",496,106,80,682,3,Neutral,
2246,20-08-2025,Twitter,Canada,Politics,51,Female,Had a terrible experience using this service,275,265,98,638,2,Negative,
2247,05-01-2026,Facebook,USA,Product,19,Male,"Not too good, not too bad",570,162,125,857,3,Neutral,
2248,07-09-2025,Facebook,USA,Politics,27,Female,"Average experience, could be improved",939,54,160,1153,3,Neutral,
2249,31-07-2025,Twitter,India,Product,30,Female,"Average experience, could be improved",625,260,21,906,3,Neutral,
2250,03-05-2025,Twitter,Canada,Education,24,Male,"Average experience, could be improved",445,170,175,790,3,Neutral,
2251,24-10-2025,Twitter,Australia,Politics,28,Female,It works fine but has some minor issues,192,195,109,496,3,Neutral,
2252,26-02-2026,Twitter,India,Technology,50,Female,Had a terrible experience using this service,403,13,118,534,2,Negative,
2253,11-01-2026,Instagram,USA,Education,21,Male,"Not too good, not too bad",448,228,190,866,3,Neutral,
2254,16-12-2025,Facebook,UK,Technology,35,Female,It works fine but has some minor issues,173,17,192,382,3,Neutral,
2255,22-09-2025,Twitter,Canada,Education,34,Female,I recently bought this and it exceeded my expectations,377,92,123,592,5,Positive,
2256,20-04-2025,Facebook,Australia,Sports,49,Female,Amazing quality and fast delivery,108,203,7,318,4,Positive,
2257,15-07-2025,Instagram,Australia,Sports,39,Male,I recently bought this and it exceeded my expectations,324,288,23,635,5,Positive,
2258,15-06-2025,Facebook,USA,Technology,23,Female,Amazing quality and fast delivery,327,188,167,682,4,Positive,
2259,08-08-2025,Facebook,USA,Entertainment,24,Male,"Absolutely loved the experience, highly recommended",382,71,58,511,4,Positive,
2260,17-12-2025,Instagram,UK,Technology,32,Male,"Average experience, could be improved",697,191,72,960,3,Neutral,
2261,31-10-2025,Instagram,Australia,Politics,36,Male,"Absolutely loved the experience, highly recommended",713,124,166,1003,5,Positive,
2262,25-09-2025,Instagram,UK,Technology,28,Female,"Average experience, could be improved",797,81,90,968,3,Neutral,
2263,29-03-2025,Twitter,USA,Sports,25,Female,"Absolutely loved the experience, highly recommended",285,40,7,332,4,Positive,
2264,23-06-2025,Instagram,Canada,Politics,53,Male,"The product is okay, nothing special about it",214,95,32,341,3,Neutral,
2265,06-06-2025,Instagram,Australia,Sports,44,Female,It works fine but has some minor issues,623,184,135,942,3,Neutral,
2266,01-11-2025,Facebook,India,Product,43,Male,It is acceptable for the price,645,34,142,821,3,Neutral,
2267,18-08-2025,Facebook,India,Sports,46,Female,"Not too good, not too bad",262,250,113,625,3,Neutral,
2268,21-10-2025,Twitter,Australia,Entertainment,60,Female,Very disappointed with the product quality,433,148,32,613,2,Negative,
2269,29-12-2025,Instagram,Canada,Sports,45,Male,It is acceptable for the price,170,38,129,337,3,Neutral,
2270,06-01-2026,Instagram,Australia,Health,42,Female,This is one of the best services I have ever used,414,55,154,623,5,Positive,
2271,15-01-2026,Instagram,UK,Technology,40,Male,I recently bought this and it exceeded my expectations,295,178,49,522,4,Positive,
2272,31-12-2025,Twitter,Canada,Education,25,Female,This is one of the best services I have ever used,309,216,118,643,4,Positive,
2273,12-02-2026,Facebook,Canada,Entertainment,57,Female,Very satisfied with the overall performance,692,41,53,786,4,Positive,
2274,22-04-2025,Twitter,UK,Technology,22,Female,Very disappointed with the product quality,301,115,123,539,2,Negative,
2275,02-05-2025,Twitter,USA,Sports,37,Male,Poor performance and bad customer support,642,245,15,902,2,Negative,
2276,01-11-2025,Facebook,UK,Entertainment,49,Female,"Waste of money, not recommended",637,189,18,844,1,Negative,
2277,05-03-2026,Instagram,Canada,Product,45,Female,"The product is okay, nothing special about it",981,151,150,1282,3,Neutral,
2278,27-09-2025,Facebook,Canada,Sports,50,Female,This is one of the best services I have ever used,612,21,85,718,5,Positive,
2279,13-04-2025,Facebook,India,Entertainment,42,Male,The product did not meet my expectations,537,287,90,914,1,Negative,
2280,07-08-2025,Instagram,USA,Product,31,Male,Amazing quality and fast delivery,865,234,74,1173,5,Positive,
2281,27-04-2025,Facebook,UK,Technology,24,Female,"Absolutely loved the experience, highly recommended",978,22,35,1035,5,Positive,
2282,22-05-2025,Twitter,India,Technology,29,Female,"Waste of money, not recommended",877,93,70,1040,1,Negative,
2283,26-07-2025,Facebook,Australia,Health,48,Female,Amazing quality and fast delivery,226,178,133,537,4,Positive,
2284,05-04-2025,Instagram,Australia,Entertainment,48,Female,The product did not meet my expectations,419,219,47,685,1,Negative,
2285,10-09-2025,Twitter,India,Product,49,Male,Had a terrible experience using this service,792,54,9,855,1,Negative,
2286,28-04-2025,Twitter,Canada,Education,44,Female,It works fine but has some minor issues,543,76,155,774,3,Neutral,
2287,21-10-2025,Facebook,USA,Health,57,Male,Amazing quality and fast delivery,716,10,99,825,5,Positive,
2288,11-05-2025,Facebook,UK,Sports,47,Male,Very satisfied with the overall performance,989,79,27,1095,5,Positive,
2289,13-06-2025,Instagram,USA,Health,43,Female,"Absolutely loved the experience, highly recommended",616,109,81,806,4,Positive,
2290,20-10-2025,Instagram,Australia,Health,21,Male,Very disappointed with the product quality,357,174,187,718,2,Negative,
2291,01-02-2026,Twitter,India,Education,59,Female,"Absolutely loved the experience, highly recommended",881,241,5,1127,4,Positive,
2292,20-09-2025,Facebook,Australia,Education,20,Male,Very satisfied with the overall performance,509,202,61,772,4,Positive,
2293,06-05-2025,Instagram,UK,Sports,28,Male,"Not too good, not too bad",638,244,67,949,3,Neutral,
2294,12-07-2025,Twitter,Australia,Education,51,Male,It is acceptable for the price,883,231,176,1290,3,Neutral,
2295,24-10-2025,Twitter,Canada,Education,41,Female,"The product is okay, nothing special about it",951,94,153,1198,3,Neutral,
2296,09-02-2026,Facebook,Canada,Technology,21,Male,The product did not meet my expectations,532,54,156,742,2,Negative,
2297,20-11-2025,Twitter,Australia,Entertainment,35,Male,Very disappointed with the product quality,565,51,58,674,1,Negative,
2298,15-05-2025,Instagram,USA,Politics,58,Male,"Not too good, not too bad",590,18,57,665,3,Neutral,
2299,28-03-2025,Facebook,UK,Health,56,Female,Very satisfied with the overall performance,900,189,59,1148,5,Positive,
2300,08-05-2025,Instagram,Australia,Education,20,Female,It works fine but has some minor issues,516,244,171,931,3,Neutral,
2301,20-12-2025,Facebook,UK,Product,19,Male,"Absolutely loved the experience, highly recommended",988,94,129,1211,5,Positive,
2302,22-08-2025,Facebook,Canada,Health,46,Female,Amazing quality and fast delivery,525,268,96,889,4,Positive,
2303,02-04-2025,Facebook,UK,Product,19,Female,"Average experience, could be improved",807,64,90,961,3,Neutral,
2304,11-08-2025,Instagram,USA,Politics,40,Female,Very disappointed with the product quality,667,255,48,970,2,Negative,
2305,02-09-2025,Facebook,Australia,Health,39,Male,"Average experience, could be improved",994,103,126,1223,3,Neutral,
2306,04-01-2026,Twitter,India,Product,55,Male,Poor performance and bad customer support,811,54,116,981,1,Negative,
2307,16-10-2025,Facebook,Australia,Entertainment,27,Male,"The product is okay, nothing special about it",974,33,148,1155,3,Neutral,
2308,07-01-2026,Twitter,Canada,Product,50,Female,"Average experience, could be improved",984,123,114,1221,3,Neutral,
2309,25-09-2025,Instagram,Canada,Technology,20,Female,Amazing quality and fast delivery,921,254,57,1232,4,Positive,
2310,09-10-2025,Twitter,USA,Health,27,Male,Very disappointed with the product quality,212,34,36,282,2,Negative,
2311,20-09-2025,Facebook,Canada,Technology,18,Female,"Waste of money, not recommended",116,65,36,217,2,Negative,
2312,02-12-2025,Instagram,India,Entertainment,56,Female,"Not too good, not too bad",725,232,168,1125,3,Neutral,
2313,25-06-2025,Instagram,Australia,Health,22,Female,"Not too good, not too bad",744,78,45,867,3,Neutral,
2314,20-08-2025,Twitter,Australia,Education,18,Female,The product did not meet my expectations,338,124,77,539,2,Negative,
2315,06-03-2026,Facebook,UK,Health,44,Female,Amazing quality and fast delivery,144,240,19,403,4,Positive,
2316,05-12-2025,Facebook,India,Politics,21,Female,I recently bought this and it exceeded my expectations,160,168,124,452,5,Positive,
2317,03-08-2025,Twitter,USA,Politics,31,Female,This is one of the best services I have ever used,587,146,117,850,4,Positive,
2318,18-01-2026,Twitter,UK,Education,42,Male,Very satisfied with the overall performance,497,37,159,693,5,Positive,
2319,30-10-2025,Instagram,UK,Product,43,Female,Very satisfied with the overall performance,111,22,18,151,4,Positive,
2320,08-10-2025,Facebook,Australia,Product,59,Female,Had a terrible experience using this service,494,257,46,797,2,Negative,
2321,20-06-2025,Twitter,India,Education,39,Female,Amazing quality and fast delivery,93,83,183,359,4,Positive,
2322,04-12-2025,Instagram,Australia,Technology,37,Female,It is acceptable for the price,436,14,39,489,3,Neutral,
2323,25-06-2025,Twitter,Canada,Education,33,Male,Poor performance and bad customer support,730,156,99,985,2,Negative,
2324,15-12-2025,Instagram,Australia,Technology,60,Female,"Not too good, not too bad",651,146,141,938,3,Neutral,
2325,15-02-2026,Twitter,USA,Education,42,Female,It works fine but has some minor issues,688,186,87,961,3,Neutral,
2326,16-07-2025,Twitter,India,Product,24,Male,It works fine but has some minor issues,442,201,14,657,3,Neutral,
2327,06-08-2025,Facebook,India,Politics,59,Male,It works fine but has some minor issues,990,206,124,1320,3,Neutral,
2328,08-06-2025,Facebook,Canada,Politics,32,Male,"Absolutely loved the experience, highly recommended",405,276,111,792,5,Positive,
2329,29-12-2025,Twitter,Canada,Entertainment,30,Male,The product did not meet my expectations,593,28,84,705,2,Negative,
2330,12-05-2025,Instagram,USA,Education,32,Female,It works fine but has some minor issues,455,221,91,767,3,Neutral,
2331,23-12-2025,Facebook,UK,Health,32,Male,Very satisfied with the overall performance,447,60,42,549,4,Positive,
2332,09-12-2025,Instagram,Canada,Product,54,Female,It is acceptable for the price,983,144,110,1237,3,Neutral,
2333,15-11-2025,Twitter,India,Education,57,Male,I recently bought this and it exceeded my expectations,948,110,127,1185,4,Positive,
2334,25-11-2025,Instagram,USA,Product,59,Female,This is one of the best services I have ever used,473,299,22,794,5,Positive,
2335,23-03-2026,Facebook,UK,Education,52,Female,It works fine but has some minor issues,440,66,37,543,3,Neutral,
2336,07-05-2025,Facebook,Canada,Technology,47,Female,"Average experience, could be improved",602,41,25,668,3,Neutral,
2337,12-08-2025,Facebook,Australia,Politics,27,Male,It works fine but has some minor issues,887,64,17,968,3,Neutral,
2338,18-05-2025,Twitter,India,Health,33,Female,I recently bought this and it exceeded my expectations,955,205,155,1315,5,Positive,
2339,20-11-2025,Facebook,Canada,Health,57,Male,It is acceptable for the price,354,162,120,636,3,Neutral,
2340,02-06-2025,Facebook,UK,Education,58,Female,The product did not meet my expectations,653,269,154,1076,2,Negative,
2341,24-11-2025,Facebook,India,Product,54,Female,I recently bought this and it exceeded my expectations,399,197,156,752,4,Positive,
2342,14-11-2025,Instagram,USA,Sports,28,Male,"Average experience, could be improved",218,212,190,620,3,Neutral,
2343,08-05-2025,Instagram,UK,Politics,22,Female,"The product is okay, nothing special about it",646,198,196,1040,3,Neutral,
2344,10-02-2026,Twitter,UK,Health,60,Male,"Average experience, could be improved",125,113,44,282,3,Neutral,
2345,09-11-2025,Twitter,UK,Technology,24,Male,"Average experience, could be improved",547,75,61,683,3,Neutral,
2346,03-03-2026,Instagram,India,Politics,34,Male,Very disappointed with the product quality,640,70,110,820,2,Negative,
2347,02-12-2025,Twitter,Canada,Politics,20,Male,The product did not meet my expectations,998,24,87,1109,1,Negative,
2348,15-11-2025,Twitter,UK,Product,22,Male,It is acceptable for the price,225,176,72,473,3,Neutral,
2349,26-04-2025,Facebook,Canada,Health,45,Male,"Not too good, not too bad",80,167,37,284,3,Neutral,
2350,06-07-2025,Instagram,USA,Education,50,Male,Poor performance and bad customer support,571,279,75,925,2,Negative,
2351,18-03-2026,Facebook,Australia,Sports,43,Male,Very satisfied with the overall performance,274,279,116,669,4,Positive,
2352,29-04-2025,Facebook,USA,Entertainment,30,Female,"Not too good, not too bad",875,105,76,1056,3,Neutral,
2353,18-07-2025,Twitter,USA,Education,27,Female,"Not too good, not too bad",901,97,62,1060,3,Neutral,
2354,16-10-2025,Facebook,Canada,Politics,24,Male,Poor performance and bad customer support,956,30,19,1005,1,Negative,
2355,04-03-2026,Facebook,Canada,Education,37,Male,It works fine but has some minor issues,378,234,122,734,3,Neutral,
2356,13-12-2025,Facebook,Canada,Education,58,Female,The product did not meet my expectations,978,264,21,1263,2,Negative,
2357,09-01-2026,Facebook,UK,Sports,30,Female,Very disappointed with the product quality,185,64,112,361,1,Negative,
2358,20-06-2025,Twitter,UK,Sports,19,Female,Very satisfied with the overall performance,645,242,48,935,4,Positive,
2359,12-06-2025,Twitter,India,Education,45,Female,This is one of the best services I have ever used,378,213,67,658,4,Positive,
2360,25-03-2026,Twitter,India,Entertainment,41,Male,Very disappointed with the product quality,733,273,189,1195,1,Negative,
2361,03-05-2025,Instagram,Canada,Technology,40,Female,It works fine but has some minor issues,563,288,93,944,3,Neutral,
2362,13-01-2026,Twitter,Canada,Politics,46,Female,This is one of the best services I have ever used,906,88,33,1027,4,Positive,
2363,09-01-2026,Facebook,India,Sports,45,Female,"The product is okay, nothing special about it",376,257,175,808,3,Neutral,
2364,07-07-2025,Twitter,USA,Entertainment,33,Male,Had a terrible experience using this service,827,84,169,1080,1,Negative,
2365,07-07-2025,Twitter,Canada,Health,51,Male,It works fine but has some minor issues,132,132,114,378,3,Neutral,
2366,06-07-2025,Instagram,Australia,Education,22,Female,"Absolutely loved the experience, highly recommended",158,85,9,252,4,Positive,
2367,14-05-2025,Instagram,Canada,Health,34,Female,It works fine but has some minor issues,173,149,178,500,3,Neutral,
2368,04-03-2026,Twitter,UK,Sports,38,Male,It works fine but has some minor issues,857,68,73,998,3,Neutral,
2369,26-09-2025,Twitter,India,Politics,55,Male,"Absolutely loved the experience, highly recommended",845,13,96,954,5,Positive,
2370,19-12-2025,Twitter,India,Entertainment,49,Female,Poor performance and bad customer support,825,10,86,921,2,Negative,
2371,27-12-2025,Instagram,India,Product,18,Female,Had a terrible experience using this service,613,206,48,867,2,Negative,
2372,21-02-2026,Instagram,UK,Education,49,Male,This is one of the best services I have ever used,925,290,145,1360,5,Positive,
2373,04-11-2025,Facebook,India,Education,55,Female,"Absolutely loved the experience, highly recommended",526,286,183,995,5,Positive,
2374,26-05-2025,Facebook,USA,Entertainment,44,Male,"Average experience, could be improved",416,264,158,838,3,Neutral,
2375,02-02-2026,Facebook,Australia,Education,43,Female,The product did not meet my expectations,343,53,158,554,2,Negative,
2376,07-04-2025,Twitter,Canada,Technology,33,Male,Very disappointed with the product quality,919,278,177,1374,1,Negative,
2377,25-03-2026,Facebook,India,Entertainment,37,Female,"Absolutely loved the experience, highly recommended",277,166,32,475,5,Positive,
2378,25-11-2025,Facebook,UK,Politics,21,Male,"Average experience, could be improved",619,79,15,713,3,Neutral,
2379,04-07-2025,Instagram,Australia,Product,45,Female,"The product is okay, nothing special about it",351,123,121,595,3,Neutral,
2380,12-01-2026,Twitter,UK,Politics,36,Female,The product did not meet my expectations,308,277,88,673,1,Negative,
2381,21-05-2025,Twitter,UK,Education,22,Male,This is one of the best services I have ever used,762,11,66,839,4,Positive,
2382,15-07-2025,Facebook,Australia,Health,22,Male,It works fine but has some minor issues,607,204,23,834,3,Neutral,
2383,15-04-2025,Twitter,India,Health,47,Male,Poor performance and bad customer support,880,61,28,969,1,Negative,
2384,25-02-2026,Instagram,USA,Politics,57,Male,This is one of the best services I have ever used,404,290,133,827,4,Positive,
2385,09-03-2026,Instagram,India,Technology,22,Female,I recently bought this and it exceeded my expectations,382,199,99,680,5,Positive,
2386,27-08-2025,Twitter,USA,Politics,18,Male,"Average experience, could be improved",489,31,78,598,3,Neutral,
2387,25-04-2025,Twitter,UK,Technology,24,Female,"The product is okay, nothing special about it",796,180,179,1155,3,Neutral,
2388,20-10-2025,Instagram,India,Entertainment,43,Female,"The product is okay, nothing special about it",749,178,12,939,3,Neutral,
2389,29-03-2025,Instagram,Canada,Health,49,Male,"Not too good, not too bad",195,38,72,305,3,Neutral,
2390,20-02-2026,Instagram,Australia,Entertainment,37,Female,It works fine but has some minor issues,389,281,134,804,3,Neutral,
2391,03-06-2025,Facebook,USA,Entertainment,55,Female,Had a terrible experience using this service,613,14,70,697,2,Negative,
2392,24-04-2025,Facebook,Australia,Technology,55,Male,I recently bought this and it exceeded my expectations,505,172,115,792,5,Positive,
2393,23-08-2025,Twitter,Canada,Education,19,Female,Very satisfied with the overall performance,221,184,94,499,5,Positive,
2394,26-09-2025,Facebook,India,Politics,31,Female,I recently bought this and it exceeded my expectations,733,40,154,927,5,Positive,
2395,25-06-2025,Twitter,USA,Education,26,Male,This is one of the best services I have ever used,297,177,155,629,4,Positive,
2396,03-03-2026,Facebook,USA,Politics,48,Female,Had a terrible experience using this service,141,90,76,307,1,Negative,
2397,28-01-2026,Twitter,Australia,Technology,29,Female,"Average experience, could be improved",573,270,34,877,3,Neutral,
2398,11-05-2025,Facebook,UK,Education,49,Female,"The product is okay, nothing special about it",136,110,125,371,3,Neutral,
2399,23-10-2025,Facebook,India,Politics,33,Female,"Absolutely loved the experience, highly recommended",733,192,85,1010,5,Positive,
2400,22-03-2026,Twitter,UK,Technology,48,Male,Poor performance and bad customer support,919,207,148,1274,1,Negative,
2401,24-02-2026,Facebook,India,Education,48,Female,Amazing quality and fast delivery,930,30,78,1038,5,Positive,
2402,03-11-2025,Twitter,India,Entertainment,45,Female,I recently bought this and it exceeded my expectations,427,249,55,731,5,Positive,
2403,13-11-2025,Twitter,India,Education,58,Female,"Absolutely loved the experience, highly recommended",218,44,77,339,5,Positive,
2404,23-09-2025,Facebook,USA,Politics,32,Male,"Absolutely loved the experience, highly recommended",102,35,77,214,4,Positive,
2405,01-05-2025,Instagram,UK,Product,51,Male,Poor performance and bad customer support,990,139,47,1176,1,Negative,
2406,08-02-2026,Twitter,India,Education,44,Female,"Waste of money, not recommended",430,70,101,601,1,Negative,
2407,25-10-2025,Instagram,UK,Product,60,Female,I recently bought this and it exceeded my expectations,925,38,175,1138,4,Positive,
2408,21-01-2026,Instagram,UK,Technology,52,Male,Very disappointed with the product quality,401,84,73,558,2,Negative,
2409,22-01-2026,Instagram,India,Health,27,Male,Very disappointed with the product quality,682,69,192,943,2,Negative,
2410,22-07-2025,Facebook,Canada,Politics,27,Female,"Average experience, could be improved",899,39,56,994,3,Neutral,
2411,17-10-2025,Facebook,USA,Sports,54,Male,"Absolutely loved the experience, highly recommended",76,131,120,327,4,Positive,
2412,11-10-2025,Instagram,Canada,Politics,40,Male,This is one of the best services I have ever used,965,69,86,1120,4,Positive,
2413,28-12-2025,Facebook,Canada,Sports,22,Female,Poor performance and bad customer support,667,200,200,1067,1,Negative,
2414,27-12-2025,Facebook,India,Product,46,Female,Had a terrible experience using this service,264,197,146,607,1,Negative,
2415,09-08-2025,Facebook,Australia,Politics,48,Female,"Waste of money, not recommended",527,88,130,745,2,Negative,
2416,17-09-2025,Twitter,USA,Health,37,Male,Had a terrible experience using this service,911,206,89,1206,2,Negative,
2417,07-11-2025,Facebook,Canada,Sports,35,Male,It works fine but has some minor issues,799,92,60,951,3,Neutral,
2418,18-01-2026,Facebook,UK,Product,21,Male,Amazing quality and fast delivery,378,84,190,652,4,Positive,
2419,18-04-2025,Twitter,Australia,Health,29,Male,I recently bought this and it exceeded my expectations,50,102,151,303,5,Positive,
2420,13-07-2025,Facebook,Canada,Politics,45,Male,The product did not meet my expectations,150,213,56,419,1,Negative,
2421,26-10-2025,Instagram,USA,Product,36,Male,"Not too good, not too bad",50,110,158,318,3,Neutral,
2422,23-10-2025,Twitter,Australia,Education,60,Male,Very satisfied with the overall performance,672,25,71,768,4,Positive,
2423,15-10-2025,Instagram,India,Education,50,Female,It is acceptable for the price,379,73,54,506,3,Neutral,
2424,29-04-2025,Facebook,UK,Sports,19,Female,Had a terrible experience using this service,607,130,175,912,1,Negative,
2425,10-09-2025,Instagram,USA,Technology,46,Male,It is acceptable for the price,672,208,83,963,3,Neutral,
2426,01-09-2025,Facebook,UK,Education,43,Male,Amazing quality and fast delivery,829,218,198,1245,5,Positive,
2427,31-03-2025,Facebook,India,Sports,32,Female,"Waste of money, not recommended",567,222,87,876,2,Negative,
2428,16-09-2025,Instagram,Canada,Sports,23,Male,Very satisfied with the overall performance,538,82,60,680,5,Positive,
2429,17-02-2026,Facebook,USA,Health,25,Female,"Not too good, not too bad",218,75,7,300,3,Neutral,
2430,20-05-2025,Facebook,Canada,Technology,29,Female,I recently bought this and it exceeded my expectations,751,81,187,1019,5,Positive,
2431,29-09-2025,Facebook,India,Technology,49,Female,Amazing quality and fast delivery,608,107,166,881,4,Positive,
2432,06-12-2025,Twitter,Canada,Product,33,Female,It works fine but has some minor issues,946,266,7,1219,3,Neutral,
2433,30-05-2025,Instagram,India,Sports,51,Female,I recently bought this and it exceeded my expectations,509,209,151,869,5,Positive,
2434,29-11-2025,Facebook,USA,Technology,57,Male,"The product is okay, nothing special about it",99,221,115,435,3,Neutral,
2435,20-07-2025,Facebook,Australia,Sports,42,Female,"Average experience, could be improved",955,300,64,1319,3,Neutral,
2436,24-03-2026,Twitter,Canada,Technology,29,Male,"Absolutely loved the experience, highly recommended",621,44,7,672,5,Positive,
2437,03-04-2025,Instagram,India,Entertainment,43,Female,The product did not meet my expectations,421,61,184,666,1,Negative,
2438,17-09-2025,Twitter,Canada,Entertainment,36,Male,This is one of the best services I have ever used,444,116,63,623,5,Positive,
2439,08-09-2025,Facebook,USA,Sports,42,Male,"The product is okay, nothing special about it",822,100,128,1050,3,Neutral,
2440,21-01-2026,Facebook,UK,Health,35,Female,Very satisfied with the overall performance,397,282,7,686,5,Positive,
2441,28-03-2026,Facebook,Australia,Politics,57,Male,"Absolutely loved the experience, highly recommended",280,43,47,370,5,Positive,
2442,27-09-2025,Twitter,Canada,Entertainment,47,Male,I recently bought this and it exceeded my expectations,423,268,47,738,4,Positive,
2443,06-12-2025,Facebook,India,Product,29,Male,It works fine but has some minor issues,303,123,16,442,3,Neutral,
2444,22-09-2025,Instagram,Australia,Product,20,Male,Had a terrible experience using this service,513,147,177,837,1,Negative,
2445,02-10-2025,Instagram,UK,Education,19,Female,Amazing quality and fast delivery,760,20,139,919,4,Positive,
2446,14-01-2026,Instagram,USA,Product,27,Male,Amazing quality and fast delivery,232,279,191,702,5,Positive,
2447,03-06-2025,Facebook,India,Entertainment,50,Female,"Absolutely loved the experience, highly recommended",203,233,62,498,4,Positive,
2448,21-10-2025,Twitter,UK,Politics,43,Male,"Not too good, not too bad",871,116,191,1178,3,Neutral,
2449,07-08-2025,Instagram,UK,Product,31,Male,"The product is okay, nothing special about it",357,204,82,643,3,Neutral,
2450,10-12-2025,Instagram,Canada,Education,19,Female,I recently bought this and it exceeded my expectations,248,116,39,403,5,Positive,
2451,30-12-2025,Instagram,UK,Education,58,Female,I recently bought this and it exceeded my expectations,236,206,82,524,4,Positive,
2452,06-11-2025,Facebook,Australia,Politics,24,Male,Had a terrible experience using this service,656,146,83,885,2,Negative,
2453,12-06-2025,Instagram,UK,Education,59,Female,Poor performance and bad customer support,892,214,171,1277,2,Negative,
2454,10-04-2025,Instagram,India,Technology,52,Female,Very satisfied with the overall performance,398,296,119,813,4,Positive,
2455,04-10-2025,Twitter,USA,Product,20,Male,This is one of the best services I have ever used,636,213,176,1025,5,Positive,
2456,16-11-2025,Instagram,Australia,Sports,49,Female,"The product is okay, nothing special about it",358,68,9,435,3,Neutral,
2457,05-06-2025,Twitter,Australia,Health,19,Male,It works fine but has some minor issues,107,45,166,318,3,Neutral,
2458,31-05-2025,Instagram,India,Politics,58,Male,"Not too good, not too bad",442,256,96,794,3,Neutral,
2459,01-04-2025,Facebook,Canada,Politics,35,Female,Very satisfied with the overall performance,408,242,194,844,4,Positive,
2460,15-06-2025,Facebook,Australia,Health,55,Female,Very satisfied with the overall performance,410,159,44,613,5,Positive,
2461,23-07-2025,Instagram,USA,Politics,24,Female,Had a terrible experience using this service,221,187,98,506,2,Negative,
2462,31-01-2026,Instagram,Australia,Sports,30,Male,It is acceptable for the price,980,194,18,1192,3,Neutral,
2463,27-10-2025,Instagram,India,Product,19,Female,Very satisfied with the overall performance,56,209,47,312,4,Positive,
2464,06-04-2025,Facebook,India,Health,59,Male,"Not too good, not too bad",981,225,51,1257,3,Neutral,
2465,09-04-2025,Instagram,Canada,Technology,22,Female,Very satisfied with the overall performance,445,130,68,643,4,Positive,
2466,18-01-2026,Twitter,Canada,Sports,27,Female,It is acceptable for the price,686,127,69,882,3,Neutral,
2467,10-05-2025,Instagram,UK,Education,41,Male,"The product is okay, nothing special about it",910,200,114,1224,3,Neutral,
2468,08-12-2025,Twitter,USA,Politics,51,Male,Very disappointed with the product quality,732,254,121,1107,1,Negative,
2469,05-07-2025,Twitter,India,Sports,56,Female,"Waste of money, not recommended",170,270,78,518,2,Negative,
2470,21-02-2026,Facebook,Canada,Politics,48,Male,Very satisfied with the overall performance,622,76,160,858,5,Positive,
2471,06-01-2026,Twitter,Canada,Politics,29,Male,Poor performance and bad customer support,139,188,101,428,2,Negative,
2472,06-05-2025,Instagram,UK,Entertainment,30,Male,Very disappointed with the product quality,99,151,36,286,2,Negative,
2473,07-12-2025,Twitter,UK,Health,48,Male,Had a terrible experience using this service,267,133,74,474,2,Negative,
2474,31-10-2025,Twitter,Australia,Health,19,Male,Had a terrible experience using this service,489,290,21,800,1,Negative,
2475,24-05-2025,Instagram,Australia,Product,37,Female,Very disappointed with the product quality,543,120,177,840,1,Negative,
2476,14-09-2025,Facebook,Canada,Education,45,Male,Had a terrible experience using this service,530,145,130,805,1,Negative,
2477,17-02-2026,Twitter,USA,Technology,43,Female,I recently bought this and it exceeded my expectations,885,49,144,1078,4,Positive,
2478,17-03-2026,Twitter,Canada,Health,20,Male,Poor performance and bad customer support,471,73,134,678,1,Negative,
2479,09-04-2025,Twitter,USA,Politics,28,Male,"Average experience, could be improved",762,173,68,1003,3,Neutral,
2480,04-08-2025,Instagram,USA,Sports,41,Male,"The product is okay, nothing special about it",279,65,79,423,3,Neutral,
2481,22-01-2026,Facebook,Australia,Technology,33,Male,"Average experience, could be improved",936,272,164,1372,3,Neutral,
2482,06-10-2025,Facebook,USA,Entertainment,51,Male,Poor performance and bad customer support,398,258,106,762,2,Negative,
2483,26-02-2026,Facebook,India,Entertainment,50,Male,"Not too good, not too bad",714,130,5,849,3,Neutral,
2484,09-04-2025,Facebook,USA,Politics,52,Male,"Waste of money, not recommended",227,13,167,407,1,Negative,
2485,18-07-2025,Facebook,USA,Entertainment,50,Male,Had a terrible experience using this service,545,229,43,817,2,Negative,
2486,23-11-2025,Facebook,India,Entertainment,47,Female,Amazing quality and fast delivery,828,78,85,991,5,Positive,
2487,28-01-2026,Twitter,USA,Entertainment,51,Male,I recently bought this and it exceeded my expectations,649,57,128,834,5,Positive,
2488,12-09-2025,Facebook,USA,Technology,21,Female,Amazing quality and fast delivery,527,275,137,939,5,Positive,
2489,09-09-2025,Facebook,UK,Politics,59,Female,Very satisfied with the overall performance,603,66,169,838,5,Positive,
2490,17-04-2025,Facebook,USA,Sports,48,Male,Amazing quality and fast delivery,933,288,29,1250,5,Positive,
2491,21-08-2025,Facebook,UK,Education,41,Male,It is acceptable for the price,67,186,83,336,3,Neutral,
2492,17-09-2025,Twitter,USA,Sports,45,Female,It is acceptable for the price,923,21,14,958,3,Neutral,
2493,10-08-2025,Instagram,Australia,Product,34,Female,Had a terrible experience using this service,119,95,119,333,1,Negative,
2494,17-02-2026,Facebook,India,Education,46,Female,It is acceptable for the price,897,25,57,979,3,Neutral,
2495,29-05-2025,Instagram,India,Sports,26,Male,It is acceptable for the price,450,282,141,873,3,Neutral,
2496,05-07-2025,Facebook,India,Health,38,Male,Very disappointed with the product quality,905,276,86,1267,1,Negative,
2497,24-08-2025,Facebook,Canada,Politics,50,Female,Had a terrible experience using this service,583,269,146,998,2,Negative,
2498,07-06-2025,Instagram,India,Sports,19,Male,"Not too good, not too bad",730,175,113,1018,3,Neutral,
2499,30-09-2025,Facebook,USA,Sports,25,Male,Very disappointed with the product quality,398,139,171,708,2,Negative,
2500,06-10-2025,Twitter,Australia,Sports,53,Male,Had a terrible experience using this service,828,52,62,942,1,Negative,
2501,14-07-2025,Twitter,Australia,Health,57,Female,I recently bought this and it exceeded my expectations,929,237,142,1308,4,Positive,
2502,23-06-2025,Twitter,UK,Health,42,Male,Poor performance and bad customer support,737,101,181,1019,2,Negative,
2503,18-08-2025,Instagram,India,Education,29,Female,I recently bought this and it exceeded my expectations,211,81,150,442,4,Positive,
2504,10-04-2025,Instagram,India,Politics,18,Male,Amazing quality and fast delivery,780,94,172,1046,5,Positive,
2505,04-05-2025,Twitter,India,Education,18,Female,Very satisfied with the overall performance,125,26,149,300,5,Positive,
2506,30-11-2025,Twitter,Australia,Product,46,Male,Very disappointed with the product quality,392,236,100,728,1,Negative,
2507,06-02-2026,Facebook,UK,Entertainment,40,Female,Amazing quality and fast delivery,258,261,182,701,4,Positive,
2508,04-12-2025,Twitter,Australia,Health,50,Male,Had a terrible experience using this service,640,287,43,970,1,Negative,
2509,21-02-2026,Instagram,USA,Education,22,Male,This is one of the best services I have ever used,393,222,7,622,5,Positive,
2510,06-04-2025,Twitter,India,Product,28,Female,"Waste of money, not recommended",300,156,199,655,2,Negative,
2511,21-05-2025,Facebook,USA,Politics,20,Male,I recently bought this and it exceeded my expectations,262,204,34,500,5,Positive,
2512,14-03-2026,Twitter,Canada,Product,25,Female,"The product is okay, nothing special about it",608,58,115,781,3,Neutral,
2513,23-10-2025,Twitter,Canada,Product,36,Female,This is one of the best services I have ever used,864,226,96,1186,4,Positive,
2514,15-02-2026,Twitter,India,Health,30,Male,"Average experience, could be improved",407,281,179,867,3,Neutral,
2515,21-06-2025,Facebook,UK,Education,42,Male,"Absolutely loved the experience, highly recommended",57,13,198,268,4,Positive,
2516,25-02-2026,Instagram,UK,Health,27,Male,It works fine but has some minor issues,483,166,120,769,3,Neutral,
2517,29-03-2025,Instagram,Australia,Politics,56,Male,Very satisfied with the overall performance,779,134,118,1031,5,Positive,
2518,10-07-2025,Twitter,India,Entertainment,23,Male,Amazing quality and fast delivery,772,122,116,1010,5,Positive,
2519,07-03-2026,Instagram,USA,Technology,56,Male,"The product is okay, nothing special about it",682,145,161,988,3,Neutral,
2520,01-03-2026,Instagram,USA,Health,54,Male,Poor performance and bad customer support,787,152,74,1013,1,Negative,
2521,29-01-2026,Facebook,Australia,Product,57,Male,Very disappointed with the product quality,643,39,148,830,2,Negative,
2522,26-02-2026,Facebook,UK,Entertainment,25,Male,"Waste of money, not recommended",249,271,74,594,2,Negative,
2523,13-02-2026,Facebook,UK,Entertainment,49,Male,Had a terrible experience using this service,328,124,120,572,2,Negative,
2524,23-07-2025,Twitter,UK,Education,29,Female,"Waste of money, not recommended",392,230,114,736,1,Negative,
2525,02-11-2025,Twitter,Canada,Education,47,Female,It works fine but has some minor issues,491,24,63,578,3,Neutral,
2526,12-01-2026,Twitter,Australia,Politics,31,Female,The product did not meet my expectations,305,134,112,551,1,Negative,
2527,22-06-2025,Twitter,USA,Politics,56,Female,"Average experience, could be improved",382,155,95,632,3,Neutral,
2528,08-07-2025,Instagram,Australia,Entertainment,45,Female,It is acceptable for the price,947,225,188,1360,3,Neutral,
2529,04-12-2025,Facebook,Canada,Entertainment,19,Female,Very satisfied with the overall performance,967,13,121,1101,5,Positive,
2530,14-06-2025,Twitter,USA,Sports,46,Female,Very satisfied with the overall performance,307,282,198,787,5,Positive,
2531,23-11-2025,Twitter,UK,Product,22,Male,It works fine but has some minor issues,314,282,136,732,3,Neutral,
2532,29-10-2025,Facebook,India,Entertainment,36,Male,"Average experience, could be improved",870,69,151,1090,3,Neutral,
2533,22-07-2025,Facebook,USA,Sports,55,Female,It works fine but has some minor issues,455,262,96,813,3,Neutral,
2534,07-04-2025,Instagram,UK,Technology,39,Female,Very disappointed with the product quality,692,217,77,986,1,Negative,
2535,28-09-2025,Instagram,UK,Sports,54,Female,Amazing quality and fast delivery,428,239,21,688,5,Positive,
2536,09-12-2025,Instagram,Canada,Product,35,Male,Amazing quality and fast delivery,709,85,94,888,4,Positive,
2537,16-03-2026,Facebook,UK,Sports,31,Female,It is acceptable for the price,395,206,22,623,3,Neutral,
2538,01-07-2025,Facebook,Australia,Sports,36,Female,"Waste of money, not recommended",929,100,24,1053,2,Negative,
2539,25-12-2025,Twitter,USA,Health,50,Female,"Waste of money, not recommended",138,207,130,475,1,Negative,
2540,15-05-2025,Facebook,USA,Politics,38,Female,This is one of the best services I have ever used,61,206,35,302,5,Positive,
2541,05-12-2025,Facebook,Canada,Entertainment,34,Female,It works fine but has some minor issues,779,287,168,1234,3,Neutral,
2542,08-07-2025,Instagram,USA,Health,31,Male,"The product is okay, nothing special about it",728,82,135,945,3,Neutral,
2543,29-04-2025,Instagram,India,Sports,22,Male,"The product is okay, nothing special about it",653,163,48,864,3,Neutral,
2544,29-05-2025,Twitter,India,Health,43,Female,"The product is okay, nothing special about it",922,98,198,1218,3,Neutral,
2545,04-11-2025,Instagram,Australia,Entertainment,33,Female,This is one of the best services I have ever used,848,274,64,1186,4,Positive,
2546,01-01-2026,Instagram,Canada,Politics,21,Male,Had a terrible experience using this service,505,244,119,868,2,Negative,
2547,07-04-2025,Twitter,UK,Technology,21,Male,Amazing quality and fast delivery,256,76,40,372,4,Positive,
2548,06-07-2025,Instagram,Canada,Technology,34,Male,Had a terrible experience using this service,69,90,79,238,1,Negative,
2549,27-08-2025,Facebook,Australia,Entertainment,27,Female,I recently bought this and it exceeded my expectations,158,299,92,549,5,Positive,
2550,22-05-2025,Facebook,USA,Sports,33,Male,It is acceptable for the price,163,194,72,429,3,Neutral,
2551,23-07-2025,Facebook,Australia,Sports,46,Female,Very disappointed with the product quality,371,93,79,543,2,Negative,
2552,05-01-2026,Facebook,India,Politics,33,Male,Very satisfied with the overall performance,583,254,199,1036,4,Positive,
2553,19-07-2025,Twitter,India,Sports,44,Female,"Absolutely loved the experience, highly recommended",198,115,80,393,5,Positive,
2554,28-04-2025,Facebook,UK,Education,25,Female,Had a terrible experience using this service,698,216,159,1073,2,Negative,
2555,26-03-2026,Twitter,Canada,Technology,29,Male,"Average experience, could be improved",232,264,39,535,3,Neutral,
2556,06-09-2025,Instagram,India,Health,27,Male,It is acceptable for the price,954,30,75,1059,3,Neutral,
2557,17-05-2025,Twitter,Australia,Sports,56,Female,"Absolutely loved the experience, highly recommended",52,149,25,226,4,Positive,
2558,15-09-2025,Twitter,USA,Sports,46,Female,"Average experience, could be improved",457,185,178,820,3,Neutral,
2559,27-12-2025,Twitter,India,Product,27,Male,Very satisfied with the overall performance,899,134,181,1214,4,Positive,
2560,04-08-2025,Facebook,USA,Politics,31,Male,"Not too good, not too bad",726,19,47,792,3,Neutral,
2561,08-08-2025,Twitter,India,Product,19,Male,"Not too good, not too bad",763,29,198,990,3,Neutral,
2562,04-04-2025,Twitter,India,Politics,36,Male,Very disappointed with the product quality,501,192,79,772,1,Negative,
2563,07-03-2026,Instagram,USA,Sports,22,Male,Amazing quality and fast delivery,663,186,143,992,4,Positive,
2564,10-08-2025,Instagram,Australia,Politics,18,Male,This is one of the best services I have ever used,457,100,179,736,5,Positive,
2565,03-03-2026,Instagram,UK,Health,59,Male,Very disappointed with the product quality,697,107,171,975,1,Negative,
2566,09-07-2025,Instagram,India,Entertainment,27,Female,This is one of the best services I have ever used,983,114,27,1124,4,Positive,
2567,10-02-2026,Facebook,Australia,Education,39,Male,It works fine but has some minor issues,581,252,188,1021,3,Neutral,
2568,16-09-2025,Facebook,Australia,Education,49,Female,"Absolutely loved the experience, highly recommended",354,184,197,735,4,Positive,
2569,28-08-2025,Instagram,USA,Sports,50,Male,Very disappointed with the product quality,330,196,126,652,1,Negative,
2570,30-01-2026,Twitter,Australia,Politics,25,Female,Had a terrible experience using this service,161,168,76,405,1,Negative,
2571,25-09-2025,Facebook,UK,Sports,51,Male,Very satisfied with the overall performance,153,259,170,582,5,Positive,
2572,22-08-2025,Facebook,India,Product,23,Male,"Average experience, could be improved",160,122,141,423,3,Neutral,
2573,08-06-2025,Twitter,USA,Entertainment,32,Male,"Not too good, not too bad",402,295,161,858,3,Neutral,
2574,10-07-2025,Instagram,Australia,Education,52,Male,This is one of the best services I have ever used,712,17,14,743,5,Positive,
2575,20-10-2025,Facebook,Canada,Sports,23,Male,Very disappointed with the product quality,382,59,126,567,2,Negative,
2576,25-12-2025,Twitter,USA,Politics,31,Male,Amazing quality and fast delivery,155,148,98,401,4,Positive,
2577,21-03-2026,Facebook,USA,Politics,32,Female,Very disappointed with the product quality,242,26,141,409,2,Negative,
2578,28-03-2026,Twitter,India,Entertainment,22,Female,This is one of the best services I have ever used,547,94,60,701,5,Positive,
2579,25-06-2025,Instagram,USA,Education,45,Male,"Waste of money, not recommended",412,192,81,685,2,Negative,
2580,29-10-2025,Instagram,Australia,Product,29,Male,It works fine but has some minor issues,961,197,74,1232,3,Neutral,
2581,23-09-2025,Instagram,India,Education,44,Male,This is one of the best services I have ever used,898,206,5,1109,5,Positive,
2582,08-09-2025,Facebook,UK,Sports,52,Female,This is one of the best services I have ever used,936,268,134,1338,5,Positive,
2583,20-01-2026,Facebook,Australia,Politics,56,Female,Very satisfied with the overall performance,110,217,104,431,5,Positive,
2584,27-10-2025,Facebook,India,Politics,53,Female,Had a terrible experience using this service,425,124,122,671,2,Negative,
2585,11-11-2025,Twitter,Canada,Product,60,Male,"The product is okay, nothing special about it",746,79,168,993,3,Neutral,
2586,08-02-2026,Facebook,Canada,Entertainment,52,Female,"Average experience, could be improved",701,285,124,1110,3,Neutral,
2587,12-09-2025,Facebook,India,Education,49,Male,It works fine but has some minor issues,302,236,166,704,3,Neutral,
2588,23-12-2025,Facebook,Australia,Technology,51,Female,It is acceptable for the price,261,126,36,423,3,Neutral,
2589,28-11-2025,Instagram,USA,Technology,31,Male,It is acceptable for the price,165,144,190,499,3,Neutral,
2590,29-12-2025,Instagram,UK,Product,59,Female,Poor performance and bad customer support,306,259,115,680,1,Negative,
2591,10-07-2025,Twitter,Canada,Entertainment,28,Male,"Absolutely loved the experience, highly recommended",351,214,147,712,4,Positive,
2592,19-09-2025,Twitter,UK,Health,56,Female,"Not too good, not too bad",913,17,72,1002,3,Neutral,
2593,20-02-2026,Instagram,India,Entertainment,28,Female,Poor performance and bad customer support,351,222,21,594,2,Negative,
2594,17-05-2025,Facebook,USA,Health,53,Female,It is acceptable for the price,169,39,159,367,3,Neutral,
2595,03-12-2025,Facebook,Canada,Education,25,Male,I recently bought this and it exceeded my expectations,403,85,144,632,5,Positive,
2596,17-04-2025,Instagram,Canada,Health,45,Female,Poor performance and bad customer support,242,219,145,606,1,Negative,
2597,27-10-2025,Instagram,UK,Politics,21,Male,The product did not meet my expectations,434,103,158,695,2,Negative,
2598,21-04-2025,Instagram,Australia,Technology,44,Female,This is one of the best services I have ever used,492,77,115,684,4,Positive,
2599,25-08-2025,Facebook,Australia,Education,24,Male,Poor performance and bad customer support,958,130,164,1252,1,Negative,
2600,04-05-2025,Twitter,Canada,Education,34,Male,"Average experience, could be improved",640,37,153,830,3,Neutral,
2601,16-11-2025,Instagram,UK,Technology,32,Male,Very satisfied with the overall performance,427,233,104,764,5,Positive,
2602,15-07-2025,Twitter,India,Politics,25,Female,Amazing quality and fast delivery,486,112,73,671,5,Positive,
2603,20-12-2025,Twitter,India,Technology,25,Female,"Average experience, could be improved",686,221,85,992,3,Neutral,
2604,28-11-2025,Twitter,India,Product,31,Female,I recently bought this and it exceeded my expectations,196,58,158,412,4,Positive,
2605,01-05-2025,Twitter,Canada,Entertainment,35,Male,"Average experience, could be improved",273,82,27,382,3,Neutral,
2606,10-10-2025,Facebook,USA,Education,22,Male,Had a terrible experience using this service,506,52,42,600,2,Negative,
2607,08-11-2025,Instagram,UK,Politics,43,Male,Poor performance and bad customer support,729,68,83,880,2,Negative,
2608,08-12-2025,Instagram,USA,Entertainment,57,Female,Very satisfied with the overall performance,995,17,60,1072,5,Positive,
2609,21-04-2025,Facebook,USA,Health,31,Female,"Not too good, not too bad",758,185,103,1046,3,Neutral,
2610,06-07-2025,Twitter,India,Politics,42,Female,It is acceptable for the price,365,57,191,613,3,Neutral,
2611,25-10-2025,Facebook,Australia,Sports,58,Male,"Average experience, could be improved",53,151,67,271,3,Neutral,
2612,27-10-2025,Facebook,Canada,Politics,19,Male,"Absolutely loved the experience, highly recommended",411,29,63,503,5,Positive,
2613,01-05-2025,Instagram,Canada,Technology,58,Female,It is acceptable for the price,132,203,41,376,3,Neutral,
2614,06-01-2026,Instagram,Australia,Product,33,Male,Amazing quality and fast delivery,654,287,190,1131,5,Positive,
2615,22-04-2025,Twitter,India,Health,21,Female,Amazing quality and fast delivery,581,102,75,758,4,Positive,
2616,12-09-2025,Twitter,UK,Education,55,Male,Very satisfied with the overall performance,157,173,151,481,5,Positive,
2617,19-12-2025,Instagram,UK,Health,57,Female,"Average experience, could be improved",174,138,43,355,3,Neutral,
2618,01-04-2025,Twitter,Canada,Product,21,Female,It is acceptable for the price,467,295,26,788,3,Neutral,
2619,25-04-2025,Facebook,UK,Education,41,Female,"Waste of money, not recommended",497,223,85,805,1,Negative,
2620,28-03-2025,Facebook,Australia,Politics,18,Female,"The product is okay, nothing special about it",269,254,140,663,3,Neutral,
2621,24-06-2025,Facebook,UK,Product,55,Female,Poor performance and bad customer support,290,262,39,591,1,Negative,
2622,12-10-2025,Twitter,India,Politics,22,Male,It is acceptable for the price,707,205,9,921,3,Neutral,
2623,27-07-2025,Instagram,Australia,Politics,43,Female,Poor performance and bad customer support,667,271,79,1017,1,Negative,
2624,03-06-2025,Facebook,USA,Entertainment,31,Female,I recently bought this and it exceeded my expectations,996,122,154,1272,4,Positive,
2625,06-02-2026,Twitter,Australia,Politics,56,Female,"Waste of money, not recommended",946,288,7,1241,2,Negative,
2626,13-03-2026,Facebook,Australia,Technology,41,Male,"Not too good, not too bad",231,257,174,662,3,Neutral,
2627,16-02-2026,Twitter,UK,Politics,44,Male,"Absolutely loved the experience, highly recommended",370,221,37,628,5,Positive,
2628,06-06-2025,Facebook,UK,Politics,52,Female,"The product is okay, nothing special about it",769,137,34,940,3,Neutral,
2629,18-08-2025,Facebook,Canada,Technology,47,Female,Amazing quality and fast delivery,707,137,69,913,4,Positive,
2630,13-06-2025,Facebook,India,Politics,58,Male,"Waste of money, not recommended",710,95,5,810,1,Negative,
2631,19-09-2025,Twitter,UK,Sports,24,Female,This is one of the best services I have ever used,706,191,117,1014,5,Positive,
2632,28-07-2025,Facebook,USA,Entertainment,31,Female,"Waste of money, not recommended",141,294,88,523,1,Negative,
2633,21-01-2026,Instagram,Canada,Technology,50,Male,Amazing quality and fast delivery,220,246,199,665,4,Positive,
2634,05-02-2026,Twitter,India,Sports,33,Female,Very disappointed with the product quality,818,64,87,969,2,Negative,
2635,16-04-2025,Instagram,USA,Technology,55,Female,Very disappointed with the product quality,154,195,188,537,1,Negative,
2636,25-06-2025,Instagram,Canada,Health,38,Male,Very satisfied with the overall performance,191,290,185,666,4,Positive,
2637,11-07-2025,Twitter,Australia,Product,49,Male,"Average experience, could be improved",788,209,173,1170,3,Neutral,
2638,20-12-2025,Instagram,India,Health,59,Female,It is acceptable for the price,667,152,109,928,3,Neutral,
2639,31-10-2025,Twitter,USA,Technology,22,Female,"Not too good, not too bad",552,223,149,924,3,Neutral,
2640,17-06-2025,Instagram,Australia,Politics,42,Female,"Not too good, not too bad",426,204,98,728,3,Neutral,
2641,05-06-2025,Facebook,Australia,Sports,45,Female,The product did not meet my expectations,167,160,114,441,1,Negative,
2642,08-07-2025,Twitter,India,Sports,21,Male,The product did not meet my expectations,440,137,163,740,1,Negative,
2643,27-05-2025,Facebook,Australia,Health,29,Male,"The product is okay, nothing special about it",68,44,45,157,3,Neutral,
2644,11-01-2026,Twitter,India,Education,53,Male,Poor performance and bad customer support,675,32,123,830,2,Negative,
2645,14-07-2025,Facebook,India,Product,37,Male,"Not too good, not too bad",560,45,142,747,3,Neutral,
2646,18-02-2026,Twitter,USA,Product,55,Male,Very satisfied with the overall performance,697,102,171,970,5,Positive,
2647,25-07-2025,Facebook,UK,Education,54,Female,Very satisfied with the overall performance,989,119,117,1225,4,Positive,
2648,15-11-2025,Twitter,Canada,Entertainment,58,Male,"Absolutely loved the experience, highly recommended",869,16,148,1033,5,Positive,
2649,18-01-2026,Instagram,Canada,Politics,56,Male,Very disappointed with the product quality,750,232,167,1149,1,Negative,
2650,19-09-2025,Instagram,UK,Product,27,Female,I recently bought this and it exceeded my expectations,235,185,118,538,4,Positive,
2651,17-04-2025,Facebook,India,Politics,59,Female,"Average experience, could be improved",301,15,112,428,3,Neutral,
2652,09-07-2025,Facebook,Australia,Technology,38,Female,Amazing quality and fast delivery,164,92,60,316,4,Positive,
2653,29-09-2025,Instagram,UK,Sports,46,Female,The product did not meet my expectations,184,227,61,472,1,Negative,
2654,02-03-2026,Twitter,India,Sports,51,Female,Very satisfied with the overall performance,299,189,147,635,5,Positive,
2655,09-02-2026,Twitter,Canada,Politics,48,Male,"Waste of money, not recommended",143,231,199,573,1,Negative,
2656,03-07-2025,Facebook,Canada,Health,45,Male,Amazing quality and fast delivery,628,280,23,931,4,Positive,
2657,31-08-2025,Twitter,USA,Entertainment,49,Female,"Average experience, could be improved",773,72,22,867,3,Neutral,
2658,05-02-2026,Twitter,India,Health,47,Female,Had a terrible experience using this service,69,225,46,340,2,Negative,
2659,24-11-2025,Instagram,Canada,Sports,50,Male,"Not too good, not too bad",815,198,121,1134,3,Neutral,
2660,11-05-2025,Twitter,UK,Entertainment,36,Male,Amazing quality and fast delivery,710,254,135,1099,5,Positive,
2661,18-04-2025,Twitter,USA,Product,50,Male,This is one of the best services I have ever used,126,180,8,314,4,Positive,
2662,04-02-2026,Facebook,Canada,Politics,59,Male,Poor performance and bad customer support,89,233,114,436,2,Negative,
2663,07-03-2026,Twitter,USA,Entertainment,35,Male,"Not too good, not too bad",212,251,165,628,3,Neutral,
2664,09-06-2025,Facebook,Australia,Product,56,Male,It is acceptable for the price,606,171,52,829,3,Neutral,
2665,18-05-2025,Twitter,Australia,Entertainment,27,Male,It is acceptable for the price,412,192,43,647,3,Neutral,
2666,21-09-2025,Twitter,USA,Politics,55,Female,Very satisfied with the overall performance,344,188,29,561,4,Positive,
2667,22-07-2025,Facebook,India,Politics,39,Male,I recently bought this and it exceeded my expectations,582,197,39,818,5,Positive,
2668,27-09-2025,Instagram,UK,Education,47,Male,"The product is okay, nothing special about it",370,165,103,638,3,Neutral,
2669,06-10-2025,Facebook,India,Sports,51,Male,"Waste of money, not recommended",962,157,80,1199,1,Negative,
2670,02-06-2025,Twitter,UK,Sports,28,Male,I recently bought this and it exceeded my expectations,66,188,81,335,5,Positive,
2671,28-12-2025,Twitter,Canada,Sports,50,Male,Poor performance and bad customer support,99,281,76,456,2,Negative,
2672,14-06-2025,Facebook,USA,Education,55,Female,The product did not meet my expectations,304,128,196,628,2,Negative,
2673,24-04-2025,Instagram,USA,Product,29,Male,The product did not meet my expectations,88,257,185,530,2,Negative,
2674,25-05-2025,Instagram,India,Sports,26,Female,Very satisfied with the overall performance,139,118,99,356,4,Positive,
2675,13-05-2025,Twitter,India,Politics,24,Male,Very satisfied with the overall performance,514,197,177,888,5,Positive,
2676,29-10-2025,Twitter,Canada,Health,54,Male,I recently bought this and it exceeded my expectations,91,33,179,303,5,Positive,
2677,30-04-2025,Facebook,Canada,Education,34,Female,The product did not meet my expectations,575,44,68,687,1,Negative,
2678,13-04-2025,Instagram,India,Health,38,Male,It is acceptable for the price,537,138,189,864,3,Neutral,
2679,26-07-2025,Instagram,India,Sports,29,Male,"The product is okay, nothing special about it",536,214,66,816,3,Neutral,
2680,16-04-2025,Instagram,UK,Health,43,Female,"Absolutely loved the experience, highly recommended",185,161,106,452,5,Positive,
2681,12-03-2026,Instagram,UK,Education,45,Male,It is acceptable for the price,132,295,132,559,3,Neutral,
2682,08-11-2025,Twitter,India,Sports,31,Male,"Not too good, not too bad",762,14,50,826,3,Neutral,
2683,03-05-2025,Twitter,UK,Technology,58,Female,Had a terrible experience using this service,211,181,30,422,2,Negative,
2684,12-01-2026,Twitter,UK,Technology,44,Female,I recently bought this and it exceeded my expectations,115,19,36,170,5,Positive,
2685,21-06-2025,Twitter,UK,Sports,33,Male,Poor performance and bad customer support,406,71,163,640,1,Negative,
2686,16-04-2025,Twitter,Canada,Entertainment,42,Female,Very satisfied with the overall performance,97,260,197,554,4,Positive,
2687,14-06-2025,Facebook,Canada,Education,55,Female,"The product is okay, nothing special about it",174,72,84,330,3,Neutral,
2688,19-12-2025,Instagram,Australia,Politics,46,Female,It is acceptable for the price,369,34,134,537,3,Neutral,
2689,29-01-2026,Facebook,Canada,Sports,36,Male,It is acceptable for the price,735,169,112,1016,3,Neutral,
2690,17-05-2025,Twitter,USA,Health,22,Male,Very disappointed with the product quality,197,239,165,601,1,Negative,
2691,14-10-2025,Facebook,Australia,Education,24,Female,"The product is okay, nothing special about it",623,215,9,847,3,Neutral,
2692,03-01-2026,Instagram,USA,Product,57,Female,"The product is okay, nothing special about it",293,258,195,746,3,Neutral,
2693,12-12-2025,Instagram,India,Health,32,Female,Had a terrible experience using this service,821,29,193,1043,1,Negative,
2694,09-04-2025,Twitter,Australia,Education,56,Male,"Average experience, could be improved",710,13,39,762,3,Neutral,
2695,20-07-2025,Twitter,Canada,Sports,36,Female,It is acceptable for the price,584,156,106,846,3,Neutral,
2696,27-08-2025,Facebook,UK,Politics,42,Male,Very satisfied with the overall performance,86,104,99,289,5,Positive,
2697,03-02-2026,Twitter,Canada,Education,46,Female,I recently bought this and it exceeded my expectations,813,285,85,1183,4,Positive,
2698,12-07-2025,Facebook,USA,Sports,20,Female,Very satisfied with the overall performance,727,234,33,994,4,Positive,
2699,13-09-2025,Facebook,Canada,Health,38,Female,It is acceptable for the price,907,108,87,1102,3,Neutral,
2700,24-07-2025,Facebook,Canada,Product,37,Female,It is acceptable for the price,800,263,8,1071,3,Neutral,
2701,18-08-2025,Facebook,India,Sports,40,Male,The product did not meet my expectations,61,211,126,398,1,Negative,
2702,21-08-2025,Twitter,Australia,Sports,32,Female,"Average experience, could be improved",628,222,121,971,3,Neutral,
2703,02-01-2026,Instagram,USA,Education,21,Female,It works fine but has some minor issues,163,230,188,581,3,Neutral,
2704,05-09-2025,Facebook,UK,Politics,43,Male,Very satisfied with the overall performance,378,101,42,521,4,Positive,
2705,08-04-2025,Twitter,Australia,Technology,53,Female,I recently bought this and it exceeded my expectations,740,98,91,929,4,Positive,
2706,06-06-2025,Twitter,UK,Product,38,Male,Had a terrible experience using this service,781,152,129,1062,1,Negative,
2707,21-12-2025,Facebook,Australia,Health,44,Female,"Waste of money, not recommended",468,287,137,892,2,Negative,
2708,14-08-2025,Facebook,Canada,Politics,58,Male,Poor performance and bad customer support,429,106,183,718,2,Negative,
2709,15-03-2026,Twitter,India,Education,44,Female,Very disappointed with the product quality,414,217,132,763,1,Negative,
2710,28-08-2025,Facebook,Canada,Entertainment,29,Female,"Absolutely loved the experience, highly recommended",368,85,197,650,4,Positive,
2711,05-07-2025,Twitter,India,Technology,59,Female,Had a terrible experience using this service,439,194,199,832,2,Negative,
2712,18-03-2026,Facebook,India,Sports,37,Male,It works fine but has some minor issues,641,151,34,826,3,Neutral,
2713,07-11-2025,Instagram,UK,Product,51,Female,This is one of the best services I have ever used,375,221,114,710,4,Positive,
2714,26-11-2025,Twitter,Australia,Sports,30,Female,"The product is okay, nothing special about it",323,297,75,695,3,Neutral,
2715,02-03-2026,Facebook,India,Product,23,Male,Amazing quality and fast delivery,174,245,127,546,5,Positive,
2716,17-08-2025,Facebook,UK,Technology,32,Female,"Waste of money, not recommended",448,31,173,652,1,Negative,
2717,24-05-2025,Facebook,UK,Product,34,Male,"Waste of money, not recommended",199,223,114,536,2,Negative,
2718,28-03-2026,Twitter,USA,Technology,22,Male,It works fine but has some minor issues,754,64,161,979,3,Neutral,
2719,04-08-2025,Instagram,India,Sports,52,Male,I recently bought this and it exceeded my expectations,95,244,111,450,5,Positive,
2720,12-06-2025,Twitter,USA,Entertainment,33,Female,Had a terrible experience using this service,575,230,114,919,2,Negative,
2721,11-09-2025,Facebook,UK,Health,44,Male,"Waste of money, not recommended",763,24,63,850,2,Negative,
2722,01-12-2025,Twitter,Canada,Product,26,Male,It works fine but has some minor issues,206,247,99,552,3,Neutral,
2723,13-03-2026,Twitter,USA,Entertainment,47,Female,"The product is okay, nothing special about it",624,204,77,905,3,Neutral,
2724,30-01-2026,Instagram,Canada,Entertainment,30,Female,It is acceptable for the price,133,197,112,442,3,Neutral,
2725,01-01-2026,Instagram,Australia,Education,19,Male,This is one of the best services I have ever used,627,247,127,1001,5,Positive,
2726,14-10-2025,Facebook,UK,Entertainment,24,Male,Very disappointed with the product quality,157,217,26,400,1,Negative,
2727,22-10-2025,Facebook,India,Technology,54,Male,Very satisfied with the overall performance,947,194,82,1223,4,Positive,
2728,19-10-2025,Twitter,Australia,Education,32,Male,It works fine but has some minor issues,287,208,116,611,3,Neutral,
2729,10-12-2025,Facebook,Australia,Technology,51,Female,Very satisfied with the overall performance,128,10,149,287,4,Positive,
2730,06-01-2026,Instagram,Canada,Education,33,Male,"Absolutely loved the experience, highly recommended",908,109,41,1058,4,Positive,
2731,30-11-2025,Instagram,Canada,Product,27,Female,It works fine but has some minor issues,137,131,180,448,3,Neutral,
2732,15-06-2025,Instagram,India,Sports,31,Male,Amazing quality and fast delivery,420,253,44,717,4,Positive,
2733,21-07-2025,Instagram,USA,Health,53,Female,I recently bought this and it exceeded my expectations,186,60,112,358,5,Positive,
2734,04-03-2026,Instagram,UK,Technology,57,Female,Had a terrible experience using this service,673,165,112,950,1,Negative,
2735,01-12-2025,Twitter,Australia,Technology,19,Female,Amazing quality and fast delivery,490,265,74,829,4,Positive,
2736,21-01-2026,Facebook,Australia,Health,50,Female,Very satisfied with the overall performance,829,138,38,1005,5,Positive,
2737,16-10-2025,Facebook,USA,Entertainment,18,Male,I recently bought this and it exceeded my expectations,876,119,25,1020,5,Positive,
2738,30-07-2025,Twitter,UK,Education,28,Male,This is one of the best services I have ever used,133,72,54,259,4,Positive,
2739,24-03-2026,Facebook,Australia,Entertainment,19,Female,Had a terrible experience using this service,199,156,124,479,2,Negative,
2740,10-08-2025,Facebook,India,Politics,29,Female,It works fine but has some minor issues,623,166,100,889,3,Neutral,
2741,15-05-2025,Facebook,USA,Politics,18,Male,It works fine but has some minor issues,261,19,182,462,3,Neutral,
2742,16-07-2025,Twitter,UK,Sports,30,Male,This is one of the best services I have ever used,876,10,26,912,5,Positive,
2743,24-12-2025,Twitter,USA,Technology,29,Male,Very disappointed with the product quality,150,298,49,497,1,Negative,
2744,26-01-2026,Twitter,UK,Product,45,Male,"Not too good, not too bad",722,106,114,942,3,Neutral,
2745,03-07-2025,Instagram,Australia,Politics,47,Female,This is one of the best services I have ever used,949,146,182,1277,5,Positive,
2746,23-03-2026,Instagram,USA,Education,40,Female,I recently bought this and it exceeded my expectations,654,257,130,1041,4,Positive,
2747,29-09-2025,Instagram,USA,Entertainment,27,Female,It is acceptable for the price,74,277,153,504,3,Neutral,
2748,29-06-2025,Twitter,UK,Health,54,Male,I recently bought this and it exceeded my expectations,934,55,164,1153,4,Positive,
2749,12-05-2025,Instagram,USA,Sports,39,Male,Had a terrible experience using this service,916,91,13,1020,2,Negative,
2750,15-05-2025,Facebook,Canada,Technology,50,Female,I recently bought this and it exceeded my expectations,219,139,37,395,4,Positive,
2751,14-11-2025,Twitter,UK,Entertainment,21,Male,The product did not meet my expectations,458,112,155,725,2,Negative,
2752,21-11-2025,Twitter,UK,Entertainment,38,Male,"Not too good, not too bad",350,15,57,422,3,Neutral,
2753,16-01-2026,Twitter,Australia,Product,25,Male,Very disappointed with the product quality,584,153,162,899,1,Negative,
2754,30-04-2025,Twitter,Australia,Entertainment,34,Female,Had a terrible experience using this service,385,246,75,706,1,Negative,
2755,04-05-2025,Facebook,Australia,Education,49,Male,"Not too good, not too bad",802,264,196,1262,3,Neutral,
2756,01-11-2025,Twitter,UK,Entertainment,19,Female,"The product is okay, nothing special about it",129,57,141,327,3,Neutral,
2757,13-10-2025,Instagram,Australia,Politics,53,Female,Poor performance and bad customer support,704,130,89,923,2,Negative,
2758,30-01-2026,Twitter,UK,Education,45,Male,"The product is okay, nothing special about it",985,87,107,1179,3,Neutral,
2759,20-09-2025,Facebook,Australia,Entertainment,51,Female,I recently bought this and it exceeded my expectations,74,81,185,340,5,Positive,
2760,28-03-2025,Twitter,India,Sports,43,Female,"Not too good, not too bad",662,125,41,828,3,Neutral,
2761,07-01-2026,Twitter,India,Politics,57,Male,"Absolutely loved the experience, highly recommended",986,299,108,1393,5,Positive,
2762,16-01-2026,Twitter,USA,Politics,37,Male,Amazing quality and fast delivery,982,194,84,1260,5,Positive,
2763,11-01-2026,Instagram,Canada,Product,54,Male,It works fine but has some minor issues,199,104,19,322,3,Neutral,
2764,24-12-2025,Facebook,Canada,Sports,45,Female,Very disappointed with the product quality,690,52,179,921,1,Negative,
2765,04-07-2025,Instagram,USA,Technology,36,Female,Had a terrible experience using this service,523,47,78,648,2,Negative,
2766,19-02-2026,Twitter,USA,Sports,35,Female,It works fine but has some minor issues,899,213,141,1253,3,Neutral,
2767,15-09-2025,Facebook,Australia,Education,35,Female,Very satisfied with the overall performance,878,29,72,979,5,Positive,
2768,06-05-2025,Facebook,India,Sports,45,Male,This is one of the best services I have ever used,536,176,125,837,4,Positive,
2769,15-11-2025,Instagram,UK,Sports,58,Male,Poor performance and bad customer support,621,77,67,765,2,Negative,
2770,02-08-2025,Twitter,India,Product,29,Male,"Absolutely loved the experience, highly recommended",475,123,140,738,4,Positive,
2771,04-09-2025,Twitter,USA,Technology,58,Female,The product did not meet my expectations,328,84,72,484,1,Negative,
2772,26-06-2025,Twitter,USA,Entertainment,41,Male,It works fine but has some minor issues,97,198,121,416,3,Neutral,
2773,11-08-2025,Facebook,Australia,Technology,46,Female,It works fine but has some minor issues,500,149,120,769,3,Neutral,
2774,28-03-2026,Instagram,India,Politics,21,Male,I recently bought this and it exceeded my expectations,150,248,120,518,5,Positive,
2775,28-12-2025,Instagram,India,Technology,25,Female,It works fine but has some minor issues,255,238,170,663,3,Neutral,
2776,28-11-2025,Instagram,USA,Technology,59,Male,It is acceptable for the price,733,42,138,913,3,Neutral,
2777,05-08-2025,Instagram,Canada,Entertainment,37,Male,I recently bought this and it exceeded my expectations,307,51,161,519,4,Positive,
2778,02-04-2025,Facebook,UK,Technology,56,Female,"Absolutely loved the experience, highly recommended",599,218,99,916,4,Positive,
2779,21-12-2025,Twitter,Australia,Technology,33,Male,I recently bought this and it exceeded my expectations,880,62,43,985,4,Positive,
2780,06-09-2025,Twitter,Canada,Politics,24,Male,"The product is okay, nothing special about it",988,34,20,1042,3,Neutral,
2781,15-09-2025,Facebook,UK,Technology,28,Male,This is one of the best services I have ever used,444,121,123,688,4,Positive,
2782,27-12-2025,Instagram,India,Sports,58,Male,This is one of the best services I have ever used,422,141,169,732,4,Positive,
2783,01-07-2025,Facebook,Canada,Politics,53,Female,Very satisfied with the overall performance,913,243,192,1348,4,Positive,
2784,27-07-2025,Twitter,Canada,Sports,49,Female,Poor performance and bad customer support,407,142,183,732,1,Negative,
2785,21-12-2025,Instagram,UK,Entertainment,19,Female,Very satisfied with the overall performance,738,125,156,1019,5,Positive,
2786,21-10-2025,Facebook,UK,Entertainment,47,Female,The product did not meet my expectations,123,66,34,223,1,Negative,
2787,23-05-2025,Facebook,India,Education,18,Female,This is one of the best services I have ever used,775,161,185,1121,4,Positive,
2788,20-06-2025,Twitter,UK,Technology,20,Female,Had a terrible experience using this service,455,287,12,754,2,Negative,
2789,31-05-2025,Twitter,India,Health,40,Female,"Average experience, could be improved",503,115,124,742,3,Neutral,
2790,16-04-2025,Facebook,Canada,Education,45,Female,This is one of the best services I have ever used,338,36,77,451,5,Positive,
2791,08-03-2026,Instagram,Australia,Education,44,Female,"Waste of money, not recommended",311,45,160,516,1,Negative,
2792,09-05-2025,Instagram,India,Education,53,Male,"Average experience, could be improved",279,157,13,449,3,Neutral,
2793,25-09-2025,Facebook,India,Technology,60,Male,I recently bought this and it exceeded my expectations,629,97,122,848,4,Positive,
2794,20-02-2026,Instagram,UK,Entertainment,30,Female,Very disappointed with the product quality,814,228,168,1210,1,Negative,
2795,08-10-2025,Twitter,Australia,Product,47,Female,Very satisfied with the overall performance,690,11,6,707,5,Positive,
2796,04-05-2025,Facebook,Canada,Product,44,Female,This is one of the best services I have ever used,555,34,67,656,4,Positive,
2797,24-09-2025,Instagram,UK,Politics,44,Male,"The product is okay, nothing special about it",478,82,169,729,3,Neutral,
2798,07-09-2025,Instagram,USA,Entertainment,41,Male,Very disappointed with the product quality,856,39,53,948,1,Negative,
2799,24-03-2026,Twitter,USA,Education,34,Male,Had a terrible experience using this service,618,72,61,751,1,Negative,
2800,09-10-2025,Facebook,India,Sports,26,Male,"Average experience, could be improved",620,14,177,811,3,Neutral,
2801,02-07-2025,Facebook,USA,Entertainment,44,Male,"Average experience, could be improved",999,280,40,1319,3,Neutral,
2802,04-11-2025,Instagram,Australia,Sports,36,Male,"Average experience, could be improved",54,107,179,340,3,Neutral,
2803,13-12-2025,Facebook,Canada,Entertainment,33,Female,I recently bought this and it exceeded my expectations,408,193,149,750,5,Positive,
2804,18-01-2026,Instagram,UK,Politics,55,Female,"The product is okay, nothing special about it",319,222,102,643,3,Neutral,
2805,20-02-2026,Facebook,Canada,Technology,59,Male,The product did not meet my expectations,245,147,77,469,2,Negative,
2806,28-09-2025,Twitter,India,Sports,36,Female,It works fine but has some minor issues,67,238,181,486,3,Neutral,
2807,11-03-2026,Facebook,Australia,Education,33,Female,"Waste of money, not recommended",358,212,197,767,1,Negative,
2808,04-05-2025,Twitter,UK,Education,22,Female,I recently bought this and it exceeded my expectations,886,154,172,1212,5,Positive,
2809,06-11-2025,Facebook,Australia,Sports,53,Female,Poor performance and bad customer support,61,211,79,351,1,Negative,
2810,16-10-2025,Instagram,India,Education,34,Male,This is one of the best services I have ever used,843,154,169,1166,5,Positive,
2811,12-11-2025,Facebook,USA,Technology,36,Female,Poor performance and bad customer support,847,208,20,1075,2,Negative,
2812,05-06-2025,Twitter,USA,Product,20,Female,It works fine but has some minor issues,115,208,9,332,3,Neutral,
2813,09-08-2025,Instagram,Australia,Technology,58,Male,The product did not meet my expectations,579,119,55,753,1,Negative,
2814,02-02-2026,Instagram,USA,Health,53,Male,Very disappointed with the product quality,463,249,47,759,1,Negative,
2815,06-06-2025,Twitter,Australia,Sports,47,Female,"Absolutely loved the experience, highly recommended",264,19,136,419,5,Positive,
2816,31-01-2026,Instagram,India,Technology,53,Male,"Not too good, not too bad",976,97,11,1084,3,Neutral,
2817,07-07-2025,Twitter,UK,Politics,33,Female,I recently bought this and it exceeded my expectations,489,44,134,667,5,Positive,
2818,08-05-2025,Twitter,UK,Education,18,Male,"Average experience, could be improved",823,47,181,1051,3,Neutral,
2819,21-03-2026,Facebook,India,Health,31,Female,Very disappointed with the product quality,505,283,184,972,2,Negative,
2820,04-01-2026,Instagram,India,Entertainment,33,Female,"Waste of money, not recommended",226,46,149,421,2,Negative,
2821,30-10-2025,Twitter,UK,Politics,47,Male,Had a terrible experience using this service,922,50,122,1094,2,Negative,
2822,26-11-2025,Twitter,UK,Education,56,Female,Had a terrible experience using this service,979,129,37,1145,1,Negative,
2823,31-01-2026,Twitter,UK,Education,36,Male,Had a terrible experience using this service,351,217,8,576,1,Negative,
2824,07-09-2025,Instagram,UK,Sports,55,Male,"Average experience, could be improved",744,280,49,1073,3,Neutral,
2825,23-11-2025,Instagram,Australia,Health,54,Male,Poor performance and bad customer support,631,139,134,904,1,Negative,
2826,09-08-2025,Instagram,India,Education,60,Male,Poor performance and bad customer support,787,15,158,960,1,Negative,
2827,22-05-2025,Facebook,USA,Politics,46,Female,I recently bought this and it exceeded my expectations,225,175,25,425,5,Positive,
2828,29-04-2025,Twitter,UK,Health,39,Female,"Absolutely loved the experience, highly recommended",594,72,9,675,5,Positive,
2829,19-11-2025,Facebook,USA,Sports,33,Female,"Average experience, could be improved",997,116,170,1283,3,Neutral,
2830,22-05-2025,Facebook,India,Politics,42,Female,Had a terrible experience using this service,151,165,55,371,1,Negative,
2831,18-06-2025,Facebook,India,Technology,20,Female,"Absolutely loved the experience, highly recommended",826,179,178,1183,4,Positive,
2832,14-02-2026,Facebook,USA,Product,36,Female,Very disappointed with the product quality,699,204,156,1059,1,Negative,
2833,05-06-2025,Facebook,Canada,Sports,33,Male,Had a terrible experience using this service,354,224,42,620,1,Negative,
2834,07-09-2025,Instagram,Canada,Health,36,Male,Very disappointed with the product quality,945,20,35,1000,1,Negative,
2835,07-02-2026,Instagram,Canada,Technology,46,Male,Very disappointed with the product quality,258,237,19,514,1,Negative,
2836,26-12-2025,Instagram,India,Technology,39,Male,"Absolutely loved the experience, highly recommended",685,62,143,890,4,Positive,
2837,26-12-2025,Facebook,Australia,Product,29,Female,The product did not meet my expectations,800,231,90,1121,2,Negative,
2838,18-12-2025,Facebook,Australia,Politics,44,Male,The product did not meet my expectations,743,33,102,878,1,Negative,
2839,09-09-2025,Twitter,Canada,Product,37,Female,This is one of the best services I have ever used,76,221,189,486,5,Positive,
2840,01-08-2025,Twitter,Australia,Entertainment,54,Female,"The product is okay, nothing special about it",908,240,34,1182,3,Neutral,
2841,17-09-2025,Facebook,Canada,Politics,47,Male,Very disappointed with the product quality,855,170,55,1080,2,Negative,
2842,01-11-2025,Facebook,UK,Health,22,Female,It works fine but has some minor issues,518,118,9,645,3,Neutral,
2843,09-08-2025,Facebook,Australia,Entertainment,59,Female,Very satisfied with the overall performance,764,298,57,1119,5,Positive,
2844,09-07-2025,Facebook,Canada,Technology,30,Male,Amazing quality and fast delivery,319,123,60,502,4,Positive,
2845,17-08-2025,Instagram,India,Health,39,Male,Very disappointed with the product quality,442,191,70,703,1,Negative,
2846,18-12-2025,Facebook,India,Politics,35,Male,Amazing quality and fast delivery,972,148,97,1217,5,Positive,
2847,25-04-2025,Facebook,Canada,Politics,20,Male,It works fine but has some minor issues,933,168,96,1197,3,Neutral,
2848,28-05-2025,Facebook,UK,Health,36,Male,"Average experience, could be improved",946,143,200,1289,3,Neutral,
2849,27-01-2026,Instagram,UK,Product,52,Female,"The product is okay, nothing special about it",793,57,116,966,3,Neutral,
2850,31-08-2025,Twitter,UK,Education,18,Male,"Average experience, could be improved",868,286,128,1282,3,Neutral,
2851,07-11-2025,Twitter,USA,Politics,50,Female,It is acceptable for the price,116,188,195,499,3,Neutral,
2852,10-04-2025,Twitter,India,Health,29,Female,"The product is okay, nothing special about it",147,40,137,324,3,Neutral,
2853,29-12-2025,Instagram,Australia,Health,52,Male,Amazing quality and fast delivery,93,244,58,395,5,Positive,
2854,18-03-2026,Instagram,UK,Education,30,Female,"Average experience, could be improved",376,250,93,719,3,Neutral,
2855,03-08-2025,Instagram,USA,Technology,39,Male,The product did not meet my expectations,189,76,98,363,1,Negative,
2856,24-11-2025,Twitter,UK,Entertainment,25,Female,"Average experience, could be improved",188,262,156,606,3,Neutral,
2857,10-09-2025,Facebook,Australia,Health,54,Female,Very disappointed with the product quality,841,214,24,1079,1,Negative,
2858,12-04-2025,Instagram,UK,Entertainment,29,Male,"Absolutely loved the experience, highly recommended",653,66,5,724,4,Positive,
2859,21-12-2025,Instagram,Australia,Education,31,Female,Very disappointed with the product quality,94,143,65,302,2,Negative,
2860,14-11-2025,Twitter,Canada,Politics,22,Male,Very disappointed with the product quality,185,188,164,537,2,Negative,
2861,27-03-2026,Facebook,Canada,Entertainment,39,Male,Had a terrible experience using this service,922,153,156,1231,1,Negative,
2862,04-05-2025,Twitter,Canada,Education,38,Male,Poor performance and bad customer support,385,39,147,571,1,Negative,
2863,14-05-2025,Twitter,USA,Entertainment,49,Male,It is acceptable for the price,472,142,189,803,3,Neutral,
2864,04-12-2025,Twitter,Australia,Entertainment,54,Male,The product did not meet my expectations,447,149,81,677,1,Negative,
2865,21-02-2026,Instagram,Australia,Technology,52,Male,Amazing quality and fast delivery,85,298,150,533,5,Positive,
2866,30-03-2025,Instagram,UK,Health,60,Female,Very satisfied with the overall performance,483,154,74,711,4,Positive,
2867,27-01-2026,Facebook,Australia,Health,32,Female,Amazing quality and fast delivery,819,140,130,1089,4,Positive,
2868,20-09-2025,Facebook,Canada,Health,30,Female,This is one of the best services I have ever used,94,19,81,194,5,Positive,
2869,22-05-2025,Facebook,India,Education,45,Female,"Not too good, not too bad",977,283,16,1276,3,Neutral,
2870,21-01-2026,Instagram,USA,Product,31,Female,The product did not meet my expectations,590,53,187,830,1,Negative,
2871,17-07-2025,Facebook,USA,Entertainment,23,Male,Very disappointed with the product quality,57,179,128,364,1,Negative,
2872,11-04-2025,Facebook,USA,Health,20,Female,Very disappointed with the product quality,203,103,154,460,1,Negative,
2873,06-10-2025,Twitter,UK,Technology,47,Male,It works fine but has some minor issues,310,233,183,726,3,Neutral,
2874,06-02-2026,Twitter,UK,Entertainment,20,Female,"The product is okay, nothing special about it",980,43,199,1222,3,Neutral,
2875,18-10-2025,Twitter,Australia,Health,49,Female,Poor performance and bad customer support,433,297,48,778,1,Negative,
2876,14-03-2026,Instagram,UK,Product,32,Female,"Absolutely loved the experience, highly recommended",342,279,97,718,4,Positive,
2877,02-02-2026,Facebook,Australia,Health,60,Female,Amazing quality and fast delivery,575,108,7,690,5,Positive,
2878,11-09-2025,Facebook,UK,Product,19,Female,This is one of the best services I have ever used,439,175,49,663,5,Positive,
2879,04-12-2025,Twitter,UK,Product,31,Male,This is one of the best services I have ever used,806,98,113,1017,5,Positive,
2880,12-11-2025,Facebook,UK,Sports,52,Female,"Not too good, not too bad",142,295,169,606,3,Neutral,
2881,16-04-2025,Twitter,Australia,Product,45,Female,"Average experience, could be improved",820,246,36,1102,3,Neutral,
2882,04-10-2025,Facebook,UK,Entertainment,29,Male,Very disappointed with the product quality,264,211,193,668,1,Negative,
2883,03-08-2025,Twitter,UK,Education,32,Female,"Waste of money, not recommended",157,170,52,379,2,Negative,
2884,09-08-2025,Facebook,UK,Product,34,Male,"Not too good, not too bad",940,196,46,1182,3,Neutral,
2885,07-10-2025,Instagram,USA,Product,57,Male,Poor performance and bad customer support,584,182,74,840,2,Negative,
2886,06-05-2025,Instagram,UK,Sports,34,Male,It is acceptable for the price,451,204,126,781,3,Neutral,
2887,09-11-2025,Facebook,Canada,Technology,43,Male,"Absolutely loved the experience, highly recommended",851,234,32,1117,4,Positive,
2888,27-03-2026,Instagram,UK,Politics,23,Female,I recently bought this and it exceeded my expectations,466,166,187,819,5,Positive,
2889,04-11-2025,Instagram,India,Health,20,Female,I recently bought this and it exceeded my expectations,792,262,36,1090,5,Positive,
2890,03-05-2025,Twitter,UK,Product,60,Female,I recently bought this and it exceeded my expectations,741,223,91,1055,4,Positive,
2891,19-01-2026,Facebook,Australia,Technology,32,Female,"The product is okay, nothing special about it",122,59,35,216,3,Neutral,
2892,22-10-2025,Twitter,Canada,Sports,48,Female,This is one of the best services I have ever used,652,77,139,868,4,Positive,
2893,30-11-2025,Instagram,UK,Politics,60,Female,This is one of the best services I have ever used,493,247,11,751,5,Positive,
2894,09-12-2025,Twitter,UK,Sports,35,Female,"The product is okay, nothing special about it",194,47,199,440,3,Neutral,
2895,28-07-2025,Twitter,India,Entertainment,37,Female,I recently bought this and it exceeded my expectations,74,148,68,290,4,Positive,
2896,04-09-2025,Facebook,India,Entertainment,45,Female,It is acceptable for the price,425,67,154,646,3,Neutral,
2897,17-04-2025,Instagram,India,Entertainment,19,Female,Had a terrible experience using this service,714,13,58,785,1,Negative,
2898,13-11-2025,Instagram,Australia,Politics,52,Male,The product did not meet my expectations,903,241,53,1197,1,Negative,
2899,07-04-2025,Twitter,Australia,Politics,28,Female,"Waste of money, not recommended",968,38,60,1066,1,Negative,
2900,15-09-2025,Facebook,Australia,Product,41,Female,It is acceptable for the price,64,243,64,371,3,Neutral,
2901,11-04-2025,Instagram,Canada,Politics,35,Male,"Waste of money, not recommended",358,32,7,397,1,Negative,
2902,13-07-2025,Twitter,UK,Entertainment,40,Male,"Not too good, not too bad",121,223,186,530,3,Neutral,
2903,30-07-2025,Facebook,India,Technology,41,Female,"Not too good, not too bad",281,103,50,434,3,Neutral,
2904,10-10-2025,Twitter,Canada,Politics,25,Female,"Average experience, could be improved",738,188,163,1089,3,Neutral,
2905,04-12-2025,Instagram,USA,Sports,41,Female,It works fine but has some minor issues,876,299,184,1359,3,Neutral,
2906,27-03-2026,Twitter,India,Health,39,Female,"Not too good, not too bad",525,93,45,663,3,Neutral,
2907,23-09-2025,Instagram,Australia,Politics,43,Female,"Absolutely loved the experience, highly recommended",537,278,54,869,5,Positive,
2908,15-02-2026,Instagram,UK,Entertainment,59,Male,Amazing quality and fast delivery,581,272,148,1001,4,Positive,
2909,06-07-2025,Instagram,India,Product,43,Female,This is one of the best services I have ever used,518,274,52,844,5,Positive,
2910,29-06-2025,Instagram,USA,Technology,35,Male,The product did not meet my expectations,248,113,26,387,1,Negative,
2911,16-06-2025,Facebook,UK,Health,56,Female,Poor performance and bad customer support,138,297,129,564,2,Negative,
2912,21-03-2026,Facebook,UK,Education,45,Female,Very satisfied with the overall performance,458,95,33,586,4,Positive,
2913,23-07-2025,Twitter,India,Sports,47,Female,Very disappointed with the product quality,770,243,124,1137,2,Negative,
2914,12-11-2025,Facebook,Canada,Health,24,Male,"The product is okay, nothing special about it",765,254,150,1169,3,Neutral,
2915,26-02-2026,Facebook,India,Education,40,Female,"Not too good, not too bad",525,51,85,661,3,Neutral,
2916,23-01-2026,Facebook,Canada,Education,18,Female,"The product is okay, nothing special about it",180,117,80,377,3,Neutral,
2917,26-10-2025,Facebook,UK,Product,25,Female,Had a terrible experience using this service,992,67,25,1084,2,Negative,
2918,22-10-2025,Instagram,Canada,Entertainment,48,Female,"The product is okay, nothing special about it",118,89,124,331,3,Neutral,
2919,14-07-2025,Instagram,UK,Entertainment,56,Female,It works fine but has some minor issues,771,47,40,858,3,Neutral,
2920,08-10-2025,Instagram,India,Product,36,Female,Very satisfied with the overall performance,403,245,74,722,4,Positive,
2921,24-06-2025,Facebook,UK,Technology,40,Male,The product did not meet my expectations,478,23,181,682,1,Negative,
2922,10-11-2025,Instagram,Canada,Health,23,Female,"Average experience, could be improved",725,238,140,1103,3,Neutral,
2923,22-08-2025,Twitter,UK,Sports,43,Male,Had a terrible experience using this service,378,207,136,721,2,Negative,
2924,27-11-2025,Instagram,Canada,Entertainment,50,Male,Amazing quality and fast delivery,484,58,22,564,4,Positive,
2925,28-01-2026,Facebook,Canada,Health,50,Female,Very satisfied with the overall performance,105,133,147,385,4,Positive,
2926,01-11-2025,Instagram,India,Entertainment,38,Male,This is one of the best services I have ever used,494,220,99,813,4,Positive,
2927,22-09-2025,Facebook,USA,Entertainment,56,Female,"Waste of money, not recommended",724,78,149,951,2,Negative,
2928,25-02-2026,Twitter,Canada,Entertainment,32,Male,Amazing quality and fast delivery,818,204,122,1144,5,Positive,
2929,07-09-2025,Twitter,Canada,Entertainment,52,Male,This is one of the best services I have ever used,993,159,108,1260,4,Positive,
2930,11-04-2025,Facebook,India,Product,25,Female,I recently bought this and it exceeded my expectations,577,129,111,817,5,Positive,
2931,29-07-2025,Twitter,USA,Product,50,Female,Poor performance and bad customer support,519,198,124,841,1,Negative,
2932,15-10-2025,Facebook,India,Technology,19,Male,Poor performance and bad customer support,633,291,151,1075,1,Negative,
2933,24-12-2025,Facebook,UK,Entertainment,24,Male,This is one of the best services I have ever used,667,17,111,795,4,Positive,
2934,23-02-2026,Twitter,Canada,Technology,19,Male,Very disappointed with the product quality,350,36,178,564,2,Negative,
2935,11-06-2025,Facebook,UK,Technology,33,Male,Poor performance and bad customer support,489,247,166,902,2,Negative,
2936,24-12-2025,Instagram,Canada,Sports,27,Female,"Not too good, not too bad",618,175,102,895,3,Neutral,
2937,06-09-2025,Facebook,Australia,Politics,59,Male,"Average experience, could be improved",655,251,188,1094,3,Neutral,
2938,23-04-2025,Instagram,USA,Education,34,Male,"Waste of money, not recommended",56,269,7,332,2,Negative,
2939,26-02-2026,Facebook,Canada,Entertainment,39,Female,Had a terrible experience using this service,564,40,96,700,1,Negative,
2940,19-08-2025,Twitter,UK,Health,26,Female,"Not too good, not too bad",991,33,108,1132,3,Neutral,
2941,04-07-2025,Twitter,India,Product,39,Male,"The product is okay, nothing special about it",954,80,154,1188,3,Neutral,
2942,30-12-2025,Instagram,Australia,Product,60,Female,Very satisfied with the overall performance,315,260,186,761,5,Positive,
2943,02-01-2026,Twitter,Canada,Health,35,Male,The product did not meet my expectations,730,38,71,839,1,Negative,
2944,13-07-2025,Facebook,Australia,Sports,27,Male,The product did not meet my expectations,263,172,28,463,1,Negative,
2945,06-11-2025,Twitter,Australia,Technology,34,Male,This is one of the best services I have ever used,606,71,184,861,5,Positive,
2946,29-11-2025,Twitter,Canada,Education,41,Female,Very disappointed with the product quality,250,113,93,456,2,Negative,
2947,25-12-2025,Instagram,India,Sports,46,Female,"Waste of money, not recommended",918,261,103,1282,2,Negative,
2948,04-09-2025,Instagram,UK,Health,21,Female,Very satisfied with the overall performance,550,264,189,1003,5,Positive,
2949,10-12-2025,Facebook,Australia,Health,31,Male,I recently bought this and it exceeded my expectations,125,104,190,419,4,Positive,
2950,25-12-2025,Instagram,USA,Product,57,Male,"Not too good, not too bad",311,278,143,732,3,Neutral,
2951,13-01-2026,Facebook,Australia,Product,28,Female,Had a terrible experience using this service,652,135,9,796,1,Negative,
2952,30-09-2025,Instagram,USA,Technology,59,Female,It is acceptable for the price,332,201,101,634,3,Neutral,
2953,02-01-2026,Twitter,Australia,Technology,33,Male,The product did not meet my expectations,171,157,19,347,1,Negative,
2954,13-05-2025,Instagram,Canada,Education,22,Male,The product did not meet my expectations,612,92,142,846,2,Negative,
2955,29-10-2025,Instagram,USA,Entertainment,40,Male,"Waste of money, not recommended",908,13,83,1004,1,Negative,
2956,08-07-2025,Twitter,Australia,Sports,30,Female,"Not too good, not too bad",185,90,106,381,3,Neutral,
2957,28-12-2025,Facebook,USA,Entertainment,29,Male,It is acceptable for the price,776,262,130,1168,3,Neutral,
2958,13-12-2025,Twitter,Canada,Politics,42,Female,Poor performance and bad customer support,759,13,109,881,1,Negative,
2959,14-01-2026,Instagram,Australia,Technology,19,Male,"Not too good, not too bad",822,274,53,1149,3,Neutral,
2960,26-01-2026,Instagram,Canada,Product,34,Female,Amazing quality and fast delivery,807,160,53,1020,5,Positive,
2961,25-01-2026,Twitter,UK,Sports,41,Female,"Not too good, not too bad",880,176,14,1070,3,Neutral,
2962,21-12-2025,Facebook,UK,Health,47,Male,It works fine but has some minor issues,346,230,55,631,3,Neutral,
2963,30-11-2025,Instagram,Canada,Technology,48,Female,"Not too good, not too bad",591,54,154,799,3,Neutral,
2964,27-12-2025,Instagram,USA,Sports,47,Female,Very disappointed with the product quality,583,117,24,724,1,Negative,
2965,08-03-2026,Facebook,USA,Technology,18,Male,Very disappointed with the product quality,772,37,195,1004,2,Negative,
2966,14-07-2025,Instagram,Australia,Entertainment,18,Female,"Absolutely loved the experience, highly recommended",349,190,103,642,4,Positive,
2967,14-01-2026,Instagram,India,Technology,45,Female,Very satisfied with the overall performance,823,60,39,922,4,Positive,
2968,25-12-2025,Instagram,UK,Politics,27,Male,Very disappointed with the product quality,715,120,155,990,1,Negative,
2969,18-07-2025,Twitter,India,Education,42,Female,The product did not meet my expectations,552,203,66,821,2,Negative,
2970,20-01-2026,Twitter,Canada,Politics,55,Female,Had a terrible experience using this service,714,100,79,893,2,Negative,
2971,24-04-2025,Twitter,Canada,Politics,22,Female,"Not too good, not too bad",175,298,112,585,3,Neutral,
2972,14-09-2025,Instagram,UK,Health,18,Male,Very satisfied with the overall performance,379,196,27,602,5,Positive,
2973,15-04-2025,Facebook,UK,Education,37,Female,Amazing quality and fast delivery,406,167,32,605,5,Positive,
2974,02-05-2025,Instagram,Canada,Entertainment,36,Female,"Waste of money, not recommended",455,73,121,649,1,Negative,
2975,08-12-2025,Twitter,India,Education,55,Male,Amazing quality and fast delivery,119,178,154,451,5,Positive,
2976,03-01-2026,Facebook,Australia,Politics,43,Female,"Average experience, could be improved",941,58,12,1011,3,Neutral,
2977,13-12-2025,Facebook,Canada,Technology,46,Male,"The product is okay, nothing special about it",176,205,186,567,3,Neutral,
2978,30-04-2025,Facebook,UK,Education,38,Female,"Not too good, not too bad",162,159,166,487,3,Neutral,
2979,10-11-2025,Twitter,Australia,Health,46,Female,"Average experience, could be improved",272,271,86,629,3,Neutral,
2980,26-03-2026,Facebook,India,Entertainment,48,Female,"Absolutely loved the experience, highly recommended",300,201,107,608,4,Positive,
2981,11-04-2025,Twitter,Australia,Technology,24,Male,It works fine but has some minor issues,868,210,76,1154,3,Neutral,
2982,28-05-2025,Facebook,India,Entertainment,54,Male,"Waste of money, not recommended",418,156,61,635,2,Negative,
2983,22-02-2026,Twitter,USA,Education,58,Female,The product did not meet my expectations,549,222,41,812,2,Negative,
2984,12-04-2025,Instagram,Canada,Politics,41,Male,The product did not meet my expectations,246,92,182,520,2,Negative,
2985,10-06-2025,Facebook,Australia,Politics,45,Female,I recently bought this and it exceeded my expectations,693,121,131,945,4,Positive,
2986,20-04-2025,Facebook,Australia,Politics,59,Male,This is one of the best services I have ever used,869,84,143,1096,4,Positive,
2987,01-05-2025,Instagram,USA,Sports,18,Male,Very satisfied with the overall performance,661,32,127,820,5,Positive,
2988,01-12-2025,Facebook,Australia,Education,56,Male,Amazing quality and fast delivery,580,173,186,939,5,Positive,
2989,20-08-2025,Twitter,UK,Technology,32,Male,It is acceptable for the price,766,289,176,1231,3,Neutral,
2990,07-05-2025,Facebook,Australia,Politics,21,Female,"Not too good, not too bad",959,38,6,1003,3,Neutral,
2991,08-10-2025,Twitter,UK,Product,18,Male,It works fine but has some minor issues,347,212,186,745,3,Neutral,
2992,15-07-2025,Facebook,Canada,Product,54,Male,"Not too good, not too bad",399,195,122,716,3,Neutral,
2993,12-04-2025,Facebook,UK,Entertainment,29,Male,"The product is okay, nothing special about it",299,271,46,616,3,Neutral,
2994,23-12-2025,Twitter,UK,Technology,42,Female,This is one of the best services I have ever used,276,31,34,341,4,Positive,
2995,23-04-2025,Instagram,India,Education,31,Female,The product did not meet my expectations,681,161,194,1036,1,Negative,
2996,16-08-2025,Facebook,USA,Education,33,Male,This is one of the best services I have ever used,644,118,191,953,4,Positive,
2997,11-11-2025,Twitter,Australia,Sports,28,Female,"Not too good, not too bad",147,200,44,391,3,Neutral,
2998,20-03-2026,Facebook,Canada,Product,54,Female,"The product is okay, nothing special about it",415,29,149,593,3,Neutral,
2999,11-09-2025,Twitter,Australia,Entertainment,55,Female,Amazing quality and fast delivery,303,90,14,407,4,Positive,
3000,07-01-2026,Facebook,Canada,Education,22,Female,"Absolutely loved the experience, highly recommended",740,72,137,949,5,Positive,
3001,04-10-2025,Facebook,India,Technology,35,Female,I recently bought this and it exceeded my expectations,450,228,28,706,5,Positive,
3002,26-03-2026,Twitter,India,Sports,57,Male,Poor performance and bad customer support,697,38,139,874,2,Negative,
3003,11-07-2025,Instagram,India,Education,43,Female,The product did not meet my expectations,326,167,145,638,2,Negative,
3004,15-03-2026,Instagram,India,Health,44,Male,Had a terrible experience using this service,517,278,187,982,1,Negative,
3005,24-02-2026,Twitter,India,Health,30,Male,"Average experience, could be improved",993,221,120,1334,3,Neutral,
3006,19-08-2025,Instagram,USA,Health,50,Female,"Not too good, not too bad",357,146,24,527,3,Neutral,
3007,18-03-2026,Twitter,Australia,Health,52,Female,I recently bought this and it exceeded my expectations,584,15,142,741,4,Positive,
3008,21-02-2026,Instagram,Canada,Product,23,Female,"Waste of money, not recommended",900,122,75,1097,2,Negative,
3009,10-07-2025,Twitter,USA,Sports,22,Female,"Average experience, could be improved",70,234,82,386,3,Neutral,
3010,14-03-2026,Facebook,USA,Health,60,Female,Had a terrible experience using this service,889,102,142,1133,2,Negative,
3011,07-10-2025,Instagram,USA,Sports,25,Female,"Not too good, not too bad",616,248,97,961,3,Neutral,
3012,25-02-2026,Twitter,Australia,Education,37,Male,Amazing quality and fast delivery,869,40,29,938,4,Positive,
3013,03-09-2025,Twitter,Australia,Sports,37,Female,This is one of the best services I have ever used,598,244,196,1038,4,Positive,
3014,12-01-2026,Instagram,Canada,Sports,25,Male,"Average experience, could be improved",335,287,165,787,3,Neutral,
3015,04-12-2025,Instagram,UK,Politics,34,Male,Poor performance and bad customer support,178,158,112,448,1,Negative,
3016,25-11-2025,Facebook,UK,Health,44,Female,Amazing quality and fast delivery,763,88,178,1029,4,Positive,
3017,26-02-2026,Twitter,USA,Politics,59,Female,"Average experience, could be improved",391,184,7,582,3,Neutral,
3018,13-02-2026,Instagram,Australia,Technology,26,Male,It works fine but has some minor issues,932,67,41,1040,3,Neutral,
3019,16-02-2026,Twitter,USA,Entertainment,33,Female,"Average experience, could be improved",190,62,11,263,3,Neutral,
3020,28-07-2025,Instagram,USA,Education,39,Female,Had a terrible experience using this service,308,80,40,428,2,Negative,
3021,21-09-2025,Instagram,India,Sports,37,Female,Very satisfied with the overall performance,365,102,198,665,4,Positive,
3022,18-04-2025,Twitter,UK,Technology,57,Male,"Average experience, could be improved",588,58,32,678,3,Neutral,
3023,11-11-2025,Instagram,UK,Education,42,Male,Very satisfied with the overall performance,853,55,184,1092,4,Positive,
3024,25-08-2025,Instagram,India,Politics,22,Female,I recently bought this and it exceeded my expectations,712,107,154,973,4,Positive,
3025,30-07-2025,Facebook,UK,Entertainment,42,Female,This is one of the best services I have ever used,631,250,122,1003,4,Positive,
3026,18-12-2025,Instagram,Australia,Technology,49,Female,"Not too good, not too bad",701,188,86,975,3,Neutral,
3027,14-09-2025,Facebook,UK,Entertainment,59,Female,"Average experience, could be improved",399,50,178,627,3,Neutral,
3028,27-03-2026,Facebook,India,Technology,33,Female,It is acceptable for the price,335,194,5,534,3,Neutral,
3029,03-09-2025,Instagram,UK,Sports,37,Male,This is one of the best services I have ever used,597,97,11,705,4,Positive,
3030,02-12-2025,Twitter,Australia,Politics,60,Male,"Average experience, could be improved",183,77,153,413,3,Neutral,
3031,05-12-2025,Instagram,India,Technology,60,Female,"Absolutely loved the experience, highly recommended",945,255,132,1332,4,Positive,
3032,18-12-2025,Instagram,Canada,Sports,36,Male,Very satisfied with the overall performance,503,26,172,701,5,Positive,
3033,28-12-2025,Instagram,UK,Product,54,Female,The product did not meet my expectations,579,163,55,797,2,Negative,
3034,15-12-2025,Instagram,USA,Education,45,Female,Had a terrible experience using this service,299,20,32,351,1,Negative,
3035,02-08-2025,Twitter,USA,Sports,41,Female,This is one of the best services I have ever used,916,211,41,1168,4,Positive,
3036,22-10-2025,Facebook,USA,Politics,58,Male,"Not too good, not too bad",877,11,105,993,3,Neutral,
3037,28-06-2025,Instagram,UK,Technology,49,Female,Had a terrible experience using this service,615,232,138,985,2,Negative,
3038,11-07-2025,Facebook,UK,Education,43,Male,I recently bought this and it exceeded my expectations,733,249,48,1030,4,Positive,
3039,23-09-2025,Twitter,Australia,Product,22,Male,Poor performance and bad customer support,613,259,85,957,2,Negative,
3040,08-03-2026,Twitter,India,Politics,41,Male,Amazing quality and fast delivery,225,10,159,394,5,Positive,
3041,05-11-2025,Twitter,UK,Politics,56,Female,Very disappointed with the product quality,455,225,76,756,2,Negative,
3042,08-10-2025,Twitter,Canada,Sports,26,Female,I recently bought this and it exceeded my expectations,103,53,96,252,4,Positive,
3043,06-06-2025,Facebook,USA,Education,20,Female,It is acceptable for the price,896,230,62,1188,3,Neutral,
3044,03-01-2026,Instagram,Australia,Health,55,Male,It is acceptable for the price,632,145,175,952,3,Neutral,
3045,19-11-2025,Instagram,India,Entertainment,43,Female,"The product is okay, nothing special about it",132,196,78,406,3,Neutral,
3046,14-10-2025,Twitter,UK,Technology,36,Male,Very satisfied with the overall performance,913,78,160,1151,5,Positive,
3047,13-10-2025,Facebook,India,Politics,48,Male,"Not too good, not too bad",383,94,104,581,3,Neutral,
3048,24-06-2025,Facebook,Canada,Politics,36,Male,Had a terrible experience using this service,910,284,139,1333,2,Negative,
3049,01-06-2025,Twitter,UK,Politics,25,Female,"Average experience, could be improved",642,81,129,852,3,Neutral,
3050,23-09-2025,Twitter,Australia,Entertainment,34,Male,It is acceptable for the price,105,287,52,444,3,Neutral,
3051,17-01-2026,Facebook,Australia,Product,54,Male,Very disappointed with the product quality,891,20,157,1068,2,Negative,
3052,15-03-2026,Twitter,Canada,Sports,29,Female,The product did not meet my expectations,449,119,144,712,2,Negative,
3053,11-12-2025,Instagram,India,Technology,34,Male,Had a terrible experience using this service,580,198,12,790,2,Negative,
3054,13-09-2025,Twitter,Australia,Health,24,Female,"Not too good, not too bad",280,34,58,372,3,Neutral,
3055,23-06-2025,Twitter,UK,Health,27,Male,"Waste of money, not recommended",613,68,136,817,1,Negative,
3056,29-10-2025,Facebook,India,Product,60,Female,Very disappointed with the product quality,467,277,172,916,1,Negative,
3057,26-08-2025,Facebook,Canada,Sports,50,Female,Amazing quality and fast delivery,943,34,64,1041,5,Positive,
3058,20-08-2025,Instagram,USA,Sports,35,Female,Very satisfied with the overall performance,961,157,89,1207,5,Positive,
3059,25-02-2026,Twitter,UK,Health,30,Male,"Waste of money, not recommended",589,64,33,686,1,Negative,
3060,22-01-2026,Instagram,India,Technology,36,Male,"Average experience, could be improved",205,275,142,622,3,Neutral,
3061,20-12-2025,Instagram,India,Technology,44,Male,This is one of the best services I have ever used,188,280,67,535,4,Positive,
3062,27-12-2025,Facebook,Canada,Politics,55,Female,"Not too good, not too bad",608,125,151,884,3,Neutral,
3063,24-03-2026,Facebook,Australia,Health,44,Female,The product did not meet my expectations,525,41,131,697,2,Negative,
3064,22-10-2025,Facebook,Australia,Entertainment,60,Female,Amazing quality and fast delivery,615,215,191,1021,4,Positive,
3065,29-03-2025,Instagram,USA,Education,41,Female,"Waste of money, not recommended",646,222,106,974,1,Negative,
3066,13-12-2025,Instagram,Canada,Education,32,Female,Very satisfied with the overall performance,567,57,79,703,4,Positive,
3067,01-04-2025,Instagram,Canada,Product,22,Female,"Waste of money, not recommended",287,221,35,543,2,Negative,
3068,10-07-2025,Facebook,India,Health,36,Male,Very disappointed with the product quality,869,266,165,1300,1,Negative,
3069,05-11-2025,Instagram,India,Sports,19,Male,Very satisfied with the overall performance,662,282,101,1045,5,Positive,
3070,25-09-2025,Facebook,UK,Sports,19,Male,Amazing quality and fast delivery,971,218,12,1201,5,Positive,
3071,14-07-2025,Facebook,India,Technology,51,Male,I recently bought this and it exceeded my expectations,485,85,24,594,4,Positive,
3072,17-06-2025,Twitter,USA,Politics,40,Female,It works fine but has some minor issues,308,85,110,503,3,Neutral,
3073,14-09-2025,Instagram,India,Politics,52,Female,"Absolutely loved the experience, highly recommended",614,89,143,846,4,Positive,
3074,26-04-2025,Facebook,USA,Education,34,Female,"Not too good, not too bad",974,99,70,1143,3,Neutral,
3075,28-03-2025,Twitter,Canada,Politics,60,Female,The product did not meet my expectations,492,28,46,566,1,Negative,
3076,06-11-2025,Instagram,USA,Technology,49,Male,Very disappointed with the product quality,680,22,164,866,1,Negative,
3077,25-01-2026,Instagram,Australia,Health,34,Male,Very disappointed with the product quality,403,174,194,771,1,Negative,
3078,13-12-2025,Facebook,USA,Health,46,Male,"Waste of money, not recommended",842,64,137,1043,1,Negative,
3079,29-04-2025,Facebook,India,Entertainment,45,Male,The product did not meet my expectations,475,244,187,906,1,Negative,
3080,28-10-2025,Instagram,India,Sports,22,Female,Very disappointed with the product quality,131,136,156,423,1,Negative,
3081,13-03-2026,Twitter,Australia,Health,55,Male,"The product is okay, nothing special about it",532,75,119,726,3,Neutral,
3082,24-10-2025,Twitter,India,Technology,36,Male,"The product is okay, nothing special about it",102,227,35,364,3,Neutral,
3083,20-10-2025,Twitter,Canada,Technology,45,Female,"Not too good, not too bad",869,298,195,1362,3,Neutral,
3084,10-06-2025,Instagram,Canada,Product,60,Female,"Absolutely loved the experience, highly recommended",859,180,186,1225,5,Positive,
3085,23-07-2025,Instagram,Australia,Education,25,Male,Had a terrible experience using this service,930,236,198,1364,2,Negative,
3086,17-11-2025,Facebook,Canada,Technology,33,Female,It works fine but has some minor issues,379,167,116,662,3,Neutral,
3087,07-05-2025,Instagram,Canada,Politics,24,Female,"Waste of money, not recommended",667,21,137,825,1,Negative,
3088,26-03-2026,Instagram,USA,Sports,40,Male,Had a terrible experience using this service,354,203,165,722,2,Negative,
3089,13-03-2026,Facebook,Canada,Sports,60,Female,This is one of the best services I have ever used,814,248,54,1116,4,Positive,
3090,03-05-2025,Facebook,UK,Technology,43,Female,Very satisfied with the overall performance,691,254,98,1043,5,Positive,
3091,22-10-2025,Instagram,UK,Technology,26,Male,Had a terrible experience using this service,385,177,121,683,1,Negative,
3092,19-01-2026,Instagram,Canada,Product,28,Female,"Not too good, not too bad",876,297,57,1230,3,Neutral,
3093,20-08-2025,Twitter,UK,Politics,50,Female,Poor performance and bad customer support,985,130,179,1294,2,Negative,
3094,04-04-2025,Twitter,Australia,Politics,60,Female,I recently bought this and it exceeded my expectations,782,228,42,1052,4,Positive,
3095,15-09-2025,Instagram,India,Technology,47,Female,"Not too good, not too bad",659,108,164,931,3,Neutral,
3096,07-03-2026,Twitter,UK,Product,29,Male,"The product is okay, nothing special about it",839,37,36,912,3,Neutral,
3097,05-05-2025,Instagram,UK,Sports,20,Female,The product did not meet my expectations,822,136,121,1079,2,Negative,
3098,14-06-2025,Twitter,USA,Entertainment,22,Female,"Absolutely loved the experience, highly recommended",70,197,32,299,5,Positive,
3099,24-01-2026,Twitter,USA,Product,53,Female,"Waste of money, not recommended",458,86,142,686,2,Negative,
3100,05-01-2026,Facebook,India,Product,30,Female,It is acceptable for the price,933,195,99,1227,3,Neutral,
3101,17-07-2025,Instagram,USA,Politics,31,Female,It is acceptable for the price,889,216,8,1113,3,Neutral,
3102,01-11-2025,Instagram,USA,Entertainment,45,Male,I recently bought this and it exceeded my expectations,875,70,188,1133,4,Positive,
3103,10-09-2025,Facebook,Australia,Sports,59,Male,Had a terrible experience using this service,621,288,194,1103,1,Negative,
3104,27-05-2025,Twitter,Australia,Technology,34,Male,Very disappointed with the product quality,473,86,50,609,2,Negative,
3105,25-01-2026,Facebook,USA,Sports,37,Male,"Absolutely loved the experience, highly recommended",749,26,112,887,4,Positive,
3106,29-03-2025,Twitter,UK,Health,27,Male,It is acceptable for the price,874,295,18,1187,3,Neutral,
3107,09-01-2026,Facebook,USA,Health,41,Female,It is acceptable for the price,595,156,108,859,3,Neutral,
3108,29-04-2025,Twitter,Canada,Health,48,Male,I recently bought this and it exceeded my expectations,544,27,197,768,4,Positive,
3109,27-09-2025,Instagram,Canada,Technology,58,Female,"Waste of money, not recommended",132,145,138,415,2,Negative,
3110,05-07-2025,Twitter,Canada,Technology,19,Male,Poor performance and bad customer support,378,247,42,667,1,Negative,
3111,22-11-2025,Twitter,USA,Technology,60,Male,Amazing quality and fast delivery,373,165,8,546,5,Positive,
3112,26-06-2025,Twitter,USA,Politics,57,Female,"Not too good, not too bad",78,53,198,329,3,Neutral,
3113,17-01-2026,Facebook,USA,Technology,21,Female,Very satisfied with the overall performance,648,292,129,1069,4,Positive,
3114,24-04-2025,Facebook,USA,Product,34,Male,Poor performance and bad customer support,933,147,137,1217,1,Negative,
3115,04-02-2026,Twitter,Australia,Health,27,Male,"Waste of money, not recommended",668,31,134,833,1,Negative,
3116,26-01-2026,Instagram,USA,Sports,22,Male,Very disappointed with the product quality,89,263,17,369,2,Negative,
3117,15-02-2026,Twitter,Canada,Entertainment,35,Female,"Not too good, not too bad",193,81,85,359,3,Neutral,
3118,16-11-2025,Facebook,USA,Entertainment,21,Male,It is acceptable for the price,627,158,130,915,3,Neutral,
3119,06-08-2025,Twitter,UK,Health,42,Male,Poor performance and bad customer support,718,188,67,973,1,Negative,
3120,26-08-2025,Facebook,USA,Education,51,Female,"Absolutely loved the experience, highly recommended",904,69,119,1092,5,Positive,
3121,30-05-2025,Facebook,UK,Education,50,Female,It is acceptable for the price,936,95,171,1202,3,Neutral,
3122,15-10-2025,Twitter,USA,Product,40,Male,Had a terrible experience using this service,464,79,161,704,1,Negative,
3123,06-12-2025,Instagram,USA,Health,38,Male,"Waste of money, not recommended",732,82,10,824,2,Negative,
3124,07-12-2025,Facebook,Canada,Health,43,Female,Amazing quality and fast delivery,377,91,127,595,5,Positive,
3125,04-10-2025,Instagram,UK,Entertainment,57,Female,"Absolutely loved the experience, highly recommended",840,107,58,1005,4,Positive,
3126,24-11-2025,Facebook,USA,Technology,30,Male,It is acceptable for the price,959,153,183,1295,3,Neutral,
3127,26-04-2025,Instagram,India,Product,18,Female,Poor performance and bad customer support,343,202,25,570,1,Negative,
3128,22-05-2025,Instagram,UK,Sports,53,Male,Had a terrible experience using this service,710,231,82,1023,1,Negative,
3129,16-02-2026,Twitter,Australia,Product,48,Female,I recently bought this and it exceeded my expectations,816,97,56,969,5,Positive,
3130,15-10-2025,Twitter,Australia,Politics,57,Male,Very disappointed with the product quality,237,176,124,537,2,Negative,
3131,01-10-2025,Facebook,India,Entertainment,23,Male,Very disappointed with the product quality,432,229,62,723,2,Negative,
3132,30-06-2025,Facebook,Australia,Politics,32,Male,"Not too good, not too bad",482,79,157,718,3,Neutral,
3133,05-07-2025,Facebook,UK,Product,33,Male,Poor performance and bad customer support,186,242,83,511,1,Negative,
3134,31-12-2025,Instagram,Australia,Health,26,Male,Very satisfied with the overall performance,138,132,154,424,5,Positive,
3135,17-12-2025,Facebook,Canada,Product,53,Female,I recently bought this and it exceeded my expectations,614,154,156,924,4,Positive,
3136,06-02-2026,Facebook,India,Education,37,Female,Very disappointed with the product quality,998,61,11,1070,2,Negative,
3137,31-10-2025,Facebook,Australia,Technology,52,Female,The product did not meet my expectations,384,135,174,693,1,Negative,
3138,21-02-2026,Twitter,UK,Sports,21,Male,This is one of the best services I have ever used,553,154,184,891,4,Positive,
3139,28-04-2025,Instagram,Australia,Entertainment,42,Female,It works fine but has some minor issues,55,162,48,265,3,Neutral,
3140,13-02-2026,Twitter,Canada,Sports,58,Female,The product did not meet my expectations,648,101,199,948,2,Negative,
3141,06-06-2025,Twitter,Canada,Education,42,Female,Very satisfied with the overall performance,486,83,43,612,5,Positive,
3142,21-12-2025,Twitter,Australia,Politics,30,Female,"Waste of money, not recommended",304,85,33,422,2,Negative,
3143,05-10-2025,Twitter,Canada,Entertainment,34,Female,It is acceptable for the price,735,28,102,865,3,Neutral,
3144,17-06-2025,Twitter,India,Entertainment,19,Female,This is one of the best services I have ever used,304,236,99,639,5,Positive,
3145,19-11-2025,Facebook,India,Politics,21,Male,Very satisfied with the overall performance,158,98,198,454,5,Positive,
3146,25-03-2026,Twitter,UK,Technology,28,Female,"The product is okay, nothing special about it",679,180,186,1045,3,Neutral,
3147,20-01-2026,Twitter,India,Entertainment,35,Female,Very disappointed with the product quality,498,52,129,679,2,Negative,
3148,25-05-2025,Twitter,UK,Education,42,Male,Very satisfied with the overall performance,572,156,49,777,4,Positive,
3149,10-12-2025,Twitter,Canada,Sports,34,Female,"Waste of money, not recommended",468,110,120,698,1,Negative,
3150,11-03-2026,Instagram,India,Product,42,Male,I recently bought this and it exceeded my expectations,137,151,40,328,4,Positive,
3151,21-08-2025,Twitter,Australia,Technology,48,Female,Very satisfied with the overall performance,946,190,17,1153,5,Positive,
3152,01-08-2025,Facebook,USA,Health,50,Female,Had a terrible experience using this service,159,187,196,542,2,Negative,
3153,20-05-2025,Facebook,Canada,Product,51,Male,"Average experience, could be improved",686,46,31,763,3,Neutral,
3154,29-03-2025,Twitter,Canada,Entertainment,30,Male,"Average experience, could be improved",117,19,26,162,3,Neutral,
3155,05-05-2025,Twitter,Canada,Product,44,Male,The product did not meet my expectations,970,237,195,1402,2,Negative,
3156,29-05-2025,Facebook,Australia,Product,54,Male,Amazing quality and fast delivery,189,274,171,634,5,Positive,
3157,16-04-2025,Instagram,Canada,Product,22,Male,Had a terrible experience using this service,388,17,175,580,2,Negative,
3158,20-11-2025,Twitter,UK,Technology,46,Male,"Average experience, could be improved",343,65,43,451,3,Neutral,
3159,20-09-2025,Instagram,UK,Product,19,Male,"Average experience, could be improved",159,200,167,526,3,Neutral,
3160,21-10-2025,Instagram,USA,Politics,19,Female,The product did not meet my expectations,845,291,165,1301,2,Negative,
3161,18-06-2025,Twitter,UK,Sports,23,Female,Poor performance and bad customer support,86,266,182,534,1,Negative,
3162,23-03-2026,Instagram,USA,Education,37,Female,The product did not meet my expectations,887,120,158,1165,2,Negative,
3163,05-01-2026,Instagram,USA,Education,21,Male,I recently bought this and it exceeded my expectations,190,209,90,489,5,Positive,
3164,19-02-2026,Instagram,UK,Entertainment,28,Female,It is acceptable for the price,951,249,140,1340,3,Neutral,
3165,17-03-2026,Twitter,Australia,Health,58,Female,"Waste of money, not recommended",740,283,68,1091,1,Negative,
3166,08-09-2025,Twitter,USA,Sports,35,Female,This is one of the best services I have ever used,439,142,48,629,5,Positive,
3167,02-05-2025,Twitter,UK,Politics,20,Female,This is one of the best services I have ever used,172,156,143,471,5,Positive,
3168,21-11-2025,Twitter,UK,Product,50,Male,The product did not meet my expectations,635,127,156,918,1,Negative,
3169,28-11-2025,Twitter,India,Entertainment,57,Male,"The product is okay, nothing special about it",142,183,132,457,3,Neutral,
3170,19-02-2026,Facebook,Canada,Technology,60,Male,It works fine but has some minor issues,802,146,74,1022,3,Neutral,
3171,08-11-2025,Twitter,Australia,Product,38,Female,It works fine but has some minor issues,989,129,176,1294,3,Neutral,
3172,26-06-2025,Instagram,India,Entertainment,23,Female,Poor performance and bad customer support,442,155,41,638,2,Negative,
3173,11-07-2025,Facebook,UK,Product,51,Female,"The product is okay, nothing special about it",439,22,42,503,3,Neutral,
3174,21-11-2025,Twitter,Canada,Politics,37,Female,Very disappointed with the product quality,216,117,129,462,1,Negative,
3175,06-10-2025,Twitter,USA,Health,47,Female,It works fine but has some minor issues,212,134,35,381,3,Neutral,
3176,16-04-2025,Instagram,Australia,Health,54,Female,Poor performance and bad customer support,263,186,13,462,1,Negative,
3177,26-11-2025,Instagram,UK,Sports,42,Male,I recently bought this and it exceeded my expectations,838,46,131,1015,4,Positive,
3178,02-09-2025,Facebook,UK,Education,49,Female,Very satisfied with the overall performance,773,185,91,1049,5,Positive,
3179,16-04-2025,Facebook,UK,Health,55,Female,It works fine but has some minor issues,770,216,99,1085,3,Neutral,
3180,24-09-2025,Facebook,India,Health,22,Male,It is acceptable for the price,591,197,26,814,3,Neutral,
3181,25-05-2025,Instagram,Australia,Product,44,Female,"Average experience, could be improved",366,15,198,579,3,Neutral,
3182,13-04-2025,Instagram,Canada,Health,20,Female,"Not too good, not too bad",431,23,163,617,3,Neutral,
3183,28-09-2025,Instagram,USA,Health,54,Female,"The product is okay, nothing special about it",849,55,65,969,3,Neutral,
3184,30-07-2025,Instagram,USA,Sports,31,Female,The product did not meet my expectations,578,37,73,688,2,Negative,
3185,25-09-2025,Instagram,India,Health,43,Female,"Not too good, not too bad",304,113,25,442,3,Neutral,
3186,13-11-2025,Instagram,Canada,Health,43,Male,The product did not meet my expectations,787,187,46,1020,2,Negative,
3187,14-11-2025,Twitter,UK,Technology,40,Male,"Absolutely loved the experience, highly recommended",921,108,111,1140,4,Positive,
3188,27-05-2025,Twitter,Australia,Entertainment,47,Male,The product did not meet my expectations,699,219,127,1045,2,Negative,
3189,13-09-2025,Twitter,Canada,Health,56,Male,I recently bought this and it exceeded my expectations,582,107,191,880,5,Positive,
3190,26-02-2026,Twitter,India,Technology,24,Female,Very disappointed with the product quality,786,125,154,1065,2,Negative,
3191,22-12-2025,Twitter,Canada,Product,57,Female,This is one of the best services I have ever used,161,287,64,512,5,Positive,
3192,25-03-2026,Twitter,India,Education,54,Male,It works fine but has some minor issues,78,28,150,256,3,Neutral,
3193,17-06-2025,Facebook,USA,Technology,38,Female,Very satisfied with the overall performance,701,225,148,1074,5,Positive,
3194,03-03-2026,Facebook,USA,Sports,51,Male,Very satisfied with the overall performance,943,24,146,1113,5,Positive,
3195,18-10-2025,Facebook,India,Politics,60,Female,Very disappointed with the product quality,399,146,74,619,2,Negative,
3196,12-12-2025,Instagram,USA,Education,30,Male,The product did not meet my expectations,768,284,137,1189,1,Negative,
3197,04-05-2025,Twitter,India,Sports,34,Female,It works fine but has some minor issues,57,91,71,219,3,Neutral,
3198,13-05-2025,Facebook,UK,Entertainment,48,Female,It is acceptable for the price,231,195,196,622,3,Neutral,
3199,29-06-2025,Instagram,USA,Education,41,Male,I recently bought this and it exceeded my expectations,184,48,64,296,4,Positive,
3200,30-03-2025,Instagram,USA,Product,41,Male,Had a terrible experience using this service,514,102,128,744,2,Negative,
3201,08-10-2025,Instagram,USA,Entertainment,41,Female,"Absolutely loved the experience, highly recommended",549,286,154,989,5,Positive,
3202,05-07-2025,Twitter,UK,Entertainment,60,Female,Had a terrible experience using this service,297,128,166,591,2,Negative,
3203,26-09-2025,Facebook,Canada,Entertainment,57,Male,"Waste of money, not recommended",979,122,61,1162,2,Negative,
3204,21-04-2025,Instagram,Canada,Entertainment,24,Male,"Waste of money, not recommended",961,252,95,1308,2,Negative,
3205,11-01-2026,Facebook,Canada,Entertainment,51,Female,I recently bought this and it exceeded my expectations,233,265,146,644,4,Positive,
3206,17-07-2025,Twitter,UK,Product,19,Male,"Waste of money, not recommended",95,125,65,285,2,Negative,
3207,25-06-2025,Facebook,UK,Product,42,Female,Very satisfied with the overall performance,997,271,26,1294,5,Positive,
3208,04-05-2025,Twitter,UK,Sports,42,Male,"The product is okay, nothing special about it",759,16,144,919,3,Neutral,
3209,26-09-2025,Instagram,UK,Health,59,Female,Very satisfied with the overall performance,230,283,23,536,5,Positive,
3210,29-12-2025,Facebook,Australia,Politics,37,Female,The product did not meet my expectations,872,236,104,1212,2,Negative,
3211,20-07-2025,Instagram,Canada,Sports,27,Female,Poor performance and bad customer support,217,85,144,446,2,Negative,
3212,05-02-2026,Instagram,India,Education,46,Male,Had a terrible experience using this service,651,258,51,960,2,Negative,
3213,16-12-2025,Twitter,Australia,Health,28,Female,This is one of the best services I have ever used,639,158,78,875,4,Positive,
3214,25-06-2025,Twitter,USA,Product,19,Male,"Not too good, not too bad",891,62,80,1033,3,Neutral,
3215,07-06-2025,Twitter,India,Sports,55,Male,Had a terrible experience using this service,747,54,129,930,2,Negative,
3216,14-03-2026,Facebook,Canada,Politics,50,Male,It works fine but has some minor issues,569,101,17,687,3,Neutral,
3217,23-10-2025,Twitter,USA,Politics,21,Female,Poor performance and bad customer support,164,206,81,451,2,Negative,
3218,17-09-2025,Instagram,UK,Health,38,Male,Poor performance and bad customer support,217,18,154,389,1,Negative,
3219,16-07-2025,Instagram,Canada,Product,48,Male,"Not too good, not too bad",121,164,194,479,3,Neutral,
3220,23-09-2025,Twitter,USA,Education,53,Female,"Absolutely loved the experience, highly recommended",522,209,58,789,4,Positive,
3221,01-10-2025,Twitter,Canada,Education,42,Male,"Average experience, could be improved",850,188,174,1212,3,Neutral,
3222,02-11-2025,Facebook,Canada,Sports,19,Male,Very disappointed with the product quality,333,27,150,510,2,Negative,
3223,09-07-2025,Facebook,UK,Politics,55,Female,The product did not meet my expectations,392,221,59,672,2,Negative,
3224,21-08-2025,Facebook,USA,Education,24,Male,Poor performance and bad customer support,286,187,128,601,1,Negative,
3225,23-06-2025,Twitter,India,Technology,18,Female,The product did not meet my expectations,869,107,101,1077,2,Negative,
3226,18-04-2025,Instagram,USA,Product,24,Female,It is acceptable for the price,912,230,51,1193,3,Neutral,
3227,14-08-2025,Twitter,India,Product,48,Male,This is one of the best services I have ever used,643,125,112,880,4,Positive,
3228,04-11-2025,Twitter,UK,Health,37,Female,"The product is okay, nothing special about it",154,289,39,482,3,Neutral,
3229,23-05-2025,Twitter,UK,Education,58,Female,I recently bought this and it exceeded my expectations,952,112,48,1112,5,Positive,
3230,02-06-2025,Twitter,USA,Sports,51,Female,This is one of the best services I have ever used,824,265,88,1177,4,Positive,
3231,23-08-2025,Instagram,Canada,Health,52,Male,Very disappointed with the product quality,265,152,114,531,2,Negative,
3232,13-05-2025,Instagram,USA,Politics,28,Male,Amazing quality and fast delivery,142,132,173,447,4,Positive,
3233,11-06-2025,Facebook,USA,Education,45,Female,It is acceptable for the price,317,62,149,528,3,Neutral,
3234,17-08-2025,Twitter,USA,Entertainment,51,Male,"Absolutely loved the experience, highly recommended",802,137,120,1059,5,Positive,
3235,05-12-2025,Instagram,USA,Health,44,Female,The product did not meet my expectations,132,159,162,453,2,Negative,
3236,27-05-2025,Twitter,Australia,Product,19,Female,It works fine but has some minor issues,148,206,17,371,3,Neutral,
3237,12-07-2025,Instagram,Canada,Technology,38,Male,"Average experience, could be improved",567,253,111,931,3,Neutral,
3238,02-02-2026,Twitter,Australia,Sports,48,Male,"Waste of money, not recommended",100,49,149,298,1,Negative,
3239,31-05-2025,Facebook,Australia,Politics,47,Female,"Absolutely loved the experience, highly recommended",194,63,83,340,5,Positive,
3240,09-09-2025,Twitter,Australia,Product,39,Female,Poor performance and bad customer support,121,279,90,490,1,Negative,
3241,02-08-2025,Instagram,Australia,Entertainment,42,Female,This is one of the best services I have ever used,706,206,8,920,5,Positive,
3242,21-04-2025,Facebook,Canada,Technology,45,Male,Had a terrible experience using this service,742,291,82,1115,1,Negative,
3243,19-06-2025,Twitter,Canada,Health,32,Male,I recently bought this and it exceeded my expectations,814,291,160,1265,5,Positive,
3244,15-02-2026,Twitter,Australia,Product,41,Female,"Not too good, not too bad",226,300,195,721,3,Neutral,
3245,02-10-2025,Facebook,Australia,Entertainment,55,Female,"Average experience, could be improved",186,192,83,461,3,Neutral,
3246,13-10-2025,Facebook,Australia,Sports,54,Female,This is one of the best services I have ever used,756,232,136,1124,4,Positive,
3247,06-05-2025,Instagram,UK,Entertainment,50,Female,Very disappointed with the product quality,55,244,29,328,1,Negative,
3248,23-02-2026,Twitter,USA,Product,22,Female,"The product is okay, nothing special about it",169,36,63,268,3,Neutral,
3249,10-06-2025,Instagram,USA,Education,25,Female,I recently bought this and it exceeded my expectations,826,286,155,1267,4,Positive,
3250,13-08-2025,Instagram,UK,Technology,57,Male,Very satisfied with the overall performance,399,244,196,839,4,Positive,
3251,08-01-2026,Twitter,UK,Education,44,Male,"The product is okay, nothing special about it",193,80,47,320,3,Neutral,
3252,07-03-2026,Instagram,Australia,Sports,20,Male,I recently bought this and it exceeded my expectations,663,44,74,781,5,Positive,
3253,06-01-2026,Instagram,Canada,Entertainment,45,Female,"Average experience, could be improved",301,287,11,599,3,Neutral,
3254,24-06-2025,Instagram,USA,Product,35,Male,"Average experience, could be improved",663,212,6,881,3,Neutral,
3255,03-06-2025,Instagram,Canada,Health,46,Female,Very disappointed with the product quality,204,224,108,536,2,Negative,
3256,17-10-2025,Twitter,Canada,Technology,57,Male,Poor performance and bad customer support,747,113,196,1056,2,Negative,
3257,14-05-2025,Instagram,India,Product,55,Male,Had a terrible experience using this service,444,45,95,584,2,Negative,
3258,02-03-2026,Facebook,USA,Education,42,Female,"Absolutely loved the experience, highly recommended",907,290,166,1363,5,Positive,
3259,06-09-2025,Facebook,USA,Health,25,Female,"Not too good, not too bad",610,241,93,944,3,Neutral,
3260,07-10-2025,Facebook,USA,Product,45,Male,This is one of the best services I have ever used,149,142,79,370,5,Positive,
3261,08-06-2025,Instagram,Canada,Politics,35,Female,It works fine but has some minor issues,605,278,65,948,3,Neutral,
3262,14-12-2025,Facebook,Canada,Entertainment,30,Female,The product did not meet my expectations,876,142,70,1088,2,Negative,
3263,31-05-2025,Instagram,Canada,Entertainment,28,Male,The product did not meet my expectations,215,16,193,424,2,Negative,
3264,07-09-2025,Facebook,USA,Education,44,Male,"Average experience, could be improved",138,248,86,472,3,Neutral,
3265,20-05-2025,Twitter,Canada,Politics,52,Male,Amazing quality and fast delivery,665,221,91,977,5,Positive,
3266,23-11-2025,Twitter,Australia,Education,56,Female,Had a terrible experience using this service,97,119,12,228,2,Negative,
3267,09-02-2026,Facebook,Australia,Education,51,Male,Had a terrible experience using this service,345,156,99,600,1,Negative,
3268,21-01-2026,Instagram,India,Sports,20,Female,This is one of the best services I have ever used,902,85,189,1176,4,Positive,
3269,07-06-2025,Twitter,USA,Sports,32,Female,Had a terrible experience using this service,834,99,44,977,1,Negative,
3270,29-12-2025,Facebook,UK,Entertainment,43,Male,Amazing quality and fast delivery,894,122,146,1162,4,Positive,
3271,03-05-2025,Facebook,UK,Education,53,Male,"Absolutely loved the experience, highly recommended",354,160,74,588,4,Positive,
3272,31-07-2025,Instagram,Australia,Entertainment,22,Female,It is acceptable for the price,134,117,166,417,3,Neutral,
3273,18-06-2025,Facebook,UK,Product,36,Male,It works fine but has some minor issues,193,294,84,571,3,Neutral,
3274,15-02-2026,Instagram,India,Health,22,Female,This is one of the best services I have ever used,215,33,75,323,4,Positive,
3275,15-06-2025,Facebook,India,Politics,39,Female,Very satisfied with the overall performance,560,209,28,797,4,Positive,
3276,13-11-2025,Instagram,Australia,Education,55,Female,Had a terrible experience using this service,603,92,152,847,2,Negative,
3277,14-05-2025,Instagram,Australia,Health,23,Male,Amazing quality and fast delivery,80,77,39,196,4,Positive,
3278,09-03-2026,Instagram,Canada,Entertainment,21,Male,"Average experience, could be improved",360,58,119,537,3,Neutral,
3279,20-05-2025,Instagram,USA,Product,32,Female,Very disappointed with the product quality,390,170,32,592,2,Negative,
3280,09-12-2025,Instagram,USA,Health,43,Male,Amazing quality and fast delivery,200,284,182,666,5,Positive,
3281,23-03-2026,Instagram,USA,Sports,19,Male,Had a terrible experience using this service,242,254,62,558,2,Negative,
3282,08-02-2026,Facebook,UK,Entertainment,27,Male,It works fine but has some minor issues,318,52,36,406,3,Neutral,
3283,31-12-2025,Twitter,India,Health,56,Male,"The product is okay, nothing special about it",863,250,118,1231,3,Neutral,
3284,12-02-2026,Facebook,Canada,Technology,52,Male,"Absolutely loved the experience, highly recommended",122,110,164,396,4,Positive,
3285,06-07-2025,Facebook,Australia,Technology,21,Female,Had a terrible experience using this service,880,244,188,1312,2,Negative,
3286,06-12-2025,Instagram,UK,Health,22,Male,"Absolutely loved the experience, highly recommended",938,275,39,1252,5,Positive,
3287,11-03-2026,Instagram,Canada,Technology,41,Female,"The product is okay, nothing special about it",396,81,43,520,3,Neutral,
3288,04-05-2025,Instagram,Canada,Education,30,Male,"Absolutely loved the experience, highly recommended",703,240,11,954,4,Positive,
3289,10-11-2025,Instagram,UK,Entertainment,55,Male,Had a terrible experience using this service,184,181,170,535,2,Negative,
3290,13-04-2025,Facebook,India,Entertainment,42,Male,It is acceptable for the price,653,59,112,824,3,Neutral,
3291,18-09-2025,Facebook,Canada,Education,23,Female,The product did not meet my expectations,93,26,178,297,2,Negative,
3292,10-12-2025,Instagram,Canada,Entertainment,30,Male,"Not too good, not too bad",751,51,182,984,3,Neutral,
3293,31-12-2025,Facebook,USA,Education,21,Male,I recently bought this and it exceeded my expectations,705,116,52,873,5,Positive,
3294,10-02-2026,Facebook,UK,Product,52,Female,"Waste of money, not recommended",150,82,51,283,1,Negative,
3295,08-10-2025,Facebook,Australia,Health,47,Female,"Not too good, not too bad",731,21,185,937,3,Neutral,
3296,01-07-2025,Instagram,UK,Health,24,Male,It is acceptable for the price,480,236,57,773,3,Neutral,
3297,30-03-2025,Instagram,Australia,Health,20,Female,It is acceptable for the price,819,240,124,1183,3,Neutral,
3298,23-08-2025,Instagram,Canada,Education,20,Female,Poor performance and bad customer support,958,281,165,1404,2,Negative,
3299,15-08-2025,Instagram,Canada,Technology,33,Female,I recently bought this and it exceeded my expectations,643,220,195,1058,5,Positive,
3300,15-06-2025,Twitter,USA,Education,59,Male,Had a terrible experience using this service,636,45,70,751,1,Negative,
3301,30-01-2026,Facebook,Canada,Politics,33,Male,Very disappointed with the product quality,81,211,142,434,1,Negative,
3302,08-08-2025,Instagram,Canada,Health,40,Male,"Absolutely loved the experience, highly recommended",573,111,19,703,4,Positive,
3303,11-05-2025,Instagram,UK,Health,54,Male,This is one of the best services I have ever used,614,159,47,820,4,Positive,
3304,22-11-2025,Instagram,Australia,Politics,40,Female,It works fine but has some minor issues,826,160,64,1050,3,Neutral,
3305,09-09-2025,Facebook,USA,Politics,41,Female,Amazing quality and fast delivery,242,150,8,400,5,Positive,
3306,05-07-2025,Instagram,Canada,Education,19,Male,Very disappointed with the product quality,737,94,121,952,1,Negative,
3307,01-04-2025,Facebook,India,Education,50,Female,Very disappointed with the product quality,127,168,5,300,2,Negative,
3308,04-02-2026,Instagram,Australia,Health,21,Male,Amazing quality and fast delivery,363,129,102,594,4,Positive,
3309,01-10-2025,Instagram,UK,Sports,34,Male,It works fine but has some minor issues,502,279,106,887,3,Neutral,
3310,02-03-2026,Twitter,Canada,Education,28,Male,"Waste of money, not recommended",357,118,67,542,1,Negative,
3311,28-05-2025,Instagram,Australia,Technology,34,Male,"Waste of money, not recommended",847,48,159,1054,1,Negative,
3312,06-04-2025,Twitter,Canada,Sports,48,Female,Very disappointed with the product quality,292,196,143,631,2,Negative,
3313,07-04-2025,Facebook,India,Technology,33,Female,The product did not meet my expectations,823,170,112,1105,1,Negative,
3314,25-07-2025,Twitter,Canada,Health,26,Male,Had a terrible experience using this service,265,293,38,596,2,Negative,
3315,27-05-2025,Twitter,Australia,Entertainment,19,Male,The product did not meet my expectations,502,102,131,735,2,Negative,
3316,07-11-2025,Twitter,UK,Entertainment,53,Female,"The product is okay, nothing special about it",934,255,112,1301,3,Neutral,
3317,27-01-2026,Twitter,India,Health,60,Male,Very satisfied with the overall performance,94,18,122,234,5,Positive,
3318,14-10-2025,Twitter,Canada,Sports,26,Male,Very satisfied with the overall performance,378,292,39,709,4,Positive,
3319,21-05-2025,Instagram,India,Technology,41,Female,"Not too good, not too bad",487,22,157,666,3,Neutral,
3320,18-09-2025,Twitter,USA,Entertainment,49,Female,Poor performance and bad customer support,655,174,128,957,2,Negative,
3321,15-05-2025,Twitter,UK,Product,48,Female,"Average experience, could be improved",545,215,58,818,3,Neutral,
3322,04-06-2025,Twitter,Canada,Politics,25,Male,Amazing quality and fast delivery,471,40,133,644,5,Positive,
3323,07-01-2026,Instagram,India,Entertainment,32,Male,"Average experience, could be improved",526,44,113,683,3,Neutral,
3324,19-07-2025,Facebook,UK,Sports,28,Female,I recently bought this and it exceeded my expectations,676,250,123,1049,5,Positive,
3325,24-08-2025,Instagram,Australia,Politics,38,Male,"Waste of money, not recommended",85,218,130,433,2,Negative,
3326,11-05-2025,Twitter,UK,Politics,57,Female,"The product is okay, nothing special about it",821,247,105,1173,3,Neutral,
3327,25-12-2025,Instagram,India,Health,56,Female,"Average experience, could be improved",469,108,18,595,3,Neutral,
3328,05-03-2026,Facebook,Australia,Product,57,Female,It works fine but has some minor issues,802,142,142,1086,3,Neutral,
3329,09-09-2025,Twitter,USA,Health,37,Female,Very satisfied with the overall performance,466,194,16,676,4,Positive,
3330,28-08-2025,Instagram,India,Entertainment,59,Male,This is one of the best services I have ever used,56,285,199,540,4,Positive,
3331,10-10-2025,Facebook,Australia,Entertainment,45,Male,The product did not meet my expectations,974,186,63,1223,2,Negative,
3332,25-07-2025,Instagram,Canada,Politics,25,Female,"The product is okay, nothing special about it",784,281,171,1236,3,Neutral,
3333,06-08-2025,Instagram,USA,Health,24,Male,It works fine but has some minor issues,186,25,161,372,3,Neutral,
3334,20-06-2025,Facebook,UK,Product,50,Male,"Average experience, could be improved",926,260,74,1260,3,Neutral,
3335,07-10-2025,Instagram,India,Product,36,Female,I recently bought this and it exceeded my expectations,980,241,147,1368,5,Positive,
3336,23-03-2026,Instagram,USA,Politics,39,Male,This is one of the best services I have ever used,285,111,135,531,5,Positive,
3337,05-10-2025,Instagram,USA,Technology,36,Female,"Not too good, not too bad",68,101,119,288,3,Neutral,
3338,16-02-2026,Instagram,Australia,Sports,30,Female,I recently bought this and it exceeded my expectations,236,154,176,566,5,Positive,
3339,10-03-2026,Twitter,UK,Technology,20,Male,"Absolutely loved the experience, highly recommended",502,52,141,695,5,Positive,
3340,10-03-2026,Instagram,Canada,Health,19,Male,Had a terrible experience using this service,63,26,118,207,2,Negative,
3341,21-08-2025,Twitter,India,Education,27,Male,"Not too good, not too bad",189,129,47,365,3,Neutral,
3342,25-03-2026,Facebook,India,Sports,58,Female,"Average experience, could be improved",333,270,94,697,3,Neutral,
3343,17-05-2025,Facebook,India,Entertainment,50,Male,Very disappointed with the product quality,779,93,155,1027,1,Negative,
3344,26-08-2025,Instagram,Canada,Education,41,Female,Amazing quality and fast delivery,387,63,179,629,5,Positive,
3345,26-12-2025,Twitter,Canada,Politics,54,Male,"Not too good, not too bad",559,56,53,668,3,Neutral,
3346,06-04-2025,Instagram,UK,Technology,23,Male,"The product is okay, nothing special about it",245,211,181,637,3,Neutral,
3347,11-10-2025,Twitter,Canada,Technology,21,Female,Amazing quality and fast delivery,373,268,158,799,4,Positive,
3348,11-12-2025,Facebook,Australia,Product,18,Male,"Average experience, could be improved",933,16,117,1066,3,Neutral,
3349,13-12-2025,Facebook,UK,Education,23,Male,"Waste of money, not recommended",296,277,114,687,2,Negative,
3350,21-08-2025,Facebook,India,Health,19,Male,Had a terrible experience using this service,540,190,179,909,2,Negative,
3351,17-02-2026,Instagram,USA,Health,21,Male,"The product is okay, nothing special about it",265,12,18,295,3,Neutral,
3352,15-09-2025,Instagram,UK,Product,49,Female,This is one of the best services I have ever used,372,135,92,599,4,Positive,
3353,10-11-2025,Facebook,UK,Politics,58,Male,"Waste of money, not recommended",93,221,27,341,1,Negative,
3354,03-10-2025,Instagram,Australia,Technology,57,Male,Very satisfied with the overall performance,207,271,48,526,5,Positive,
3355,28-09-2025,Twitter,Australia,Politics,56,Male,Had a terrible experience using this service,389,21,102,512,1,Negative,
3356,01-10-2025,Facebook,Canada,Technology,54,Male,It works fine but has some minor issues,727,199,151,1077,3,Neutral,
3357,04-02-2026,Facebook,Canada,Technology,26,Male,Poor performance and bad customer support,983,192,106,1281,1,Negative,
3358,19-08-2025,Twitter,UK,Sports,41,Male,It is acceptable for the price,867,209,131,1207,3,Neutral,
3359,18-11-2025,Instagram,UK,Education,29,Male,Very disappointed with the product quality,109,65,153,327,2,Negative,
3360,01-07-2025,Facebook,Canada,Health,59,Male,Poor performance and bad customer support,983,242,145,1370,1,Negative,
3361,27-04-2025,Instagram,Australia,Politics,56,Female,I recently bought this and it exceeded my expectations,78,117,173,368,4,Positive,
3362,26-01-2026,Instagram,Canada,Entertainment,38,Female,It is acceptable for the price,271,106,138,515,3,Neutral,
3363,20-08-2025,Facebook,India,Politics,52,Male,"Waste of money, not recommended",317,168,33,518,1,Negative,
3364,12-10-2025,Instagram,UK,Entertainment,19,Female,"Waste of money, not recommended",951,164,145,1260,2,Negative,
3365,03-10-2025,Instagram,Canada,Entertainment,30,Female,Had a terrible experience using this service,423,19,79,521,2,Negative,
3366,23-09-2025,Instagram,Canada,Sports,51,Female,Very satisfied with the overall performance,531,83,95,709,4,Positive,
3367,13-03-2026,Facebook,Australia,Technology,46,Female,Had a terrible experience using this service,792,288,178,1258,2,Negative,
3368,16-02-2026,Instagram,India,Sports,20,Female,"Average experience, could be improved",361,45,169,575,3,Neutral,
3369,23-11-2025,Instagram,India,Entertainment,23,Female,It is acceptable for the price,425,138,181,744,3,Neutral,
3370,20-02-2026,Instagram,USA,Sports,34,Male,The product did not meet my expectations,718,81,140,939,1,Negative,
3371,18-06-2025,Instagram,UK,Politics,40,Female,Poor performance and bad customer support,248,48,36,332,2,Negative,
3372,04-05-2025,Instagram,Canada,Health,44,Male,Very disappointed with the product quality,680,189,63,932,1,Negative,
3373,27-09-2025,Facebook,Canada,Education,18,Male,Very satisfied with the overall performance,946,231,31,1208,5,Positive,
3374,19-07-2025,Twitter,USA,Entertainment,43,Male,Very satisfied with the overall performance,629,200,24,853,4,Positive,
3375,11-11-2025,Facebook,UK,Technology,57,Female,Poor performance and bad customer support,137,100,46,283,2,Negative,
3376,27-11-2025,Twitter,UK,Technology,45,Female,"Average experience, could be improved",75,24,95,194,3,Neutral,
3377,15-05-2025,Facebook,Canada,Technology,49,Male,"Waste of money, not recommended",834,187,81,1102,2,Negative,
3378,29-04-2025,Facebook,USA,Product,59,Female,The product did not meet my expectations,984,141,164,1289,2,Negative,
3379,15-09-2025,Instagram,UK,Entertainment,51,Male,It is acceptable for the price,389,223,127,739,3,Neutral,
3380,07-03-2026,Facebook,India,Politics,25,Female,Had a terrible experience using this service,69,245,133,447,2,Negative,
3381,14-02-2026,Facebook,USA,Product,22,Male,"Waste of money, not recommended",417,86,167,670,2,Negative,
3382,01-12-2025,Facebook,Canada,Entertainment,55,Male,"Absolutely loved the experience, highly recommended",444,144,140,728,4,Positive,
3383,14-10-2025,Facebook,UK,Sports,22,Female,Had a terrible experience using this service,601,31,34,666,1,Negative,
3384,12-09-2025,Instagram,India,Product,48,Male,It works fine but has some minor issues,517,280,144,941,3,Neutral,
3385,26-11-2025,Facebook,UK,Technology,19,Female,"The product is okay, nothing special about it",527,273,180,980,3,Neutral,
3386,08-11-2025,Twitter,USA,Health,29,Male,It works fine but has some minor issues,982,96,188,1266,3,Neutral,
3387,03-07-2025,Twitter,UK,Sports,59,Male,Amazing quality and fast delivery,785,132,133,1050,4,Positive,
3388,07-10-2025,Twitter,Australia,Technology,18,Male,The product did not meet my expectations,844,176,68,1088,1,Negative,
3389,19-10-2025,Twitter,Canada,Technology,25,Male,Very disappointed with the product quality,698,96,39,833,1,Negative,
3390,21-06-2025,Instagram,Australia,Entertainment,55,Male,"Waste of money, not recommended",948,119,142,1209,2,Negative,
3391,12-07-2025,Twitter,Canada,Entertainment,35,Male,Poor performance and bad customer support,950,24,78,1052,1,Negative,
3392,24-11-2025,Instagram,USA,Technology,22,Female,It is acceptable for the price,547,71,166,784,3,Neutral,
3393,06-06-2025,Facebook,UK,Product,40,Male,"Average experience, could be improved",598,208,175,981,3,Neutral,
3394,28-03-2026,Instagram,USA,Entertainment,27,Female,Amazing quality and fast delivery,551,135,187,873,4,Positive,
3395,09-04-2025,Instagram,India,Education,31,Female,The product did not meet my expectations,181,78,197,456,2,Negative,
3396,18-08-2025,Twitter,Australia,Education,27,Male,"Absolutely loved the experience, highly recommended",858,74,36,968,4,Positive,
3397,26-12-2025,Facebook,Canada,Entertainment,42,Male,"Not too good, not too bad",520,54,145,719,3,Neutral,
3398,02-08-2025,Twitter,USA,Sports,32,Male,"Not too good, not too bad",967,258,22,1247,3,Neutral,
3399,23-01-2026,Twitter,Canada,Product,35,Male,The product did not meet my expectations,816,50,65,931,2,Negative,
3400,12-09-2025,Facebook,UK,Education,40,Male,Poor performance and bad customer support,634,120,145,899,2,Negative,
3401,30-12-2025,Facebook,USA,Sports,59,Male,Very disappointed with the product quality,55,100,136,291,1,Negative,
3402,03-02-2026,Facebook,Australia,Product,25,Female,It is acceptable for the price,539,12,96,647,3,Neutral,
3403,16-10-2025,Instagram,Canada,Politics,41,Female,It is acceptable for the price,180,120,46,346,3,Neutral,
3404,14-03-2026,Instagram,India,Technology,30,Male,"Average experience, could be improved",446,194,168,808,3,Neutral,
3405,16-05-2025,Instagram,UK,Education,26,Male,It works fine but has some minor issues,361,83,44,488,3,Neutral,
3406,25-03-2026,Twitter,India,Sports,37,Female,"Not too good, not too bad",118,160,159,437,3,Neutral,
3407,11-05-2025,Twitter,USA,Product,56,Male,"The product is okay, nothing special about it",251,206,5,462,3,Neutral,
3408,10-02-2026,Facebook,UK,Sports,41,Male,I recently bought this and it exceeded my expectations,582,100,28,710,5,Positive,
3409,08-09-2025,Instagram,UK,Entertainment,57,Male,Very disappointed with the product quality,76,229,74,379,2,Negative,
3410,07-10-2025,Twitter,India,Sports,37,Female,"Absolutely loved the experience, highly recommended",823,25,117,965,5,Positive,
3411,28-06-2025,Instagram,USA,Politics,40,Female,The product did not meet my expectations,984,153,40,1177,2,Negative,
3412,18-07-2025,Facebook,Canada,Entertainment,22,Male,"Not too good, not too bad",787,57,45,889,3,Neutral,
3413,25-01-2026,Twitter,Australia,Product,23,Male,Amazing quality and fast delivery,461,180,53,694,5,Positive,
3414,12-07-2025,Instagram,Canada,Politics,49,Female,"The product is okay, nothing special about it",292,161,110,563,3,Neutral,
3415,20-09-2025,Facebook,India,Education,57,Male,Had a terrible experience using this service,454,83,190,727,2,Negative,
3416,23-09-2025,Twitter,UK,Education,48,Male,I recently bought this and it exceeded my expectations,868,84,138,1090,4,Positive,
3417,17-01-2026,Facebook,Canada,Product,49,Male,"Average experience, could be improved",595,17,91,703,3,Neutral,
3418,08-09-2025,Facebook,UK,Technology,42,Female,"Absolutely loved the experience, highly recommended",657,194,77,928,5,Positive,
3419,15-10-2025,Instagram,Australia,Politics,40,Female,Amazing quality and fast delivery,750,19,176,945,5,Positive,
3420,19-02-2026,Facebook,UK,Product,20,Male,Had a terrible experience using this service,502,182,58,742,1,Negative,
3421,10-07-2025,Facebook,India,Politics,46,Female,"The product is okay, nothing special about it",384,27,175,586,3,Neutral,
3422,17-08-2025,Instagram,USA,Politics,32,Female,The product did not meet my expectations,741,139,42,922,2,Negative,
3423,26-01-2026,Twitter,USA,Health,39,Female,The product did not meet my expectations,880,88,48,1016,1,Negative,
3424,21-05-2025,Twitter,Canada,Entertainment,37,Male,Very disappointed with the product quality,106,76,86,268,1,Negative,
3425,29-07-2025,Twitter,Australia,Politics,58,Female,Very satisfied with the overall performance,57,89,101,247,5,Positive,
3426,29-04-2025,Twitter,Australia,Health,48,Female,Poor performance and bad customer support,565,298,59,922,1,Negative,
3427,24-12-2025,Twitter,USA,Politics,21,Male,Very satisfied with the overall performance,198,288,69,555,4,Positive,
3428,07-08-2025,Facebook,Australia,Technology,25,Male,This is one of the best services I have ever used,165,236,132,533,4,Positive,
3429,16-04-2025,Twitter,India,Product,45,Male,Very satisfied with the overall performance,436,29,72,537,4,Positive,
3430,14-07-2025,Instagram,UK,Entertainment,39,Female,I recently bought this and it exceeded my expectations,922,238,108,1268,4,Positive,
3431,14-08-2025,Facebook,Australia,Entertainment,37,Female,Very satisfied with the overall performance,491,158,74,723,5,Positive,
3432,02-10-2025,Instagram,Australia,Product,19,Female,"Average experience, could be improved",90,132,87,309,3,Neutral,
3433,15-10-2025,Facebook,India,Politics,34,Female,Very disappointed with the product quality,448,118,131,697,2,Negative,
3434,25-06-2025,Facebook,UK,Technology,21,Female,"Average experience, could be improved",135,43,155,333,3,Neutral,
3435,22-02-2026,Instagram,UK,Politics,33,Male,Very disappointed with the product quality,342,268,200,810,1,Negative,
3436,27-04-2025,Twitter,India,Politics,52,Female,Very satisfied with the overall performance,591,184,92,867,5,Positive,
3437,02-04-2025,Facebook,USA,Technology,53,Male,"Not too good, not too bad",766,214,92,1072,3,Neutral,
3438,19-12-2025,Twitter,UK,Education,20,Male,"Not too good, not too bad",96,179,18,293,3,Neutral,
3439,09-06-2025,Facebook,USA,Entertainment,53,Male,Very disappointed with the product quality,875,132,146,1153,2,Negative,
3440,14-12-2025,Twitter,Australia,Product,33,Female,"Not too good, not too bad",51,192,35,278,3,Neutral,
3441,23-12-2025,Instagram,Australia,Education,25,Female,It is acceptable for the price,142,97,166,405,3,Neutral,
3442,08-03-2026,Facebook,Canada,Product,48,Male,"Average experience, could be improved",75,160,81,316,3,Neutral,
3443,31-01-2026,Twitter,Canada,Technology,40,Female,"Average experience, could be improved",498,155,129,782,3,Neutral,
3444,18-04-2025,Twitter,India,Technology,31,Female,Poor performance and bad customer support,541,222,179,942,1,Negative,
3445,01-01-2026,Instagram,USA,Entertainment,23,Female,Poor performance and bad customer support,513,215,35,763,1,Negative,
3446,11-08-2025,Facebook,UK,Politics,48,Male,"Average experience, could be improved",370,230,35,635,3,Neutral,
3447,09-05-2025,Facebook,Australia,Education,32,Female,Amazing quality and fast delivery,793,107,200,1100,5,Positive,
3448,23-01-2026,Instagram,Canada,Education,44,Female,"Not too good, not too bad",915,253,188,1356,3,Neutral,
3449,08-09-2025,Facebook,USA,Technology,58,Male,Very disappointed with the product quality,899,235,9,1143,2,Negative,
3450,19-09-2025,Twitter,UK,Technology,43,Male,"Absolutely loved the experience, highly recommended",597,193,136,926,4,Positive,
3451,25-06-2025,Twitter,UK,Product,58,Male,"The product is okay, nothing special about it",706,211,156,1073,3,Neutral,
3452,24-02-2026,Twitter,Canada,Politics,56,Male,"The product is okay, nothing special about it",627,111,134,872,3,Neutral,
3453,28-04-2025,Twitter,Canada,Product,21,Male,Had a terrible experience using this service,905,20,100,1025,2,Negative,
3454,18-11-2025,Twitter,USA,Politics,26,Female,The product did not meet my expectations,784,207,156,1147,2,Negative,
3455,23-04-2025,Twitter,Australia,Politics,45,Female,"Average experience, could be improved",309,26,40,375,3,Neutral,
3456,16-05-2025,Facebook,Canada,Education,18,Male,It works fine but has some minor issues,850,177,135,1162,3,Neutral,
3457,06-08-2025,Twitter,UK,Education,33,Female,"Absolutely loved the experience, highly recommended",102,273,90,465,5,Positive,
3458,28-10-2025,Facebook,India,Sports,40,Male,Amazing quality and fast delivery,855,80,31,966,5,Positive,
3459,23-01-2026,Instagram,Australia,Entertainment,45,Male,It is acceptable for the price,691,246,197,1134,3,Neutral,
3460,06-01-2026,Facebook,USA,Product,24,Female,"Absolutely loved the experience, highly recommended",839,240,18,1097,4,Positive,
3461,21-03-2026,Twitter,Australia,Product,37,Female,"Waste of money, not recommended",738,77,152,967,2,Negative,
3462,25-08-2025,Facebook,USA,Education,59,Male,The product did not meet my expectations,286,111,5,402,2,Negative,
3463,04-12-2025,Twitter,Australia,Entertainment,38,Male,Poor performance and bad customer support,296,112,30,438,2,Negative,
3464,20-09-2025,Facebook,Canada,Politics,21,Male,"The product is okay, nothing special about it",616,281,69,966,3,Neutral,
3465,08-09-2025,Facebook,UK,Technology,50,Male,Amazing quality and fast delivery,584,64,148,796,4,Positive,
3466,19-04-2025,Instagram,India,Education,45,Female,It is acceptable for the price,259,145,43,447,3,Neutral,
3467,17-09-2025,Twitter,Canada,Sports,30,Male,It works fine but has some minor issues,805,138,120,1063,3,Neutral,
3468,21-03-2026,Facebook,Canada,Education,38,Female,This is one of the best services I have ever used,349,137,36,522,5,Positive,
3469,25-07-2025,Facebook,Canada,Politics,51,Male,"The product is okay, nothing special about it",75,54,5,134,3,Neutral,
3470,18-10-2025,Twitter,India,Entertainment,46,Female,Had a terrible experience using this service,935,283,186,1404,1,Negative,
3471,08-11-2025,Facebook,Canada,Education,27,Male,"Absolutely loved the experience, highly recommended",645,27,83,755,5,Positive,
3472,17-11-2025,Instagram,Canada,Politics,43,Male,"Average experience, could be improved",659,157,48,864,3,Neutral,
3473,01-06-2025,Instagram,UK,Politics,41,Male,This is one of the best services I have ever used,874,277,185,1336,4,Positive,
3474,12-11-2025,Twitter,Australia,Technology,32,Male,The product did not meet my expectations,196,276,172,644,2,Negative,
3475,09-06-2025,Instagram,UK,Entertainment,32,Male,Had a terrible experience using this service,132,239,55,426,2,Negative,
3476,05-12-2025,Twitter,India,Sports,52,Female,Very satisfied with the overall performance,856,278,96,1230,5,Positive,
3477,10-11-2025,Instagram,UK,Education,39,Female,It is acceptable for the price,714,180,18,912,3,Neutral,
3478,08-04-2025,Instagram,UK,Politics,59,Male,Had a terrible experience using this service,480,190,120,790,2,Negative,
3479,28-01-2026,Twitter,Australia,Sports,58,Female,"Average experience, could be improved",823,162,109,1094,3,Neutral,
3480,29-07-2025,Instagram,Australia,Sports,26,Female,"Average experience, could be improved",364,236,200,800,3,Neutral,
3481,19-07-2025,Facebook,UK,Technology,43,Male,"Average experience, could be improved",146,39,112,297,3,Neutral,
3482,08-03-2026,Instagram,Australia,Education,44,Male,Very disappointed with the product quality,354,64,186,604,1,Negative,
3483,13-11-2025,Twitter,Canada,Sports,44,Female,"Not too good, not too bad",448,86,94,628,3,Neutral,
3484,09-03-2026,Twitter,USA,Technology,54,Female,It works fine but has some minor issues,378,78,77,533,3,Neutral,
3485,24-06-2025,Instagram,USA,Sports,41,Male,"Waste of money, not recommended",357,241,92,690,1,Negative,
3486,25-07-2025,Twitter,USA,Health,38,Male,I recently bought this and it exceeded my expectations,980,298,30,1308,5,Positive,
3487,07-05-2025,Facebook,Australia,Technology,34,Male,This is one of the best services I have ever used,616,146,89,851,5,Positive,
3488,30-07-2025,Instagram,India,Politics,41,Male,I recently bought this and it exceeded my expectations,798,178,13,989,5,Positive,
3489,24-09-2025,Facebook,Canada,Education,60,Female,I recently bought this and it exceeded my expectations,315,278,56,649,5,Positive,
3490,08-01-2026,Facebook,USA,Health,41,Female,This is one of the best services I have ever used,355,213,83,651,5,Positive,
3491,07-01-2026,Instagram,Canada,Sports,44,Male,Very satisfied with the overall performance,328,129,26,483,5,Positive,
3492,10-02-2026,Instagram,UK,Politics,59,Male,It works fine but has some minor issues,758,28,162,948,3,Neutral,
3493,15-03-2026,Twitter,India,Health,34,Male,"Not too good, not too bad",62,225,173,460,3,Neutral,
3494,04-01-2026,Twitter,Australia,Politics,56,Female,This is one of the best services I have ever used,570,119,91,780,5,Positive,
3495,17-11-2025,Instagram,India,Education,20,Female,I recently bought this and it exceeded my expectations,365,29,165,559,5,Positive,
3496,19-09-2025,Twitter,UK,Technology,21,Male,This is one of the best services I have ever used,57,45,13,115,4,Positive,
3497,09-01-2026,Twitter,Australia,Entertainment,51,Male,I recently bought this and it exceeded my expectations,638,115,118,871,4,Positive,
3498,09-06-2025,Twitter,Australia,Technology,18,Female,Poor performance and bad customer support,788,184,162,1134,1,Negative,
3499,06-03-2026,Twitter,USA,Politics,26,Female,Amazing quality and fast delivery,652,99,33,784,4,Positive,
3500,28-02-2026,Twitter,UK,Education,55,Male,It is acceptable for the price,506,258,185,949,3,Neutral,
3501,15-01-2026,Facebook,India,Sports,55,Female,This is one of the best services I have ever used,350,167,32,549,5,Positive,
3502,17-10-2025,Instagram,USA,Technology,56,Male,Poor performance and bad customer support,145,66,27,238,1,Negative,
3503,07-05-2025,Instagram,UK,Politics,20,Male,Very disappointed with the product quality,831,173,13,1017,2,Negative,
3504,16-12-2025,Instagram,Australia,Health,38,Male,It is acceptable for the price,108,151,185,444,3,Neutral,
3505,14-08-2025,Instagram,India,Product,56,Female,I recently bought this and it exceeded my expectations,254,31,8,293,4,Positive,
3506,22-06-2025,Twitter,Canada,Politics,26,Male,Amazing quality and fast delivery,586,276,152,1014,5,Positive,
3507,06-03-2026,Facebook,USA,Entertainment,39,Male,"Not too good, not too bad",851,300,96,1247,3,Neutral,
3508,16-10-2025,Facebook,USA,Health,44,Male,The product did not meet my expectations,586,16,84,686,2,Negative,
3509,19-07-2025,Facebook,Canada,Sports,58,Female,I recently bought this and it exceeded my expectations,918,212,95,1225,5,Positive,
3510,22-03-2026,Twitter,India,Entertainment,41,Male,This is one of the best services I have ever used,309,295,103,707,4,Positive,
3511,09-12-2025,Instagram,India,Politics,23,Female,Poor performance and bad customer support,546,93,22,661,1,Negative,
3512,21-08-2025,Instagram,India,Entertainment,36,Male,"Average experience, could be improved",353,173,145,671,3,Neutral,
3513,13-04-2025,Facebook,UK,Sports,44,Female,It works fine but has some minor issues,813,219,174,1206,3,Neutral,
3514,30-07-2025,Instagram,India,Sports,29,Male,"Not too good, not too bad",514,136,149,799,3,Neutral,
3515,05-10-2025,Facebook,USA,Product,35,Female,"Absolutely loved the experience, highly recommended",921,216,130,1267,4,Positive,
3516,18-03-2026,Instagram,UK,Education,35,Male,Had a terrible experience using this service,831,114,173,1118,1,Negative,
3517,21-05-2025,Instagram,Australia,Entertainment,29,Male,I recently bought this and it exceeded my expectations,952,82,166,1200,5,Positive,
3518,23-08-2025,Facebook,Australia,Education,49,Female,"Average experience, could be improved",651,92,172,915,3,Neutral,
3519,02-12-2025,Facebook,Canada,Politics,32,Male,"Not too good, not too bad",947,91,102,1140,3,Neutral,
3520,22-09-2025,Facebook,Australia,Entertainment,30,Male,Very disappointed with the product quality,778,150,108,1036,2,Negative,
3521,05-11-2025,Twitter,Australia,Health,28,Female,Had a terrible experience using this service,816,122,33,971,1,Negative,
3522,20-05-2025,Facebook,UK,Health,55,Male,Amazing quality and fast delivery,484,81,117,682,4,Positive,
3523,01-02-2026,Twitter,India,Technology,34,Female,"Waste of money, not recommended",139,237,169,545,1,Negative,
3524,01-06-2025,Instagram,India,Health,53,Male,"Not too good, not too bad",768,41,76,885,3,Neutral,
3525,10-06-2025,Twitter,India,Education,32,Female,Very disappointed with the product quality,393,33,77,503,1,Negative,
3526,07-07-2025,Twitter,USA,Health,34,Male,It works fine but has some minor issues,212,245,45,502,3,Neutral,
3527,01-11-2025,Instagram,USA,Sports,20,Female,"Absolutely loved the experience, highly recommended",84,82,179,345,5,Positive,
3528,07-02-2026,Instagram,USA,Sports,26,Male,"Average experience, could be improved",391,72,113,576,3,Neutral,
3529,14-05-2025,Instagram,UK,Technology,53,Female,Very satisfied with the overall performance,728,177,190,1095,5,Positive,
3530,19-02-2026,Facebook,India,Education,49,Female,This is one of the best services I have ever used,512,157,34,703,5,Positive,
3531,14-03-2026,Twitter,Canada,Product,59,Female,The product did not meet my expectations,566,289,54,909,1,Negative,
3532,30-05-2025,Facebook,India,Health,26,Male,It is acceptable for the price,283,208,8,499,3,Neutral,
3533,06-04-2025,Instagram,Australia,Education,58,Female,I recently bought this and it exceeded my expectations,439,39,195,673,5,Positive,
3534,24-12-2025,Instagram,India,Product,54,Female,"Waste of money, not recommended",742,244,67,1053,2,Negative,
3535,12-11-2025,Instagram,India,Sports,50,Female,"Average experience, could be improved",556,128,192,876,3,Neutral,
3536,31-12-2025,Instagram,Canada,Education,33,Female,Very disappointed with the product quality,133,249,128,510,2,Negative,
3537,05-12-2025,Facebook,Canada,Entertainment,52,Male,Had a terrible experience using this service,964,214,155,1333,1,Negative,
3538,06-02-2026,Instagram,Australia,Entertainment,40,Male,Very disappointed with the product quality,443,215,18,676,2,Negative,
3539,02-04-2025,Facebook,Canada,Entertainment,21,Male,The product did not meet my expectations,277,227,59,563,2,Negative,
3540,15-11-2025,Facebook,UK,Politics,52,Male,Very satisfied with the overall performance,395,18,38,451,5,Positive,
3541,09-02-2026,Twitter,Australia,Health,60,Male,I recently bought this and it exceeded my expectations,884,246,39,1169,4,Positive,
3542,03-04-2025,Facebook,India,Product,49,Male,Amazing quality and fast delivery,584,119,133,836,4,Positive,
3543,28-11-2025,Facebook,USA,Sports,47,Male,"Average experience, could be improved",56,239,81,376,3,Neutral,
3544,27-04-2025,Twitter,UK,Politics,50,Female,"Absolutely loved the experience, highly recommended",138,229,86,453,5,Positive,
3545,27-05-2025,Instagram,Canada,Politics,39,Male,This is one of the best services I have ever used,800,22,162,984,4,Positive,
3546,26-12-2025,Facebook,UK,Entertainment,52,Male,Amazing quality and fast delivery,408,223,59,690,4,Positive,
3547,11-08-2025,Twitter,UK,Product,31,Female,"Not too good, not too bad",272,58,130,460,3,Neutral,
3548,07-05-2025,Instagram,India,Education,44,Female,Amazing quality and fast delivery,623,13,167,803,4,Positive,
3549,22-03-2026,Twitter,India,Health,29,Female,Had a terrible experience using this service,609,279,56,944,2,Negative,
3550,04-09-2025,Twitter,Australia,Technology,30,Female,"Not too good, not too bad",491,299,73,863,3,Neutral,
3551,23-05-2025,Instagram,India,Education,19,Male,"Absolutely loved the experience, highly recommended",730,18,11,759,5,Positive,
3552,04-12-2025,Instagram,India,Technology,50,Male,"Absolutely loved the experience, highly recommended",208,191,171,570,4,Positive,
3553,01-03-2026,Twitter,Canada,Health,31,Male,Very satisfied with the overall performance,541,295,122,958,5,Positive,
3554,30-03-2025,Instagram,Australia,Technology,58,Male,I recently bought this and it exceeded my expectations,79,239,74,392,4,Positive,
3555,24-01-2026,Instagram,USA,Politics,54,Female,"The product is okay, nothing special about it",452,56,102,610,3,Neutral,
3556,31-08-2025,Twitter,UK,Entertainment,21,Male,Very satisfied with the overall performance,984,194,39,1217,4,Positive,
3557,18-09-2025,Instagram,India,Politics,45,Female,I recently bought this and it exceeded my expectations,662,151,140,953,4,Positive,
3558,26-09-2025,Twitter,Australia,Education,29,Male,"Not too good, not too bad",298,251,176,725,3,Neutral,
3559,15-12-2025,Twitter,Canada,Politics,50,Female,The product did not meet my expectations,62,134,93,289,1,Negative,
3560,29-08-2025,Instagram,UK,Politics,34,Female,"The product is okay, nothing special about it",352,51,75,478,3,Neutral,
3561,26-01-2026,Facebook,UK,Product,23,Female,"Waste of money, not recommended",593,267,51,911,1,Negative,
3562,23-02-2026,Twitter,India,Product,31,Female,"The product is okay, nothing special about it",279,54,47,380,3,Neutral,
3563,03-04-2025,Instagram,India,Product,30,Female,It is acceptable for the price,273,124,54,451,3,Neutral,
3564,11-06-2025,Instagram,UK,Entertainment,31,Female,Very disappointed with the product quality,408,250,197,855,2,Negative,
3565,27-11-2025,Facebook,Australia,Education,47,Female,Very satisfied with the overall performance,246,99,113,458,5,Positive,
3566,14-08-2025,Facebook,Australia,Health,19,Male,I recently bought this and it exceeded my expectations,659,111,141,911,4,Positive,
3567,21-06-2025,Instagram,India,Education,21,Female,Had a terrible experience using this service,895,113,28,1036,1,Negative,
3568,02-01-2026,Instagram,Australia,Sports,26,Male,Had a terrible experience using this service,897,91,160,1148,2,Negative,
3569,03-09-2025,Instagram,UK,Sports,54,Male,Poor performance and bad customer support,438,184,22,644,2,Negative,
3570,03-12-2025,Twitter,India,Product,49,Male,Had a terrible experience using this service,596,300,119,1015,2,Negative,
3571,06-11-2025,Facebook,Canada,Sports,45,Male,I recently bought this and it exceeded my expectations,471,203,181,855,4,Positive,
3572,02-03-2026,Instagram,UK,Technology,21,Male,"Absolutely loved the experience, highly recommended",57,298,69,424,5,Positive,
3573,12-12-2025,Facebook,Canada,Sports,28,Male,This is one of the best services I have ever used,828,32,140,1000,5,Positive,
3574,20-02-2026,Facebook,India,Technology,53,Male,Amazing quality and fast delivery,97,242,123,462,5,Positive,
3575,22-04-2025,Twitter,UK,Education,20,Male,"Waste of money, not recommended",779,22,19,820,1,Negative,
3576,28-11-2025,Twitter,India,Technology,37,Female,It works fine but has some minor issues,508,62,38,608,3,Neutral,
3577,22-03-2026,Instagram,Canada,Politics,23,Female,Had a terrible experience using this service,571,108,42,721,2,Negative,
3578,07-08-2025,Facebook,India,Entertainment,53,Male,"Not too good, not too bad",931,273,192,1396,3,Neutral,
3579,08-08-2025,Twitter,Australia,Health,36,Male,"Average experience, could be improved",938,70,90,1098,3,Neutral,
3580,28-12-2025,Twitter,Canada,Technology,30,Male,"Waste of money, not recommended",425,16,132,573,2,Negative,
3581,12-12-2025,Twitter,UK,Product,23,Male,"Not too good, not too bad",67,271,191,529,3,Neutral,
3582,18-09-2025,Facebook,Australia,Health,35,Male,"Not too good, not too bad",843,111,199,1153,3,Neutral,
3583,20-02-2026,Twitter,USA,Technology,55,Male,I recently bought this and it exceeded my expectations,375,185,131,691,5,Positive,
3584,12-11-2025,Twitter,India,Education,37,Male,I recently bought this and it exceeded my expectations,191,142,190,523,4,Positive,
3585,17-06-2025,Facebook,USA,Entertainment,32,Male,"Absolutely loved the experience, highly recommended",602,116,176,894,5,Positive,
3586,20-04-2025,Instagram,UK,Entertainment,27,Male,"Average experience, could be improved",102,223,131,456,3,Neutral,
3587,07-06-2025,Instagram,Australia,Education,28,Male,Had a terrible experience using this service,106,194,72,372,2,Negative,
3588,10-01-2026,Twitter,India,Health,43,Female,Very satisfied with the overall performance,269,123,19,411,4,Positive,
3589,26-11-2025,Facebook,India,Entertainment,21,Male,It is acceptable for the price,604,163,124,891,3,Neutral,
3590,25-07-2025,Instagram,India,Sports,22,Male,The product did not meet my expectations,213,190,130,533,2,Negative,
3591,15-02-2026,Twitter,Canada,Product,26,Male,"Absolutely loved the experience, highly recommended",129,273,87,489,5,Positive,
3592,07-07-2025,Facebook,USA,Technology,35,Male,This is one of the best services I have ever used,912,261,122,1295,5,Positive,
3593,05-09-2025,Twitter,USA,Sports,18,Male,Had a terrible experience using this service,696,194,28,918,2,Negative,
3594,29-12-2025,Instagram,India,Politics,47,Female,It is acceptable for the price,657,130,92,879,3,Neutral,
3595,08-05-2025,Instagram,Canada,Education,51,Male,Poor performance and bad customer support,130,227,101,458,1,Negative,
3596,01-08-2025,Instagram,USA,Entertainment,55,Male,Poor performance and bad customer support,840,98,23,961,1,Negative,
3597,15-02-2026,Twitter,UK,Technology,36,Male,The product did not meet my expectations,242,76,50,368,2,Negative,
3598,05-02-2026,Instagram,India,Technology,22,Male,"Not too good, not too bad",678,166,112,956,3,Neutral,
3599,22-01-2026,Instagram,UK,Product,38,Male,"Absolutely loved the experience, highly recommended",502,108,80,690,5,Positive,
3600,07-06-2025,Twitter,USA,Technology,32,Female,It works fine but has some minor issues,359,155,28,542,3,Neutral,
3601,12-01-2026,Instagram,UK,Politics,33,Male,"Waste of money, not recommended",385,245,33,663,2,Negative,
3602,30-12-2025,Facebook,India,Technology,42,Male,This is one of the best services I have ever used,779,114,166,1059,5,Positive,
3603,25-06-2025,Facebook,Australia,Politics,48,Male,Very satisfied with the overall performance,426,164,41,631,5,Positive,
3604,04-09-2025,Facebook,Canada,Technology,27,Male,It is acceptable for the price,717,57,73,847,3,Neutral,
3605,16-10-2025,Facebook,Australia,Technology,33,Male,The product did not meet my expectations,974,69,166,1209,1,Negative,
3606,21-10-2025,Facebook,India,Product,51,Male,"The product is okay, nothing special about it",116,300,34,450,3,Neutral,
3607,02-03-2026,Instagram,Australia,Technology,50,Female,"Not too good, not too bad",558,223,64,845,3,Neutral,
3608,08-09-2025,Instagram,USA,Technology,43,Male,"The product is okay, nothing special about it",304,156,139,599,3,Neutral,
3609,05-03-2026,Twitter,India,Sports,50,Male,Amazing quality and fast delivery,959,294,39,1292,4,Positive,
3610,29-05-2025,Instagram,India,Product,60,Male,It is acceptable for the price,879,20,67,966,3,Neutral,
3611,06-02-2026,Twitter,USA,Entertainment,48,Female,Amazing quality and fast delivery,812,20,63,895,4,Positive,
3612,08-07-2025,Twitter,India,Technology,48,Male,It works fine but has some minor issues,430,41,87,558,3,Neutral,
3613,14-05-2025,Instagram,India,Technology,57,Male,Had a terrible experience using this service,482,208,153,843,2,Negative,
3614,21-12-2025,Twitter,Australia,Education,46,Female,Very satisfied with the overall performance,682,32,67,781,5,Positive,
3615,22-04-2025,Twitter,Canada,Technology,39,Female,I recently bought this and it exceeded my expectations,995,300,171,1466,4,Positive,
3616,30-08-2025,Twitter,UK,Health,19,Female,Very satisfied with the overall performance,844,74,100,1018,4,Positive,
3617,30-12-2025,Twitter,Canada,Entertainment,31,Female,This is one of the best services I have ever used,168,281,119,568,5,Positive,
3618,25-04-2025,Instagram,UK,Health,44,Female,"Average experience, could be improved",847,296,194,1337,3,Neutral,
3619,28-02-2026,Facebook,India,Product,40,Male,This is one of the best services I have ever used,618,232,74,924,5,Positive,
3620,07-12-2025,Instagram,USA,Technology,39,Male,It is acceptable for the price,207,27,91,325,3,Neutral,
3621,08-03-2026,Instagram,Canada,Health,46,Male,This is one of the best services I have ever used,871,257,81,1209,5,Positive,
3622,03-08-2025,Instagram,India,Product,47,Female,I recently bought this and it exceeded my expectations,432,96,88,616,5,Positive,
3623,07-02-2026,Instagram,Australia,Health,23,Male,"Waste of money, not recommended",218,22,116,356,2,Negative,
3624,07-06-2025,Instagram,India,Entertainment,40,Male,"Not too good, not too bad",748,72,55,875,3,Neutral,
3625,16-05-2025,Facebook,USA,Sports,39,Female,Had a terrible experience using this service,114,169,77,360,1,Negative,
3626,04-10-2025,Facebook,India,Sports,33,Female,Amazing quality and fast delivery,917,20,49,986,4,Positive,
3627,20-10-2025,Instagram,Canada,Education,22,Male,Very satisfied with the overall performance,168,195,118,481,5,Positive,
3628,28-02-2026,Instagram,UK,Sports,47,Male,"Absolutely loved the experience, highly recommended",265,295,104,664,4,Positive,
3629,28-03-2026,Facebook,Canada,Politics,28,Female,Had a terrible experience using this service,262,287,195,744,2,Negative,
3630,30-01-2026,Facebook,UK,Politics,60,Female,"The product is okay, nothing special about it",330,171,124,625,3,Neutral,
3631,11-03-2026,Facebook,USA,Entertainment,57,Female,I recently bought this and it exceeded my expectations,576,32,86,694,4,Positive,
3632,06-02-2026,Facebook,Canada,Entertainment,59,Female,"Waste of money, not recommended",344,244,83,671,1,Negative,
3633,09-06-2025,Facebook,UK,Product,30,Female,Had a terrible experience using this service,243,35,7,285,2,Negative,
3634,24-06-2025,Instagram,USA,Entertainment,20,Male,Had a terrible experience using this service,345,138,99,582,2,Negative,
3635,19-03-2026,Instagram,UK,Product,27,Male,It is acceptable for the price,873,76,34,983,3,Neutral,
3636,07-11-2025,Facebook,UK,Education,28,Male,"Absolutely loved the experience, highly recommended",885,165,67,1117,5,Positive,
3637,17-10-2025,Twitter,Australia,Politics,53,Female,Amazing quality and fast delivery,748,114,84,946,5,Positive,
3638,12-06-2025,Instagram,Canada,Product,46,Male,"Average experience, could be improved",359,111,55,525,3,Neutral,
3639,14-09-2025,Facebook,India,Technology,28,Male,"Average experience, could be improved",889,145,107,1141,3,Neutral,
3640,31-01-2026,Facebook,USA,Education,20,Male,Very disappointed with the product quality,453,236,108,797,2,Negative,
3641,01-08-2025,Facebook,Canada,Health,54,Male,Poor performance and bad customer support,599,213,130,942,2,Negative,
3642,20-04-2025,Instagram,Canada,Education,60,Female,The product did not meet my expectations,301,150,11,462,2,Negative,
3643,18-03-2026,Facebook,Australia,Entertainment,54,Male,It is acceptable for the price,991,64,74,1129,3,Neutral,
3644,10-01-2026,Facebook,Canada,Sports,26,Female,Very satisfied with the overall performance,588,132,79,799,4,Positive,
3645,20-12-2025,Instagram,UK,Technology,45,Female,Very disappointed with the product quality,380,163,39,582,2,Negative,
3646,17-11-2025,Instagram,Canada,Politics,37,Female,"Waste of money, not recommended",157,41,101,299,1,Negative,
3647,17-09-2025,Instagram,India,Technology,60,Female,Had a terrible experience using this service,123,33,181,337,2,Negative,
3648,24-04-2025,Instagram,USA,Entertainment,33,Male,The product did not meet my expectations,199,76,77,352,2,Negative,
3649,19-07-2025,Instagram,Australia,Politics,27,Male,"The product is okay, nothing special about it",318,68,136,522,3,Neutral,
3650,07-07-2025,Instagram,USA,Politics,50,Male,Very disappointed with the product quality,897,116,94,1107,2,Negative,
3651,02-10-2025,Instagram,Australia,Entertainment,31,Male,It works fine but has some minor issues,404,169,147,720,3,Neutral,
3652,23-10-2025,Twitter,Canada,Education,40,Male,Very disappointed with the product quality,613,112,161,886,1,Negative,
3653,03-08-2025,Facebook,USA,Education,18,Male,"Waste of money, not recommended",702,103,31,836,2,Negative,
3654,23-08-2025,Instagram,India,Politics,34,Male,"Average experience, could be improved",810,296,155,1261,3,Neutral,
3655,28-07-2025,Facebook,UK,Technology,32,Male,"The product is okay, nothing special about it",358,139,80,577,3,Neutral,
3656,15-01-2026,Facebook,India,Education,56,Female,"The product is okay, nothing special about it",657,219,16,892,3,Neutral,
3657,10-05-2025,Instagram,India,Sports,22,Male,"Waste of money, not recommended",307,293,176,776,1,Negative,
3658,07-08-2025,Twitter,UK,Politics,41,Male,"Average experience, could be improved",628,149,60,837,3,Neutral,
3659,05-01-2026,Facebook,India,Product,40,Male,Amazing quality and fast delivery,218,30,98,346,4,Positive,
3660,03-11-2025,Twitter,India,Politics,35,Male,Had a terrible experience using this service,958,275,37,1270,2,Negative,
3661,23-02-2026,Facebook,Canada,Sports,58,Male,This is one of the best services I have ever used,901,269,146,1316,4,Positive,
3662,23-07-2025,Instagram,UK,Sports,42,Female,"The product is okay, nothing special about it",238,171,194,603,3,Neutral,
3663,30-09-2025,Instagram,Australia,Entertainment,36,Male,"Absolutely loved the experience, highly recommended",254,59,127,440,5,Positive,
3664,03-06-2025,Facebook,India,Education,23,Female,I recently bought this and it exceeded my expectations,748,194,145,1087,5,Positive,
3665,06-01-2026,Twitter,Australia,Sports,32,Male,Very disappointed with the product quality,322,108,32,462,2,Negative,
3666,12-06-2025,Facebook,India,Health,41,Male,Very satisfied with the overall performance,103,250,147,500,5,Positive,
3667,22-10-2025,Facebook,Canada,Sports,18,Female,This is one of the best services I have ever used,505,126,8,639,5,Positive,
3668,28-03-2025,Instagram,UK,Politics,55,Female,I recently bought this and it exceeded my expectations,464,122,12,598,5,Positive,
3669,19-01-2026,Instagram,Canada,Technology,47,Male,It works fine but has some minor issues,886,15,147,1048,3,Neutral,
3670,20-03-2026,Twitter,Canada,Politics,58,Female,"Average experience, could be improved",141,163,113,417,3,Neutral,
3671,04-04-2025,Facebook,India,Sports,52,Male,"Waste of money, not recommended",719,287,43,1049,1,Negative,
3672,30-09-2025,Twitter,USA,Education,46,Female,"Not too good, not too bad",166,136,24,326,3,Neutral,
3673,09-09-2025,Instagram,UK,Product,38,Female,Very satisfied with the overall performance,532,190,95,817,4,Positive,
3674,26-12-2025,Facebook,Canada,Product,46,Female,It is acceptable for the price,578,214,73,865,3,Neutral,
3675,22-06-2025,Facebook,Canada,Product,51,Female,"The product is okay, nothing special about it",926,65,72,1063,3,Neutral,
3676,14-11-2025,Instagram,Australia,Health,32,Female,"Waste of money, not recommended",353,95,173,621,2,Negative,
3677,26-06-2025,Twitter,Australia,Product,23,Female,This is one of the best services I have ever used,523,198,6,727,5,Positive,
3678,27-04-2025,Twitter,India,Entertainment,18,Female,Had a terrible experience using this service,190,40,112,342,1,Negative,
3679,03-09-2025,Facebook,UK,Education,45,Male,Amazing quality and fast delivery,347,163,24,534,5,Positive,
3680,02-12-2025,Facebook,UK,Entertainment,27,Male,"Average experience, could be improved",568,173,120,861,3,Neutral,
3681,16-08-2025,Instagram,India,Technology,34,Female,This is one of the best services I have ever used,859,208,92,1159,4,Positive,
3682,22-12-2025,Instagram,UK,Product,37,Female,Had a terrible experience using this service,292,194,11,497,2,Negative,
3683,02-10-2025,Instagram,India,Politics,45,Male,"Absolutely loved the experience, highly recommended",548,293,108,949,5,Positive,
3684,16-08-2025,Facebook,USA,Health,55,Male,"Not too good, not too bad",871,21,60,952,3,Neutral,
3685,25-08-2025,Instagram,USA,Politics,35,Female,Poor performance and bad customer support,280,135,108,523,2,Negative,
3686,14-03-2026,Instagram,Canada,Education,50,Female,Poor performance and bad customer support,406,12,130,548,2,Negative,
3687,13-09-2025,Instagram,Australia,Politics,28,Male,Had a terrible experience using this service,221,133,115,469,1,Negative,
3688,03-09-2025,Twitter,Canada,Entertainment,58,Male,Poor performance and bad customer support,101,130,8,239,1,Negative,
3689,17-10-2025,Twitter,Australia,Entertainment,50,Female,This is one of the best services I have ever used,901,31,112,1044,5,Positive,
3690,29-01-2026,Facebook,India,Technology,59,Female,"Waste of money, not recommended",821,95,43,959,2,Negative,
3691,12-05-2025,Facebook,USA,Entertainment,42,Male,Very disappointed with the product quality,236,229,15,480,1,Negative,
3692,15-03-2026,Instagram,Canada,Education,18,Female,Had a terrible experience using this service,394,267,160,821,2,Negative,
3693,09-02-2026,Facebook,USA,Politics,34,Female,Very satisfied with the overall performance,565,188,124,877,4,Positive,
3694,05-08-2025,Twitter,India,Technology,58,Female,Amazing quality and fast delivery,706,101,50,857,5,Positive,
3695,15-03-2026,Facebook,USA,Technology,55,Female,Had a terrible experience using this service,286,220,7,513,1,Negative,
3696,29-11-2025,Twitter,India,Technology,58,Female,"Absolutely loved the experience, highly recommended",53,176,180,409,4,Positive,
3697,25-09-2025,Instagram,India,Product,54,Female,"Waste of money, not recommended",370,290,19,679,1,Negative,
3698,02-04-2025,Twitter,India,Product,35,Male,Very disappointed with the product quality,658,160,125,943,1,Negative,
3699,04-04-2025,Twitter,Australia,Education,18,Male,I recently bought this and it exceeded my expectations,610,268,17,895,5,Positive,
3700,01-07-2025,Twitter,USA,Technology,58,Female,I recently bought this and it exceeded my expectations,56,207,81,344,5,Positive,
3701,19-05-2025,Facebook,Canada,Entertainment,25,Male,This is one of the best services I have ever used,205,108,181,494,4,Positive,
3702,20-11-2025,Facebook,UK,Entertainment,38,Male,Amazing quality and fast delivery,811,295,181,1287,4,Positive,
3703,16-11-2025,Twitter,UK,Technology,46,Female,Amazing quality and fast delivery,281,64,97,442,5,Positive,
3704,01-10-2025,Instagram,Australia,Health,32,Male,Very disappointed with the product quality,482,106,109,697,1,Negative,
3705,02-04-2025,Twitter,USA,Product,55,Male,I recently bought this and it exceeded my expectations,904,38,37,979,5,Positive,
3706,04-11-2025,Facebook,Canada,Education,48,Female,"Not too good, not too bad",179,162,22,363,3,Neutral,
3707,07-11-2025,Instagram,USA,Education,26,Female,"The product is okay, nothing special about it",114,252,104,470,3,Neutral,
3708,05-06-2025,Instagram,USA,Education,29,Male,I recently bought this and it exceeded my expectations,405,196,14,615,4,Positive,
3709,24-08-2025,Facebook,India,Politics,18,Male,"Absolutely loved the experience, highly recommended",520,190,69,779,4,Positive,
3710,17-10-2025,Twitter,Australia,Education,25,Male,Poor performance and bad customer support,984,258,78,1320,2,Negative,
3711,02-02-2026,Instagram,Australia,Health,46,Male,It works fine but has some minor issues,249,210,85,544,3,Neutral,
3712,28-12-2025,Facebook,India,Health,53,Male,It is acceptable for the price,963,172,124,1259,3,Neutral,
3713,06-11-2025,Facebook,UK,Health,23,Female,Very satisfied with the overall performance,808,122,113,1043,4,Positive,
3714,23-05-2025,Instagram,USA,Education,22,Male,"Absolutely loved the experience, highly recommended",333,260,81,674,5,Positive,
3715,07-04-2025,Facebook,Australia,Sports,60,Female,This is one of the best services I have ever used,141,149,29,319,5,Positive,
3716,14-09-2025,Instagram,USA,Product,19,Female,"Average experience, could be improved",422,224,129,775,3,Neutral,
3717,11-07-2025,Twitter,USA,Health,35,Female,"Waste of money, not recommended",214,252,94,560,1,Negative,
3718,04-07-2025,Instagram,Australia,Education,42,Female,Amazing quality and fast delivery,886,271,49,1206,5,Positive,
3719,12-08-2025,Twitter,UK,Product,59,Male,This is one of the best services I have ever used,298,82,79,459,4,Positive,
3720,13-11-2025,Facebook,USA,Technology,25,Male,The product did not meet my expectations,617,69,176,862,2,Negative,
3721,24-04-2025,Facebook,India,Sports,20,Female,"The product is okay, nothing special about it",400,43,34,477,3,Neutral,
3722,22-07-2025,Twitter,Australia,Education,26,Female,"The product is okay, nothing special about it",804,281,32,1117,3,Neutral,
3723,26-05-2025,Instagram,India,Education,29,Female,It is acceptable for the price,263,178,161,602,3,Neutral,
3724,18-05-2025,Instagram,USA,Health,55,Male,Very disappointed with the product quality,309,207,146,662,2,Negative,
3725,03-03-2026,Instagram,India,Education,37,Male,Had a terrible experience using this service,178,231,107,516,1,Negative,
3726,08-05-2025,Instagram,Canada,Sports,29,Female,Very satisfied with the overall performance,628,92,142,862,4,Positive,
3727,17-09-2025,Instagram,India,Entertainment,42,Male,"Not too good, not too bad",220,269,48,537,3,Neutral,
3728,21-10-2025,Facebook,UK,Technology,51,Female,Had a terrible experience using this service,310,132,136,578,1,Negative,
3729,15-03-2026,Instagram,Canada,Product,35,Male,Had a terrible experience using this service,910,220,79,1209,1,Negative,
3730,08-11-2025,Instagram,Canada,Technology,33,Female,Poor performance and bad customer support,249,141,148,538,1,Negative,
3731,05-02-2026,Twitter,UK,Product,52,Female,"Absolutely loved the experience, highly recommended",848,176,39,1063,5,Positive,
3732,07-07-2025,Facebook,USA,Product,36,Male,Very disappointed with the product quality,915,97,27,1039,2,Negative,
3733,15-10-2025,Facebook,USA,Health,59,Male,The product did not meet my expectations,762,176,65,1003,1,Negative,
3734,17-07-2025,Facebook,India,Technology,31,Male,Had a terrible experience using this service,230,186,95,511,1,Negative,
3735,22-01-2026,Facebook,Canada,Sports,55,Male,"Waste of money, not recommended",205,146,82,433,1,Negative,
3736,31-01-2026,Twitter,Canada,Sports,38,Female,It is acceptable for the price,321,109,145,575,3,Neutral,
3737,13-09-2025,Twitter,UK,Politics,46,Male,"Not too good, not too bad",156,295,18,469,3,Neutral,
3738,14-06-2025,Twitter,India,Product,49,Female,"Waste of money, not recommended",356,286,110,752,2,Negative,
3739,04-09-2025,Facebook,Australia,Education,53,Male,Had a terrible experience using this service,440,136,47,623,1,Negative,
3740,30-03-2025,Instagram,India,Technology,24,Female,"The product is okay, nothing special about it",303,24,15,342,3,Neutral,
3741,28-05-2025,Facebook,Australia,Entertainment,44,Male,It works fine but has some minor issues,437,65,154,656,3,Neutral,
3742,14-11-2025,Twitter,Canada,Technology,38,Male,"Not too good, not too bad",692,293,65,1050,3,Neutral,
3743,20-12-2025,Twitter,Australia,Health,48,Female,Poor performance and bad customer support,161,32,24,217,2,Negative,
3744,17-09-2025,Facebook,UK,Technology,34,Female,"The product is okay, nothing special about it",103,264,126,493,3,Neutral,
3745,28-03-2026,Twitter,USA,Politics,56,Female,"Waste of money, not recommended",210,287,81,578,2,Negative,
3746,03-04-2025,Facebook,Australia,Product,51,Female,Had a terrible experience using this service,604,27,26,657,2,Negative,
3747,02-09-2025,Twitter,UK,Product,24,Male,Poor performance and bad customer support,402,187,114,703,1,Negative,
3748,23-12-2025,Twitter,Canada,Technology,31,Female,Had a terrible experience using this service,452,287,145,884,2,Negative,
3749,30-08-2025,Instagram,UK,Entertainment,54,Male,Had a terrible experience using this service,173,146,106,425,1,Negative,
3750,29-07-2025,Twitter,Canada,Health,36,Female,It is acceptable for the price,915,112,50,1077,3,Neutral,
3751,12-04-2025,Facebook,India,Technology,48,Female,Very disappointed with the product quality,115,201,145,461,2,Negative,
3752,21-03-2026,Instagram,Australia,Education,55,Male,"Absolutely loved the experience, highly recommended",978,145,20,1143,5,Positive,
3753,23-08-2025,Twitter,Australia,Politics,39,Male,It works fine but has some minor issues,477,53,97,627,3,Neutral,
3754,03-03-2026,Instagram,Australia,Entertainment,29,Female,"Not too good, not too bad",973,215,199,1387,3,Neutral,
3755,27-11-2025,Twitter,USA,Sports,40,Female,Very satisfied with the overall performance,361,73,41,475,4,Positive,
3756,02-06-2025,Instagram,India,Health,44,Male,I recently bought this and it exceeded my expectations,455,158,26,639,4,Positive,
3757,15-08-2025,Twitter,UK,Entertainment,41,Male,"The product is okay, nothing special about it",558,162,139,859,3,Neutral,
3758,16-04-2025,Facebook,Canada,Entertainment,28,Male,Very satisfied with the overall performance,460,61,159,680,4,Positive,
3759,15-10-2025,Twitter,Australia,Entertainment,60,Female,The product did not meet my expectations,434,248,176,858,1,Negative,
3760,23-07-2025,Facebook,Canada,Product,50,Female,"Absolutely loved the experience, highly recommended",617,197,79,893,4,Positive,
3761,03-11-2025,Twitter,India,Health,53,Male,"Average experience, could be improved",929,59,82,1070,3,Neutral,
3762,30-07-2025,Instagram,India,Technology,57,Female,"Absolutely loved the experience, highly recommended",416,239,55,710,5,Positive,
3763,20-08-2025,Instagram,Australia,Entertainment,42,Male,Amazing quality and fast delivery,140,11,178,329,5,Positive,
3764,20-03-2026,Instagram,Canada,Politics,41,Male,"Absolutely loved the experience, highly recommended",390,56,5,451,5,Positive,
3765,30-10-2025,Twitter,Canada,Education,39,Male,"Waste of money, not recommended",588,111,175,874,1,Negative,
3766,05-07-2025,Facebook,USA,Education,53,Male,This is one of the best services I have ever used,123,261,135,519,5,Positive,
3767,30-12-2025,Facebook,Canada,Politics,57,Female,"Not too good, not too bad",984,265,101,1350,3,Neutral,
3768,10-02-2026,Instagram,UK,Product,45,Male,This is one of the best services I have ever used,524,176,125,825,5,Positive,
3769,07-07-2025,Instagram,Australia,Entertainment,50,Male,"Not too good, not too bad",293,38,101,432,3,Neutral,
3770,07-05-2025,Instagram,USA,Entertainment,26,Female,Amazing quality and fast delivery,103,187,87,377,5,Positive,
3771,25-12-2025,Instagram,Canada,Politics,52,Female,It works fine but has some minor issues,512,222,77,811,3,Neutral,
3772,06-06-2025,Instagram,USA,Health,29,Female,The product did not meet my expectations,469,255,168,892,1,Negative,
3773,29-12-2025,Instagram,India,Sports,56,Male,It works fine but has some minor issues,205,204,70,479,3,Neutral,
3774,16-03-2026,Instagram,Australia,Health,45,Female,Had a terrible experience using this service,440,95,111,646,2,Negative,
3775,20-09-2025,Facebook,USA,Entertainment,18,Female,Very disappointed with the product quality,836,106,179,1121,1,Negative,
3776,02-11-2025,Facebook,UK,Technology,21,Male,Poor performance and bad customer support,185,47,18,250,2,Negative,
3777,03-12-2025,Twitter,Australia,Technology,52,Male,Amazing quality and fast delivery,830,176,136,1142,4,Positive,
3778,06-04-2025,Instagram,Australia,Sports,28,Female,The product did not meet my expectations,935,51,168,1154,2,Negative,
3779,29-05-2025,Instagram,Canada,Sports,46,Male,Poor performance and bad customer support,133,108,101,342,2,Negative,
3780,27-08-2025,Twitter,India,Technology,27,Male,Very satisfied with the overall performance,575,12,18,605,5,Positive,
3781,23-06-2025,Instagram,Australia,Technology,20,Male,It works fine but has some minor issues,591,214,142,947,3,Neutral,
3782,30-01-2026,Facebook,India,Technology,34,Male,Poor performance and bad customer support,749,72,76,897,2,Negative,
3783,23-12-2025,Facebook,USA,Health,44,Female,Had a terrible experience using this service,762,196,114,1072,1,Negative,
3784,04-01-2026,Twitter,Canada,Technology,33,Male,Very disappointed with the product quality,206,173,107,486,2,Negative,
3785,01-03-2026,Facebook,UK,Entertainment,26,Female,"Waste of money, not recommended",668,114,183,965,2,Negative,
3786,23-06-2025,Instagram,UK,Product,28,Female,The product did not meet my expectations,582,166,141,889,2,Negative,
3787,15-06-2025,Instagram,UK,Health,46,Male,Very satisfied with the overall performance,668,255,131,1054,4,Positive,
3788,05-09-2025,Instagram,India,Politics,38,Female,Had a terrible experience using this service,906,137,169,1212,1,Negative,
3789,05-12-2025,Instagram,Canada,Health,41,Male,Had a terrible experience using this service,197,89,77,363,2,Negative,
3790,22-04-2025,Facebook,UK,Product,25,Male,"Absolutely loved the experience, highly recommended",769,238,75,1082,4,Positive,
3791,01-03-2026,Instagram,Canada,Sports,57,Female,Very satisfied with the overall performance,157,268,114,539,4,Positive,
3792,19-08-2025,Twitter,USA,Health,32,Female,I recently bought this and it exceeded my expectations,660,214,66,940,5,Positive,
3793,30-01-2026,Facebook,India,Health,37,Male,Very satisfied with the overall performance,913,72,105,1090,4,Positive,
3794,30-10-2025,Facebook,Canada,Politics,21,Male,It is acceptable for the price,872,75,25,972,3,Neutral,
3795,07-12-2025,Twitter,USA,Health,24,Female,The product did not meet my expectations,173,255,125,553,2,Negative,
3796,14-09-2025,Instagram,Australia,Education,30,Male,"Not too good, not too bad",78,232,24,334,3,Neutral,
3797,31-01-2026,Twitter,Australia,Technology,29,Male,I recently bought this and it exceeded my expectations,607,57,151,815,5,Positive,
3798,03-07-2025,Twitter,Canada,Politics,58,Female,Very satisfied with the overall performance,378,223,31,632,5,Positive,
3799,11-08-2025,Twitter,Australia,Education,59,Female,It is acceptable for the price,254,212,167,633,3,Neutral,
3800,21-04-2025,Instagram,India,Technology,60,Female,Very satisfied with the overall performance,678,246,53,977,5,Positive,
3801,16-12-2025,Facebook,Australia,Sports,40,Male,"Average experience, could be improved",745,279,19,1043,3,Neutral,
3802,06-05-2025,Twitter,Canada,Entertainment,47,Female,It is acceptable for the price,824,14,143,981,3,Neutral,
3803,22-04-2025,Instagram,USA,Entertainment,55,Female,"Not too good, not too bad",301,96,71,468,3,Neutral,
3804,06-05-2025,Facebook,UK,Technology,28,Female,I recently bought this and it exceeded my expectations,789,262,175,1226,4,Positive,
3805,29-11-2025,Facebook,India,Health,39,Male,Very satisfied with the overall performance,64,74,27,165,4,Positive,
3806,05-12-2025,Instagram,India,Health,27,Female,It works fine but has some minor issues,620,193,39,852,3,Neutral,
3807,22-11-2025,Instagram,USA,Technology,23,Male,It works fine but has some minor issues,615,82,86,783,3,Neutral,
3808,04-08-2025,Instagram,India,Technology,29,Female,I recently bought this and it exceeded my expectations,173,164,99,436,5,Positive,
3809,18-03-2026,Twitter,Canada,Sports,45,Male,"Not too good, not too bad",102,116,77,295,3,Neutral,
3810,16-09-2025,Facebook,UK,Sports,23,Female,Very disappointed with the product quality,679,227,44,950,2,Negative,
3811,27-04-2025,Instagram,Canada,Sports,28,Female,The product did not meet my expectations,615,175,25,815,1,Negative,
3812,10-02-2026,Instagram,UK,Technology,22,Female,Very disappointed with the product quality,491,202,59,752,1,Negative,
3813,13-08-2025,Facebook,Canada,Product,49,Female,Very disappointed with the product quality,259,111,5,375,1,Negative,
3814,05-06-2025,Facebook,USA,Politics,37,Male,"Waste of money, not recommended",984,16,164,1164,2,Negative,
3815,17-05-2025,Facebook,India,Technology,37,Male,Very disappointed with the product quality,315,215,15,545,2,Negative,
3816,15-08-2025,Instagram,USA,Sports,34,Male,This is one of the best services I have ever used,645,258,103,1006,4,Positive,
3817,02-06-2025,Twitter,UK,Sports,55,Male,Poor performance and bad customer support,872,251,31,1154,1,Negative,
3818,20-03-2026,Facebook,India,Entertainment,29,Female,Poor performance and bad customer support,775,141,18,934,2,Negative,
3819,13-01-2026,Instagram,UK,Product,36,Female,It is acceptable for the price,200,180,187,567,3,Neutral,
3820,14-05-2025,Instagram,Canada,Sports,53,Female,Very satisfied with the overall performance,562,219,134,915,5,Positive,
3821,31-12-2025,Twitter,Canada,Entertainment,43,Male,Poor performance and bad customer support,184,141,116,441,2,Negative,
3822,20-08-2025,Twitter,USA,Sports,38,Female,Very satisfied with the overall performance,543,196,133,872,4,Positive,
3823,20-04-2025,Instagram,Australia,Politics,35,Female,"Not too good, not too bad",430,282,108,820,3,Neutral,
3824,27-09-2025,Instagram,USA,Entertainment,21,Male,"Waste of money, not recommended",451,254,15,720,2,Negative,
3825,04-01-2026,Facebook,Canada,Entertainment,50,Male,"Absolutely loved the experience, highly recommended",970,80,106,1156,5,Positive,
3826,05-05-2025,Twitter,Canada,Technology,27,Male,I recently bought this and it exceeded my expectations,578,110,199,887,5,Positive,
3827,13-11-2025,Facebook,USA,Health,22,Female,Amazing quality and fast delivery,223,33,172,428,5,Positive,
3828,20-01-2026,Twitter,UK,Entertainment,20,Female,"Average experience, could be improved",644,18,5,667,3,Neutral,
3829,20-10-2025,Instagram,UK,Education,22,Male,"Not too good, not too bad",517,298,136,951,3,Neutral,
3830,26-06-2025,Instagram,India,Entertainment,27,Female,Had a terrible experience using this service,769,144,199,1112,1,Negative,
3831,18-03-2026,Twitter,UK,Entertainment,45,Female,"The product is okay, nothing special about it",501,272,22,795,3,Neutral,
3832,02-03-2026,Twitter,Canada,Education,31,Female,It is acceptable for the price,643,106,198,947,3,Neutral,
3833,09-06-2025,Facebook,UK,Sports,22,Male,I recently bought this and it exceeded my expectations,830,59,167,1056,5,Positive,
3834,19-07-2025,Twitter,Canada,Technology,23,Male,"Not too good, not too bad",521,202,42,765,3,Neutral,
3835,31-08-2025,Twitter,UK,Product,18,Male,Amazing quality and fast delivery,392,100,36,528,4,Positive,
3836,13-10-2025,Twitter,India,Education,24,Female,Amazing quality and fast delivery,599,210,184,993,4,Positive,
3837,07-09-2025,Twitter,UK,Sports,30,Male,"The product is okay, nothing special about it",458,278,166,902,3,Neutral,
3838,13-09-2025,Twitter,UK,Politics,18,Male,"Absolutely loved the experience, highly recommended",781,297,138,1216,5,Positive,
3839,20-02-2026,Twitter,Canada,Product,40,Female,I recently bought this and it exceeded my expectations,387,274,103,764,4,Positive,
3840,09-05-2025,Twitter,UK,Entertainment,29,Female,"Waste of money, not recommended",715,62,176,953,1,Negative,
3841,22-07-2025,Facebook,USA,Education,57,Male,Very disappointed with the product quality,784,127,169,1080,2,Negative,
3842,13-03-2026,Facebook,Australia,Sports,37,Female,"Absolutely loved the experience, highly recommended",930,189,198,1317,5,Positive,
3843,26-01-2026,Facebook,Canada,Product,47,Female,The product did not meet my expectations,563,128,29,720,2,Negative,
3844,28-09-2025,Twitter,Australia,Technology,42,Female,I recently bought this and it exceeded my expectations,803,94,47,944,5,Positive,
3845,25-12-2025,Facebook,USA,Politics,27,Female,It works fine but has some minor issues,487,147,114,748,3,Neutral,
3846,04-08-2025,Facebook,India,Sports,39,Female,It is acceptable for the price,109,30,196,335,3,Neutral,
3847,07-04-2025,Twitter,UK,Technology,22,Female,"The product is okay, nothing special about it",897,128,49,1074,3,Neutral,
3848,21-11-2025,Twitter,Australia,Product,36,Male,"Not too good, not too bad",528,286,187,1001,3,Neutral,
3849,09-01-2026,Twitter,India,Politics,56,Female,This is one of the best services I have ever used,264,54,140,458,5,Positive,
3850,19-04-2025,Twitter,India,Education,39,Male,I recently bought this and it exceeded my expectations,970,34,154,1158,4,Positive,
3851,10-11-2025,Facebook,India,Product,18,Female,This is one of the best services I have ever used,556,53,180,789,4,Positive,
3852,29-10-2025,Twitter,Canada,Health,37,Female,It is acceptable for the price,149,110,69,328,3,Neutral,
3853,20-03-2026,Facebook,Australia,Technology,50,Female,Had a terrible experience using this service,85,122,25,232,1,Negative,
3854,08-09-2025,Twitter,Australia,Health,34,Male,"Waste of money, not recommended",169,258,46,473,2,Negative,
3855,08-02-2026,Twitter,UK,Health,53,Female,Had a terrible experience using this service,677,257,145,1079,2,Negative,
3856,09-12-2025,Facebook,India,Technology,40,Male,"The product is okay, nothing special about it",545,241,49,835,3,Neutral,
3857,27-10-2025,Facebook,Canada,Technology,37,Female,It works fine but has some minor issues,439,107,13,559,3,Neutral,
3858,23-12-2025,Facebook,Australia,Sports,59,Male,Had a terrible experience using this service,586,141,162,889,2,Negative,
3859,05-02-2026,Instagram,UK,Health,19,Male,"Absolutely loved the experience, highly recommended",139,215,96,450,4,Positive,
3860,28-01-2026,Instagram,India,Technology,29,Male,Poor performance and bad customer support,437,135,153,725,2,Negative,
3861,25-05-2025,Twitter,Canada,Technology,26,Male,It works fine but has some minor issues,451,176,26,653,3,Neutral,
3862,10-05-2025,Twitter,USA,Product,54,Male,Amazing quality and fast delivery,360,104,61,525,4,Positive,
3863,11-04-2025,Instagram,UK,Politics,50,Male,"Absolutely loved the experience, highly recommended",693,172,160,1025,5,Positive,
3864,14-09-2025,Instagram,India,Education,25,Female,I recently bought this and it exceeded my expectations,592,163,113,868,4,Positive,
3865,21-09-2025,Twitter,Canada,Politics,55,Male,Very satisfied with the overall performance,853,35,170,1058,4,Positive,
3866,23-10-2025,Instagram,USA,Entertainment,21,Female,Had a terrible experience using this service,639,24,193,856,2,Negative,
3867,24-11-2025,Facebook,Australia,Entertainment,22,Male,Very satisfied with the overall performance,374,197,33,604,5,Positive,
3868,03-01-2026,Twitter,India,Health,54,Male,Had a terrible experience using this service,421,15,6,442,2,Negative,
3869,24-08-2025,Twitter,Canada,Education,58,Female,Amazing quality and fast delivery,265,62,39,366,5,Positive,
3870,23-04-2025,Facebook,India,Entertainment,47,Female,It is acceptable for the price,113,151,70,334,3,Neutral,
3871,24-12-2025,Instagram,UK,Sports,35,Female,It is acceptable for the price,147,222,47,416,3,Neutral,
3872,03-08-2025,Instagram,UK,Health,55,Female,It is acceptable for the price,313,183,133,629,3,Neutral,
3873,14-03-2026,Twitter,USA,Product,45,Female,The product did not meet my expectations,897,124,175,1196,1,Negative,
3874,20-11-2025,Facebook,Australia,Product,52,Female,Poor performance and bad customer support,539,265,138,942,2,Negative,
3875,02-10-2025,Instagram,India,Product,39,Male,"Absolutely loved the experience, highly recommended",259,48,53,360,5,Positive,
3876,08-11-2025,Twitter,USA,Health,23,Male,Very satisfied with the overall performance,481,137,46,664,5,Positive,
3877,04-06-2025,Instagram,India,Health,32,Male,Poor performance and bad customer support,448,142,191,781,1,Negative,
3878,09-01-2026,Instagram,UK,Health,32,Male,This is one of the best services I have ever used,889,61,23,973,4,Positive,
3879,31-10-2025,Twitter,UK,Politics,46,Male,"The product is okay, nothing special about it",285,286,99,670,3,Neutral,
3880,15-10-2025,Twitter,India,Product,50,Male,This is one of the best services I have ever used,784,194,91,1069,5,Positive,
3881,25-10-2025,Facebook,Australia,Technology,36,Female,I recently bought this and it exceeded my expectations,706,103,143,952,5,Positive,
3882,02-11-2025,Instagram,India,Product,32,Male,I recently bought this and it exceeded my expectations,461,223,54,738,4,Positive,
3883,08-02-2026,Twitter,Canada,Sports,21,Male,The product did not meet my expectations,942,219,85,1246,2,Negative,
3884,23-09-2025,Twitter,Canada,Entertainment,21,Female,"The product is okay, nothing special about it",418,27,33,478,3,Neutral,
3885,15-07-2025,Twitter,USA,Education,34,Female,Poor performance and bad customer support,755,147,9,911,2,Negative,
3886,04-08-2025,Facebook,India,Sports,59,Female,Very satisfied with the overall performance,223,116,154,493,5,Positive,
3887,11-05-2025,Twitter,India,Education,21,Female,It works fine but has some minor issues,830,177,106,1113,3,Neutral,
3888,04-08-2025,Instagram,Australia,Education,39,Male,"The product is okay, nothing special about it",774,74,109,957,3,Neutral,
3889,21-06-2025,Twitter,UK,Product,45,Male,Poor performance and bad customer support,674,40,124,838,1,Negative,
3890,04-08-2025,Instagram,UK,Education,48,Female,Very disappointed with the product quality,388,117,80,585,1,Negative,
3891,08-03-2026,Twitter,India,Technology,47,Female,Very disappointed with the product quality,325,179,72,576,2,Negative,
3892,12-04-2025,Instagram,Australia,Product,56,Male,The product did not meet my expectations,710,257,71,1038,1,Negative,
3893,23-08-2025,Instagram,Canada,Technology,56,Male,Very disappointed with the product quality,961,97,68,1126,2,Negative,
3894,10-05-2025,Instagram,USA,Entertainment,34,Male,Amazing quality and fast delivery,686,272,183,1141,4,Positive,
3895,25-01-2026,Facebook,USA,Health,25,Female,Very disappointed with the product quality,301,33,174,508,2,Negative,
3896,08-09-2025,Twitter,India,Education,24,Male,The product did not meet my expectations,75,44,77,196,1,Negative,
3897,02-04-2025,Instagram,UK,Education,30,Male,I recently bought this and it exceeded my expectations,621,174,68,863,5,Positive,
3898,16-03-2026,Instagram,UK,Health,20,Female,It is acceptable for the price,444,293,146,883,3,Neutral,
3899,16-01-2026,Instagram,USA,Technology,48,Female,This is one of the best services I have ever used,747,116,36,899,4,Positive,
3900,06-08-2025,Instagram,Australia,Health,19,Female,It is acceptable for the price,659,207,45,911,3,Neutral,
3901,07-06-2025,Facebook,USA,Education,49,Female,Amazing quality and fast delivery,822,298,135,1255,5,Positive,
3902,09-08-2025,Instagram,Canada,Health,49,Male,"Waste of money, not recommended",893,283,95,1271,2,Negative,
3903,18-11-2025,Twitter,Canada,Politics,27,Male,"Not too good, not too bad",815,194,38,1047,3,Neutral,
3904,30-08-2025,Facebook,Australia,Product,36,Male,The product did not meet my expectations,363,292,71,726,2,Negative,
3905,14-08-2025,Facebook,Australia,Technology,45,Male,Very disappointed with the product quality,550,147,40,737,1,Negative,
3906,24-02-2026,Twitter,UK,Education,39,Female,"The product is okay, nothing special about it",731,238,91,1060,3,Neutral,
3907,08-07-2025,Facebook,USA,Technology,57,Male,"Average experience, could be improved",730,41,144,915,3,Neutral,
3908,02-09-2025,Facebook,UK,Education,40,Female,The product did not meet my expectations,310,242,30,582,1,Negative,
3909,15-04-2025,Facebook,India,Technology,59,Female,This is one of the best services I have ever used,125,114,89,328,4,Positive,
3910,09-02-2026,Instagram,UK,Health,44,Male,Very disappointed with the product quality,940,11,159,1110,2,Negative,
3911,29-03-2025,Instagram,USA,Politics,18,Female,Very disappointed with the product quality,130,294,122,546,1,Negative,
3912,16-06-2025,Facebook,USA,Technology,25,Female,"The product is okay, nothing special about it",148,139,6,293,3,Neutral,
3913,28-10-2025,Twitter,Canada,Technology,19,Male,"Not too good, not too bad",658,191,15,864,3,Neutral,
3914,25-10-2025,Twitter,UK,Health,35,Female,Poor performance and bad customer support,801,267,119,1187,1,Negative,
3915,02-03-2026,Twitter,Australia,Health,57,Male,Poor performance and bad customer support,584,277,17,878,1,Negative,
3916,05-10-2025,Facebook,India,Technology,59,Female,Had a terrible experience using this service,363,269,130,762,1,Negative,
3917,30-05-2025,Twitter,India,Entertainment,18,Male,Very satisfied with the overall performance,908,138,79,1125,5,Positive,
3918,30-04-2025,Instagram,USA,Sports,40,Female,"Absolutely loved the experience, highly recommended",882,16,66,964,4,Positive,
3919,11-04-2025,Instagram,India,Education,41,Male,"Average experience, could be improved",224,235,107,566,3,Neutral,
3920,13-01-2026,Facebook,India,Product,25,Male,This is one of the best services I have ever used,569,281,34,884,4,Positive,
3921,29-08-2025,Instagram,Australia,Product,24,Male,Amazing quality and fast delivery,734,228,23,985,4,Positive,
3922,03-05-2025,Facebook,India,Product,43,Male,The product did not meet my expectations,752,115,174,1041,2,Negative,
3923,04-04-2025,Instagram,USA,Entertainment,31,Male,"The product is okay, nothing special about it",329,205,200,734,3,Neutral,
3924,24-02-2026,Facebook,USA,Education,26,Female,"Average experience, could be improved",354,248,66,668,3,Neutral,
3925,19-04-2025,Facebook,Canada,Health,32,Female,Very disappointed with the product quality,94,200,190,484,1,Negative,
3926,21-11-2025,Instagram,India,Technology,48,Female,Very satisfied with the overall performance,507,27,152,686,5,Positive,
3927,26-05-2025,Instagram,USA,Product,55,Female,Had a terrible experience using this service,590,92,103,785,2,Negative,
3928,11-04-2025,Facebook,India,Politics,47,Female,I recently bought this and it exceeded my expectations,439,296,118,853,5,Positive,
3929,19-11-2025,Instagram,Australia,Health,46,Male,The product did not meet my expectations,138,155,59,352,2,Negative,
3930,16-11-2025,Facebook,Australia,Entertainment,54,Female,It works fine but has some minor issues,853,55,161,1069,3,Neutral,
3931,20-02-2026,Instagram,Canada,Politics,34,Female,"Absolutely loved the experience, highly recommended",732,103,174,1009,4,Positive,
3932,09-04-2025,Facebook,UK,Product,35,Female,Very satisfied with the overall performance,878,266,107,1251,4,Positive,
3933,15-07-2025,Instagram,India,Technology,54,Female,"Absolutely loved the experience, highly recommended",913,242,96,1251,5,Positive,
3934,12-04-2025,Instagram,UK,Politics,51,Male,It works fine but has some minor issues,138,162,33,333,3,Neutral,
3935,13-02-2026,Instagram,India,Product,34,Female,It is acceptable for the price,84,236,131,451,3,Neutral,
3936,02-06-2025,Facebook,UK,Technology,54,Female,Amazing quality and fast delivery,569,245,35,849,4,Positive,
3937,01-01-2026,Facebook,USA,Sports,26,Female,Amazing quality and fast delivery,912,38,82,1032,5,Positive,
3938,26-09-2025,Instagram,Canada,Technology,33,Female,"Average experience, could be improved",397,290,143,830,3,Neutral,
3939,07-11-2025,Twitter,Canada,Entertainment,57,Male,"Average experience, could be improved",839,184,135,1158,3,Neutral,
3940,06-12-2025,Twitter,USA,Health,38,Female,It works fine but has some minor issues,999,262,164,1425,3,Neutral,
3941,11-12-2025,Instagram,USA,Entertainment,55,Female,This is one of the best services I have ever used,849,197,51,1097,4,Positive,
3942,17-04-2025,Twitter,USA,Sports,55,Female,"The product is okay, nothing special about it",452,82,46,580,3,Neutral,
3943,30-10-2025,Instagram,Australia,Health,34,Female,Poor performance and bad customer support,974,198,37,1209,1,Negative,
3944,30-09-2025,Instagram,Australia,Health,55,Female,"The product is okay, nothing special about it",305,69,132,506,3,Neutral,
3945,22-05-2025,Instagram,UK,Product,52,Male,Poor performance and bad customer support,790,187,153,1130,2,Negative,
3946,19-11-2025,Facebook,Canada,Sports,59,Male,It works fine but has some minor issues,718,38,187,943,3,Neutral,
3947,20-08-2025,Facebook,USA,Product,28,Male,This is one of the best services I have ever used,467,90,128,685,5,Positive,
3948,28-11-2025,Twitter,Australia,Product,30,Male,It is acceptable for the price,864,183,89,1136,3,Neutral,
3949,30-01-2026,Instagram,India,Technology,26,Male,"Not too good, not too bad",370,117,142,629,3,Neutral,
3950,20-02-2026,Instagram,Australia,Education,48,Female,It works fine but has some minor issues,635,137,134,906,3,Neutral,
3951,30-06-2025,Facebook,Australia,Product,42,Male,"Absolutely loved the experience, highly recommended",790,230,108,1128,5,Positive,
3952,17-05-2025,Facebook,India,Entertainment,34,Female,"Waste of money, not recommended",340,202,93,635,2,Negative,
3953,01-07-2025,Twitter,India,Education,48,Female,It works fine but has some minor issues,173,276,77,526,3,Neutral,
3954,07-12-2025,Instagram,USA,Health,40,Female,"The product is okay, nothing special about it",74,300,44,418,3,Neutral,
3955,19-05-2025,Facebook,India,Sports,20,Female,"The product is okay, nothing special about it",966,43,92,1101,3,Neutral,
3956,13-06-2025,Instagram,USA,Education,18,Female,Very satisfied with the overall performance,144,143,140,427,4,Positive,
3957,12-05-2025,Instagram,UK,Politics,44,Female,"Waste of money, not recommended",965,222,74,1261,1,Negative,
3958,01-11-2025,Twitter,Canada,Health,59,Male,Had a terrible experience using this service,695,280,6,981,1,Negative,
3959,23-10-2025,Instagram,UK,Entertainment,48,Male,"Waste of money, not recommended",214,224,105,543,2,Negative,
3960,17-09-2025,Facebook,UK,Health,54,Male,It works fine but has some minor issues,83,195,182,460,3,Neutral,
3961,04-06-2025,Twitter,India,Politics,46,Male,"Average experience, could be improved",295,166,74,535,3,Neutral,
3962,19-03-2026,Facebook,UK,Product,35,Female,"Average experience, could be improved",613,35,179,827,3,Neutral,
3963,12-02-2026,Instagram,USA,Health,40,Female,"Absolutely loved the experience, highly recommended",89,169,120,378,4,Positive,
3964,18-10-2025,Twitter,UK,Sports,23,Female,The product did not meet my expectations,985,82,161,1228,1,Negative,
3965,17-02-2026,Facebook,India,Health,40,Male,It works fine but has some minor issues,696,235,17,948,3,Neutral,
3966,01-02-2026,Instagram,India,Education,35,Male,"Waste of money, not recommended",429,234,107,770,2,Negative,
3967,04-04-2025,Facebook,Canada,Education,35,Male,It is acceptable for the price,901,273,102,1276,3,Neutral,
3968,01-10-2025,Instagram,Australia,Sports,21,Male,The product did not meet my expectations,421,217,48,686,1,Negative,
3969,05-06-2025,Instagram,India,Sports,48,Male,It is acceptable for the price,535,291,18,844,3,Neutral,
3970,10-07-2025,Instagram,UK,Health,48,Male,"Waste of money, not recommended",964,36,176,1176,1,Negative,
3971,19-06-2025,Facebook,Canada,Entertainment,55,Male,It works fine but has some minor issues,782,24,171,977,3,Neutral,
3972,20-01-2026,Facebook,Canada,Health,39,Female,"Absolutely loved the experience, highly recommended",241,100,75,416,4,Positive,
3973,22-01-2026,Instagram,Australia,Entertainment,31,Female,"Average experience, could be improved",812,161,109,1082,3,Neutral,
3974,15-09-2025,Twitter,Australia,Health,58,Female,"The product is okay, nothing special about it",200,77,13,290,3,Neutral,
3975,03-12-2025,Facebook,India,Technology,59,Female,"Average experience, could be improved",679,39,102,820,3,Neutral,
3976,30-03-2025,Instagram,Australia,Health,24,Male,Had a terrible experience using this service,524,151,196,871,1,Negative,
3977,21-07-2025,Facebook,Canada,Education,41,Male,Had a terrible experience using this service,293,186,62,541,2,Negative,
3978,14-07-2025,Instagram,UK,Technology,36,Male,"Average experience, could be improved",830,285,42,1157,3,Neutral,
3979,31-03-2025,Facebook,UK,Technology,24,Female,"Waste of money, not recommended",380,282,144,806,2,Negative,
3980,29-09-2025,Twitter,USA,Health,47,Female,"Absolutely loved the experience, highly recommended",656,150,115,921,5,Positive,
3981,16-02-2026,Facebook,Australia,Sports,49,Female,Amazing quality and fast delivery,250,182,150,582,4,Positive,
3982,28-04-2025,Facebook,Canada,Politics,47,Male,It is acceptable for the price,478,258,22,758,3,Neutral,
3983,03-11-2025,Facebook,UK,Technology,41,Male,Poor performance and bad customer support,657,264,154,1075,1,Negative,
3984,16-09-2025,Twitter,India,Product,28,Male,"Waste of money, not recommended",772,44,131,947,2,Negative,
3985,12-02-2026,Twitter,UK,Health,28,Female,It is acceptable for the price,180,43,35,258,3,Neutral,
3986,23-09-2025,Facebook,Canada,Politics,55,Female,Amazing quality and fast delivery,610,295,170,1075,4,Positive,
3987,14-04-2025,Instagram,Australia,Entertainment,23,Female,This is one of the best services I have ever used,494,202,37,733,4,Positive,
3988,25-09-2025,Twitter,Australia,Politics,43,Male,The product did not meet my expectations,996,75,115,1186,2,Negative,
3989,29-03-2025,Instagram,Canada,Product,55,Female,It is acceptable for the price,145,252,129,526,3,Neutral,
3990,14-03-2026,Instagram,Australia,Product,22,Female,I recently bought this and it exceeded my expectations,534,229,78,841,5,Positive,
3991,18-01-2026,Facebook,Australia,Technology,27,Male,"Average experience, could be improved",168,105,12,285,3,Neutral,
3992,30-08-2025,Facebook,India,Entertainment,42,Male,This is one of the best services I have ever used,318,38,134,490,5,Positive,
3993,01-12-2025,Instagram,Canada,Technology,28,Male,Poor performance and bad customer support,321,133,174,628,2,Negative,
3994,14-10-2025,Instagram,Australia,Health,45,Male,It works fine but has some minor issues,834,92,91,1017,3,Neutral,
3995,09-12-2025,Facebook,UK,Entertainment,59,Male,I recently bought this and it exceeded my expectations,407,41,114,562,5,Positive,
3996,07-12-2025,Instagram,USA,Technology,44,Female,Poor performance and bad customer support,119,285,184,588,2,Negative,
3997,19-01-2026,Instagram,USA,Sports,40,Male,"Waste of money, not recommended",683,32,53,768,2,Negative,
3998,25-02-2026,Twitter,Canada,Education,48,Male,The product did not meet my expectations,145,18,60,223,1,Negative,
3999,14-07-2025,Instagram,USA,Product,19,Male,"Average experience, could be improved",621,88,33,742,3,Neutral,
4000,19-04-2025,Facebook,UK,Technology,29,Male,"Not too good, not too bad",382,22,190,594,3,Neutral,
4001,13-04-2025,Twitter,UK,Politics,47,Female,"Not too good, not too bad",569,164,154,887,3,Neutral,
4002,27-04-2025,Instagram,India,Product,36,Male,"The product is okay, nothing special about it",386,93,140,619,3,Neutral,
4003,17-04-2025,Facebook,Canada,Product,51,Female,It works fine but has some minor issues,210,30,72,312,3,Neutral,
4004,18-10-2025,Twitter,India,Technology,41,Female,Very disappointed with the product quality,728,185,192,1105,2,Negative,
4005,19-04-2025,Instagram,India,Technology,47,Male,This is one of the best services I have ever used,922,95,42,1059,5,Positive,
4006,11-01-2026,Twitter,UK,Entertainment,48,Male,"Waste of money, not recommended",444,46,177,667,1,Negative,
4007,22-04-2025,Twitter,UK,Health,49,Male,I recently bought this and it exceeded my expectations,306,299,182,787,4,Positive,
4008,17-05-2025,Instagram,USA,Technology,19,Male,Amazing quality and fast delivery,520,92,54,666,4,Positive,
4009,07-03-2026,Facebook,Australia,Entertainment,33,Female,It works fine but has some minor issues,706,185,81,972,3,Neutral,
4010,27-01-2026,Facebook,India,Health,54,Male,Very disappointed with the product quality,356,206,19,581,1,Negative,
4011,04-01-2026,Facebook,Canada,Entertainment,53,Male,"Waste of money, not recommended",547,159,90,796,1,Negative,
4012,12-05-2025,Twitter,Canada,Technology,29,Male,It is acceptable for the price,814,118,161,1093,3,Neutral,
4013,14-08-2025,Facebook,UK,Technology,53,Female,Amazing quality and fast delivery,774,252,66,1092,4,Positive,
4014,13-11-2025,Instagram,USA,Health,49,Female,This is one of the best services I have ever used,519,107,144,770,5,Positive,
4015,08-07-2025,Instagram,India,Product,55,Female,This is one of the best services I have ever used,101,231,197,529,5,Positive,
4016,15-07-2025,Instagram,India,Sports,56,Male,"Average experience, could be improved",138,242,154,534,3,Neutral,
4017,02-10-2025,Facebook,UK,Entertainment,56,Female,Amazing quality and fast delivery,528,118,119,765,5,Positive,
4018,08-02-2026,Instagram,India,Education,51,Female,Very satisfied with the overall performance,447,109,16,572,5,Positive,
4019,31-01-2026,Facebook,India,Entertainment,19,Male,Very satisfied with the overall performance,255,228,32,515,5,Positive,
4020,13-12-2025,Twitter,Canada,Product,23,Female,Very satisfied with the overall performance,96,117,105,318,5,Positive,
4021,30-08-2025,Instagram,Australia,Technology,52,Female,This is one of the best services I have ever used,867,128,107,1102,4,Positive,
4022,27-08-2025,Facebook,USA,Technology,41,Female,Very satisfied with the overall performance,543,238,59,840,4,Positive,
4023,01-09-2025,Twitter,UK,Education,26,Male,"Average experience, could be improved",986,40,9,1035,3,Neutral,
4024,05-11-2025,Twitter,UK,Product,36,Female,It is acceptable for the price,856,284,28,1168,3,Neutral,
4025,02-12-2025,Twitter,Canada,Product,28,Female,Poor performance and bad customer support,276,251,58,585,2,Negative,
4026,31-07-2025,Facebook,Australia,Health,43,Female,Amazing quality and fast delivery,693,48,75,816,4,Positive,
4027,29-08-2025,Twitter,India,Politics,21,Female,Very disappointed with the product quality,235,35,10,280,2,Negative,
4028,27-04-2025,Facebook,India,Technology,29,Female,This is one of the best services I have ever used,92,200,85,377,5,Positive,
4029,25-10-2025,Instagram,UK,Product,41,Female,Very satisfied with the overall performance,317,187,63,567,5,Positive,
4030,11-09-2025,Instagram,Australia,Sports,38,Female,It is acceptable for the price,289,20,153,462,3,Neutral,
4031,28-05-2025,Twitter,India,Entertainment,47,Male,I recently bought this and it exceeded my expectations,399,122,47,568,5,Positive,
4032,20-11-2025,Twitter,Australia,Politics,36,Female,Amazing quality and fast delivery,78,223,39,340,5,Positive,
4033,29-09-2025,Twitter,Australia,Product,60,Female,The product did not meet my expectations,732,129,147,1008,1,Negative,
4034,12-01-2026,Instagram,UK,Sports,22,Male,"Waste of money, not recommended",470,185,69,724,2,Negative,
4035,28-03-2025,Instagram,UK,Education,37,Female,"Not too good, not too bad",107,191,44,342,3,Neutral,
4036,21-02-2026,Twitter,UK,Technology,60,Male,Very satisfied with the overall performance,521,26,179,726,5,Positive,
4037,03-02-2026,Twitter,Australia,Product,42,Male,Amazing quality and fast delivery,907,203,195,1305,5,Positive,
4038,27-10-2025,Instagram,USA,Education,37,Female,"The product is okay, nothing special about it",164,162,95,421,3,Neutral,
4039,08-02-2026,Instagram,India,Technology,28,Female,"Waste of money, not recommended",488,62,166,716,2,Negative,
4040,04-04-2025,Instagram,USA,Sports,46,Female,"The product is okay, nothing special about it",817,275,44,1136,3,Neutral,
4041,17-01-2026,Facebook,USA,Education,41,Male,It works fine but has some minor issues,784,237,166,1187,3,Neutral,
4042,12-07-2025,Facebook,USA,Product,25,Female,"Not too good, not too bad",982,21,48,1051,3,Neutral,
4043,22-11-2025,Twitter,India,Politics,51,Male,I recently bought this and it exceeded my expectations,684,14,112,810,4,Positive,
4044,31-05-2025,Facebook,USA,Health,23,Male,It is acceptable for the price,614,225,80,919,3,Neutral,
4045,05-03-2026,Facebook,USA,Education,58,Female,It is acceptable for the price,107,67,28,202,3,Neutral,
4046,31-10-2025,Twitter,USA,Technology,60,Female,It is acceptable for the price,555,127,156,838,3,Neutral,
4047,08-03-2026,Facebook,Canada,Technology,46,Female,Very satisfied with the overall performance,207,95,174,476,4,Positive,
4048,24-06-2025,Twitter,USA,Sports,54,Female,"The product is okay, nothing special about it",911,297,94,1302,3,Neutral,
4049,06-01-2026,Twitter,USA,Entertainment,39,Female,"Not too good, not too bad",599,93,54,746,3,Neutral,
4050,18-06-2025,Instagram,USA,Technology,43,Male,Amazing quality and fast delivery,469,13,133,615,5,Positive,
4051,12-02-2026,Facebook,UK,Product,55,Female,Poor performance and bad customer support,454,250,31,735,1,Negative,
4052,10-05-2025,Twitter,Australia,Health,32,Female,Very disappointed with the product quality,395,271,188,854,2,Negative,
4053,24-05-2025,Twitter,USA,Sports,48,Male,Had a terrible experience using this service,289,91,140,520,2,Negative,
4054,01-11-2025,Instagram,UK,Politics,45,Male,It is acceptable for the price,378,178,34,590,3,Neutral,
4055,26-02-2026,Instagram,India,Health,51,Male,"Absolutely loved the experience, highly recommended",89,101,121,311,4,Positive,
4056,15-05-2025,Twitter,USA,Product,55,Male,It is acceptable for the price,317,200,53,570,3,Neutral,
4057,07-01-2026,Twitter,USA,Politics,40,Female,"Not too good, not too bad",849,238,86,1173,3,Neutral,
4058,25-06-2025,Twitter,India,Entertainment,58,Male,Had a terrible experience using this service,298,247,18,563,1,Negative,
4059,15-10-2025,Twitter,UK,Product,36,Female,"Average experience, could be improved",259,179,81,519,3,Neutral,
4060,29-11-2025,Facebook,USA,Health,37,Female,It is acceptable for the price,658,291,102,1051,3,Neutral,
4061,28-04-2025,Facebook,USA,Technology,59,Male,"Absolutely loved the experience, highly recommended",583,182,146,911,5,Positive,
4062,02-04-2025,Facebook,Canada,Politics,60,Male,Very disappointed with the product quality,521,244,156,921,2,Negative,
4063,08-06-2025,Twitter,Australia,Technology,53,Male,"The product is okay, nothing special about it",862,237,73,1172,3,Neutral,
4064,17-03-2026,Facebook,UK,Politics,30,Female,This is one of the best services I have ever used,138,121,64,323,5,Positive,
4065,13-07-2025,Facebook,UK,Education,30,Male,Had a terrible experience using this service,496,213,12,721,1,Negative,
4066,04-09-2025,Facebook,USA,Technology,24,Female,Had a terrible experience using this service,817,56,55,928,1,Negative,
4067,27-02-2026,Instagram,Canada,Technology,58,Male,"Waste of money, not recommended",745,132,123,1000,1,Negative,
4068,17-05-2025,Instagram,UK,Entertainment,22,Male,This is one of the best services I have ever used,630,96,188,914,5,Positive,
4069,07-08-2025,Instagram,USA,Sports,48,Female,I recently bought this and it exceeded my expectations,199,272,125,596,4,Positive,
4070,26-11-2025,Instagram,USA,Entertainment,45,Female,"Waste of money, not recommended",153,221,47,421,2,Negative,
4071,12-10-2025,Twitter,USA,Technology,50,Female,Poor performance and bad customer support,136,163,22,321,1,Negative,
4072,27-02-2026,Instagram,USA,Sports,28,Male,The product did not meet my expectations,874,12,153,1039,1,Negative,
4073,21-10-2025,Instagram,USA,Product,18,Female,The product did not meet my expectations,290,90,102,482,1,Negative,
4074,14-05-2025,Facebook,Australia,Health,59,Male,It works fine but has some minor issues,708,290,188,1186,3,Neutral,
4075,04-02-2026,Facebook,USA,Sports,34,Female,Amazing quality and fast delivery,810,285,51,1146,4,Positive,
4076,31-03-2025,Facebook,Canada,Technology,28,Male,It works fine but has some minor issues,76,26,128,230,3,Neutral,
4077,03-02-2026,Twitter,Australia,Education,28,Female,"Absolutely loved the experience, highly recommended",371,14,149,534,5,Positive,
4078,06-01-2026,Instagram,Australia,Education,19,Male,"Waste of money, not recommended",961,281,190,1432,2,Negative,
4079,12-04-2025,Twitter,UK,Entertainment,34,Male,"Waste of money, not recommended",696,133,132,961,1,Negative,
4080,29-07-2025,Facebook,Canada,Technology,42,Male,It is acceptable for the price,646,229,186,1061,3,Neutral,
4081,30-06-2025,Instagram,UK,Politics,45,Female,"Waste of money, not recommended",587,152,41,780,1,Negative,
4082,10-03-2026,Facebook,UK,Politics,57,Female,This is one of the best services I have ever used,455,179,167,801,4,Positive,
4083,03-03-2026,Instagram,Canada,Education,48,Female,"Waste of money, not recommended",632,84,24,740,2,Negative,
4084,09-05-2025,Facebook,Canada,Health,27,Female,This is one of the best services I have ever used,382,127,66,575,5,Positive,
4085,02-08-2025,Instagram,Australia,Health,30,Male,It works fine but has some minor issues,801,239,155,1195,3,Neutral,
4086,29-08-2025,Instagram,UK,Education,59,Female,"The product is okay, nothing special about it",584,143,106,833,3,Neutral,
4087,24-12-2025,Twitter,India,Health,35,Female,It is acceptable for the price,283,140,134,557,3,Neutral,
4088,22-11-2025,Facebook,UK,Politics,43,Male,Amazing quality and fast delivery,142,242,143,527,4,Positive,
4089,07-03-2026,Facebook,India,Entertainment,19,Male,"The product is okay, nothing special about it",850,281,73,1204,3,Neutral,
4090,15-10-2025,Instagram,Australia,Sports,20,Male,Very disappointed with the product quality,618,13,112,743,2,Negative,
4091,05-12-2025,Facebook,UK,Health,60,Male,Had a terrible experience using this service,592,175,147,914,2,Negative,
4092,23-07-2025,Facebook,India,Product,32,Male,It is acceptable for the price,87,169,86,342,3,Neutral,
4093,18-11-2025,Twitter,Australia,Technology,18,Female,The product did not meet my expectations,502,59,132,693,1,Negative,
4094,05-09-2025,Facebook,India,Education,60,Male,"Waste of money, not recommended",532,78,136,746,1,Negative,
4095,25-10-2025,Facebook,India,Product,59,Female,Very disappointed with the product quality,247,46,38,331,1,Negative,
4096,17-10-2025,Twitter,UK,Health,29,Male,I recently bought this and it exceeded my expectations,476,30,193,699,4,Positive,
4097,25-02-2026,Instagram,UK,Product,54,Female,The product did not meet my expectations,923,42,84,1049,2,Negative,
4098,18-12-2025,Instagram,USA,Health,26,Male,Amazing quality and fast delivery,737,224,91,1052,4,Positive,
4099,05-08-2025,Facebook,India,Product,31,Male,The product did not meet my expectations,953,299,138,1390,2,Negative,
4100,23-03-2026,Instagram,Canada,Technology,34,Female,Poor performance and bad customer support,870,282,14,1166,1,Negative,
4101,14-05-2025,Instagram,India,Technology,49,Male,"Absolutely loved the experience, highly recommended",765,171,60,996,5,Positive,
4102,29-01-2026,Twitter,Canada,Technology,51,Male,This is one of the best services I have ever used,410,221,67,698,5,Positive,
4103,10-05-2025,Instagram,USA,Sports,24,Female,Very satisfied with the overall performance,460,115,113,688,4,Positive,
4104,01-09-2025,Twitter,UK,Product,38,Male,Very disappointed with the product quality,842,139,67,1048,2,Negative,
4105,18-11-2025,Instagram,India,Politics,30,Male,This is one of the best services I have ever used,667,184,127,978,4,Positive,
4106,07-07-2025,Facebook,Australia,Health,35,Male,Very disappointed with the product quality,108,137,148,393,1,Negative,
4107,26-01-2026,Facebook,India,Technology,51,Female,This is one of the best services I have ever used,540,172,66,778,4,Positive,
4108,02-01-2026,Facebook,USA,Politics,27,Male,Had a terrible experience using this service,310,101,57,468,2,Negative,
4109,11-05-2025,Facebook,Australia,Education,29,Female,I recently bought this and it exceeded my expectations,532,299,62,893,4,Positive,
4110,11-10-2025,Facebook,India,Sports,43,Female,"Waste of money, not recommended",311,20,64,395,2,Negative,
4111,25-09-2025,Twitter,USA,Health,48,Male,Had a terrible experience using this service,461,73,186,720,2,Negative,
4112,27-07-2025,Instagram,India,Sports,20,Female,This is one of the best services I have ever used,761,59,192,1012,4,Positive,
4113,07-04-2025,Instagram,Australia,Product,46,Female,"The product is okay, nothing special about it",174,284,56,514,3,Neutral,
4114,15-08-2025,Facebook,UK,Product,29,Female,"The product is okay, nothing special about it",929,209,46,1184,3,Neutral,
4115,15-03-2026,Facebook,Australia,Health,23,Male,Very satisfied with the overall performance,347,64,47,458,5,Positive,
4116,28-12-2025,Facebook,Canada,Politics,33,Male,Had a terrible experience using this service,790,158,29,977,2,Negative,
4117,29-07-2025,Facebook,India,Health,49,Male,The product did not meet my expectations,809,228,45,1082,2,Negative,
4118,10-03-2026,Instagram,Canada,Education,27,Male,I recently bought this and it exceeded my expectations,235,262,88,585,5,Positive,
4119,03-10-2025,Facebook,USA,Technology,36,Male,"The product is okay, nothing special about it",367,65,79,511,3,Neutral,
4120,01-05-2025,Twitter,UK,Technology,53,Male,This is one of the best services I have ever used,218,110,42,370,4,Positive,
4121,06-03-2026,Instagram,Canada,Technology,18,Female,Very disappointed with the product quality,978,244,47,1269,2,Negative,
4122,12-03-2026,Instagram,UK,Sports,37,Male,"Absolutely loved the experience, highly recommended",409,119,85,613,4,Positive,
4123,05-09-2025,Twitter,Australia,Education,50,Female,"The product is okay, nothing special about it",856,251,109,1216,3,Neutral,
4124,09-07-2025,Facebook,Australia,Politics,50,Male,"Waste of money, not recommended",886,65,104,1055,1,Negative,
4125,30-11-2025,Facebook,India,Product,20,Male,"Not too good, not too bad",863,118,159,1140,3,Neutral,
4126,10-07-2025,Twitter,Australia,Sports,59,Male,It is acceptable for the price,243,176,53,472,3,Neutral,
4127,26-10-2025,Instagram,India,Politics,23,Male,"Average experience, could be improved",599,89,37,725,3,Neutral,
4128,08-09-2025,Twitter,India,Technology,52,Male,The product did not meet my expectations,101,109,9,219,2,Negative,
4129,14-04-2025,Facebook,Australia,Technology,59,Male,Poor performance and bad customer support,88,220,73,381,2,Negative,
4130,22-01-2026,Instagram,Canada,Politics,59,Female,"Not too good, not too bad",223,273,177,673,3,Neutral,
4131,22-10-2025,Twitter,USA,Product,29,Male,This is one of the best services I have ever used,722,135,112,969,4,Positive,
4132,06-04-2025,Facebook,USA,Health,40,Female,The product did not meet my expectations,717,251,71,1039,2,Negative,
4133,22-06-2025,Instagram,Australia,Health,56,Male,This is one of the best services I have ever used,245,90,48,383,4,Positive,
4134,28-06-2025,Facebook,India,Health,18,Female,It is acceptable for the price,846,270,69,1185,3,Neutral,
4135,18-07-2025,Facebook,Canada,Entertainment,22,Male,It is acceptable for the price,596,152,151,899,3,Neutral,
4136,06-08-2025,Instagram,Australia,Sports,43,Male,Had a terrible experience using this service,853,284,133,1270,1,Negative,
4137,01-12-2025,Twitter,Australia,Entertainment,52,Female,Very disappointed with the product quality,852,168,86,1106,1,Negative,
4138,22-07-2025,Twitter,India,Product,30,Female,Poor performance and bad customer support,656,156,176,988,2,Negative,
4139,24-05-2025,Facebook,Canada,Politics,35,Male,"Absolutely loved the experience, highly recommended",941,173,16,1130,4,Positive,
4140,05-02-2026,Facebook,Canada,Technology,58,Male,Amazing quality and fast delivery,853,26,90,969,5,Positive,
4141,26-04-2025,Twitter,UK,Education,51,Male,I recently bought this and it exceeded my expectations,510,119,164,793,5,Positive,
4142,04-07-2025,Instagram,USA,Politics,45,Male,"Absolutely loved the experience, highly recommended",515,228,140,883,4,Positive,
4143,09-12-2025,Twitter,Australia,Entertainment,19,Female,Very satisfied with the overall performance,77,193,93,363,5,Positive,
4144,24-06-2025,Twitter,UK,Product,37,Female,"The product is okay, nothing special about it",261,87,119,467,3,Neutral,
4145,30-09-2025,Instagram,USA,Entertainment,44,Male,The product did not meet my expectations,930,155,34,1119,2,Negative,
4146,05-02-2026,Facebook,UK,Technology,29,Male,"Waste of money, not recommended",752,230,19,1001,2,Negative,
4147,24-06-2025,Facebook,Canada,Technology,56,Female,"The product is okay, nothing special about it",738,136,8,882,3,Neutral,
4148,18-12-2025,Instagram,India,Sports,44,Male,Had a terrible experience using this service,126,230,55,411,2,Negative,
4149,26-04-2025,Instagram,USA,Product,39,Male,Very satisfied with the overall performance,786,68,137,991,4,Positive,
4150,16-10-2025,Twitter,USA,Technology,54,Male,"The product is okay, nothing special about it",963,237,149,1349,3,Neutral,
4151,22-08-2025,Facebook,India,Politics,53,Male,The product did not meet my expectations,227,103,129,459,2,Negative,
4152,16-01-2026,Instagram,UK,Product,25,Male,It works fine but has some minor issues,244,260,184,688,3,Neutral,
4153,18-12-2025,Instagram,USA,Education,51,Female,"Not too good, not too bad",587,200,8,795,3,Neutral,
4154,12-09-2025,Facebook,USA,Technology,49,Male,Very disappointed with the product quality,693,108,128,929,2,Negative,
4155,01-03-2026,Instagram,UK,Politics,51,Female,Poor performance and bad customer support,956,131,173,1260,1,Negative,
4156,20-02-2026,Facebook,Canada,Sports,38,Male,It is acceptable for the price,911,243,152,1306,3,Neutral,
4157,27-07-2025,Instagram,USA,Product,20,Male,It works fine but has some minor issues,858,23,136,1017,3,Neutral,
4158,27-01-2026,Facebook,India,Technology,19,Female,"The product is okay, nothing special about it",444,245,26,715,3,Neutral,
4159,22-07-2025,Facebook,USA,Product,33,Male,It is acceptable for the price,936,19,128,1083,3,Neutral,
4160,08-11-2025,Twitter,India,Politics,38,Female,"The product is okay, nothing special about it",570,240,136,946,3,Neutral,
4161,20-08-2025,Facebook,Australia,Health,59,Male,It works fine but has some minor issues,580,243,26,849,3,Neutral,
4162,29-04-2025,Facebook,Canada,Sports,38,Female,"Average experience, could be improved",396,80,102,578,3,Neutral,
4163,27-08-2025,Twitter,USA,Health,22,Female,"Not too good, not too bad",271,114,170,555,3,Neutral,
4164,07-09-2025,Instagram,UK,Health,30,Male,"Average experience, could be improved",591,75,142,808,3,Neutral,
4165,18-05-2025,Facebook,USA,Sports,32,Male,I recently bought this and it exceeded my expectations,919,184,134,1237,4,Positive,
4166,22-02-2026,Facebook,Australia,Product,60,Male,This is one of the best services I have ever used,327,113,152,592,4,Positive,
4167,28-08-2025,Facebook,Canada,Technology,18,Female,Amazing quality and fast delivery,98,177,178,453,4,Positive,
4168,06-08-2025,Instagram,Australia,Education,49,Female,"Average experience, could be improved",539,135,17,691,3,Neutral,
4169,01-08-2025,Facebook,Canada,Entertainment,46,Female,Had a terrible experience using this service,678,20,31,729,2,Negative,
4170,26-05-2025,Facebook,UK,Education,19,Male,"Absolutely loved the experience, highly recommended",665,245,181,1091,5,Positive,
4171,25-06-2025,Instagram,Australia,Politics,29,Female,The product did not meet my expectations,444,294,105,843,2,Negative,
4172,03-02-2026,Twitter,India,Politics,40,Female,"Absolutely loved the experience, highly recommended",479,67,157,703,5,Positive,
4173,07-06-2025,Twitter,India,Entertainment,54,Male,This is one of the best services I have ever used,587,254,153,994,4,Positive,
4174,09-10-2025,Instagram,Australia,Entertainment,29,Male,Poor performance and bad customer support,741,293,94,1128,2,Negative,
4175,28-05-2025,Twitter,Canada,Sports,18,Female,"Waste of money, not recommended",292,114,48,454,1,Negative,
4176,02-06-2025,Twitter,India,Education,46,Male,It works fine but has some minor issues,933,20,36,989,3,Neutral,
4177,27-07-2025,Facebook,USA,Politics,36,Female,This is one of the best services I have ever used,449,285,165,899,5,Positive,
4178,29-05-2025,Instagram,India,Product,39,Male,Had a terrible experience using this service,51,97,102,250,2,Negative,
4179,28-05-2025,Facebook,Australia,Education,40,Male,Very disappointed with the product quality,105,75,73,253,2,Negative,
4180,04-07-2025,Twitter,USA,Technology,38,Female,The product did not meet my expectations,817,32,107,956,2,Negative,
4181,06-08-2025,Instagram,UK,Product,47,Male,"Average experience, could be improved",969,42,138,1149,3,Neutral,
4182,11-09-2025,Instagram,USA,Health,24,Female,It works fine but has some minor issues,897,228,197,1322,3,Neutral,
4183,26-03-2026,Twitter,UK,Technology,60,Female,It works fine but has some minor issues,699,97,63,859,3,Neutral,
4184,26-12-2025,Facebook,India,Product,60,Male,The product did not meet my expectations,352,207,146,705,1,Negative,
4185,11-12-2025,Facebook,USA,Entertainment,38,Female,Very satisfied with the overall performance,414,47,85,546,5,Positive,
4186,07-08-2025,Facebook,Canada,Health,53,Female,Very satisfied with the overall performance,360,214,198,772,5,Positive,
4187,03-04-2025,Twitter,UK,Education,40,Female,It works fine but has some minor issues,157,98,74,329,3,Neutral,
4188,12-02-2026,Twitter,USA,Education,55,Male,"Average experience, could be improved",337,276,171,784,3,Neutral,
4189,20-05-2025,Twitter,USA,Sports,19,Female,The product did not meet my expectations,71,55,65,191,1,Negative,
4190,22-03-2026,Twitter,India,Politics,52,Female,Very satisfied with the overall performance,467,189,15,671,4,Positive,
4191,08-09-2025,Twitter,Canada,Sports,43,Male,Poor performance and bad customer support,970,24,93,1087,1,Negative,
4192,13-12-2025,Twitter,India,Education,27,Male,"Waste of money, not recommended",56,39,183,278,1,Negative,
4193,26-06-2025,Instagram,India,Education,38,Male,"Absolutely loved the experience, highly recommended",444,257,97,798,5,Positive,
4194,13-04-2025,Instagram,USA,Sports,44,Male,Very satisfied with the overall performance,884,103,139,1126,4,Positive,
4195,26-01-2026,Facebook,India,Sports,23,Female,Poor performance and bad customer support,257,10,167,434,1,Negative,
4196,25-03-2026,Facebook,India,Product,50,Female,The product did not meet my expectations,654,108,72,834,2,Negative,
4197,13-03-2026,Twitter,Australia,Technology,40,Female,The product did not meet my expectations,526,51,41,618,1,Negative,
4198,27-04-2025,Instagram,India,Entertainment,45,Female,Amazing quality and fast delivery,629,59,74,762,5,Positive,
4199,08-04-2025,Instagram,India,Health,18,Male,Very satisfied with the overall performance,392,94,109,595,4,Positive,
4200,02-11-2025,Instagram,USA,Product,50,Male,Very satisfied with the overall performance,210,55,117,382,4,Positive,
4201,22-12-2025,Facebook,USA,Education,55,Male,This is one of the best services I have ever used,139,274,185,598,5,Positive,
4202,09-12-2025,Facebook,USA,Entertainment,55,Male,"Absolutely loved the experience, highly recommended",339,30,158,527,4,Positive,
4203,17-12-2025,Twitter,Canada,Education,33,Male,Had a terrible experience using this service,647,258,109,1014,2,Negative,
4204,20-07-2025,Facebook,USA,Education,54,Male,The product did not meet my expectations,324,268,71,663,1,Negative,
4205,08-05-2025,Twitter,USA,Product,25,Male,The product did not meet my expectations,579,259,198,1036,2,Negative,
4206,24-06-2025,Facebook,USA,Entertainment,59,Male,Poor performance and bad customer support,752,108,194,1054,2,Negative,
4207,06-06-2025,Facebook,UK,Education,33,Female,Poor performance and bad customer support,969,276,36,1281,1,Negative,
4208,29-12-2025,Facebook,UK,Technology,21,Female,"The product is okay, nothing special about it",999,123,99,1221,3,Neutral,
4209,15-07-2025,Instagram,UK,Education,31,Male,Very satisfied with the overall performance,136,85,169,390,4,Positive,
4210,16-07-2025,Facebook,India,Politics,37,Male,"The product is okay, nothing special about it",844,20,39,903,3,Neutral,
4211,09-11-2025,Twitter,Canada,Entertainment,41,Male,This is one of the best services I have ever used,322,34,25,381,4,Positive,
4212,28-03-2026,Facebook,Canada,Entertainment,22,Female,I recently bought this and it exceeded my expectations,536,108,159,803,5,Positive,
4213,05-01-2026,Facebook,UK,Education,25,Male,It is acceptable for the price,557,174,157,888,3,Neutral,
4214,24-06-2025,Facebook,Australia,Sports,56,Female,"Waste of money, not recommended",515,21,150,686,2,Negative,
4215,07-05-2025,Facebook,USA,Entertainment,54,Male,"Absolutely loved the experience, highly recommended",329,133,117,579,4,Positive,
4216,16-12-2025,Facebook,UK,Health,27,Female,The product did not meet my expectations,828,45,180,1053,1,Negative,
4217,11-07-2025,Instagram,Canada,Health,38,Female,Had a terrible experience using this service,81,210,118,409,1,Negative,
4218,26-12-2025,Facebook,Australia,Sports,44,Female,"Waste of money, not recommended",464,218,16,698,2,Negative,
4219,17-09-2025,Facebook,India,Education,29,Female,"Not too good, not too bad",611,188,33,832,3,Neutral,
4220,04-01-2026,Twitter,Canada,Education,50,Male,Very disappointed with the product quality,696,128,138,962,2,Negative,
4221,01-08-2025,Instagram,Canada,Health,30,Female,It works fine but has some minor issues,327,197,73,597,3,Neutral,
4222,21-09-2025,Twitter,USA,Entertainment,49,Male,Poor performance and bad customer support,776,254,81,1111,2,Negative,
4223,10-07-2025,Facebook,Canada,Politics,39,Male,"The product is okay, nothing special about it",680,52,84,816,3,Neutral,
4224,11-10-2025,Twitter,USA,Entertainment,56,Female,It works fine but has some minor issues,490,155,198,843,3,Neutral,
4225,27-04-2025,Twitter,UK,Entertainment,56,Male,I recently bought this and it exceeded my expectations,154,250,23,427,5,Positive,
4226,08-01-2026,Twitter,UK,Technology,53,Male,"The product is okay, nothing special about it",631,40,52,723,3,Neutral,
4227,18-10-2025,Instagram,UK,Entertainment,38,Female,Had a terrible experience using this service,71,84,147,302,1,Negative,
4228,16-09-2025,Twitter,Australia,Sports,46,Male,"Not too good, not too bad",72,120,112,304,3,Neutral,
4229,17-05-2025,Instagram,India,Education,30,Male,The product did not meet my expectations,999,17,130,1146,2,Negative,
4230,26-10-2025,Instagram,Australia,Politics,43,Male,Had a terrible experience using this service,751,204,176,1131,1,Negative,
4231,09-08-2025,Twitter,USA,Technology,50,Male,"Absolutely loved the experience, highly recommended",509,58,173,740,5,Positive,
4232,09-05-2025,Instagram,Canada,Education,51,Male,"Not too good, not too bad",783,103,188,1074,3,Neutral,
4233,03-06-2025,Instagram,UK,Sports,25,Male,This is one of the best services I have ever used,946,268,130,1344,5,Positive,
4234,24-07-2025,Facebook,India,Entertainment,56,Male,Poor performance and bad customer support,485,206,190,881,1,Negative,
4235,20-09-2025,Instagram,Canada,Health,22,Female,It works fine but has some minor issues,627,134,171,932,3,Neutral,
4236,18-02-2026,Twitter,Canada,Entertainment,56,Female,Poor performance and bad customer support,727,175,200,1102,1,Negative,
4237,14-02-2026,Twitter,UK,Technology,34,Female,It is acceptable for the price,845,20,96,961,3,Neutral,
4238,22-07-2025,Twitter,Canada,Education,31,Male,Poor performance and bad customer support,56,193,142,391,2,Negative,
4239,03-08-2025,Instagram,Canada,Politics,56,Female,Very disappointed with the product quality,555,144,69,768,1,Negative,
4240,09-09-2025,Facebook,Australia,Technology,51,Male,This is one of the best services I have ever used,982,159,112,1253,4,Positive,
4241,11-02-2026,Facebook,India,Health,47,Male,I recently bought this and it exceeded my expectations,966,124,184,1274,4,Positive,
4242,08-07-2025,Facebook,India,Education,30,Male,"Average experience, could be improved",244,285,44,573,3,Neutral,
4243,22-04-2025,Facebook,UK,Entertainment,31,Male,The product did not meet my expectations,882,174,121,1177,1,Negative,
4244,18-01-2026,Facebook,Australia,Education,50,Female,"Average experience, could be improved",186,243,189,618,3,Neutral,
4245,17-06-2025,Facebook,UK,Product,32,Female,"Average experience, could be improved",575,150,104,829,3,Neutral,
4246,14-09-2025,Twitter,UK,Entertainment,43,Male,The product did not meet my expectations,611,38,172,821,2,Negative,
4247,17-08-2025,Facebook,India,Education,49,Male,"Waste of money, not recommended",858,157,164,1179,2,Negative,
4248,01-11-2025,Twitter,India,Education,46,Male,"Waste of money, not recommended",907,166,139,1212,2,Negative,
4249,14-02-2026,Facebook,Canada,Technology,35,Female,"Not too good, not too bad",961,243,82,1286,3,Neutral,
4250,19-12-2025,Twitter,USA,Sports,45,Male,"Not too good, not too bad",942,134,186,1262,3,Neutral,
4251,08-07-2025,Twitter,UK,Education,20,Female,The product did not meet my expectations,567,179,143,889,2,Negative,
4252,05-10-2025,Instagram,Australia,Entertainment,32,Female,Had a terrible experience using this service,777,77,181,1035,1,Negative,
4253,22-12-2025,Facebook,UK,Entertainment,27,Female,"Not too good, not too bad",318,191,195,704,3,Neutral,
4254,01-02-2026,Facebook,UK,Sports,54,Female,Amazing quality and fast delivery,372,76,8,456,4,Positive,
4255,08-10-2025,Instagram,USA,Health,22,Male,It is acceptable for the price,620,227,83,930,3,Neutral,
4256,06-07-2025,Twitter,UK,Sports,60,Male,It is acceptable for the price,363,87,9,459,3,Neutral,
4257,22-02-2026,Twitter,USA,Education,45,Female,Had a terrible experience using this service,541,281,121,943,2,Negative,
4258,08-06-2025,Instagram,UK,Entertainment,20,Male,This is one of the best services I have ever used,758,25,56,839,5,Positive,
4259,28-11-2025,Facebook,Canada,Product,25,Female,Poor performance and bad customer support,61,116,170,347,2,Negative,
4260,10-02-2026,Facebook,USA,Education,22,Male,It is acceptable for the price,617,284,143,1044,3,Neutral,
4261,24-10-2025,Facebook,Canada,Health,19,Female,Amazing quality and fast delivery,990,297,88,1375,4,Positive,
4262,17-02-2026,Facebook,India,Technology,51,Male,"Average experience, could be improved",102,95,188,385,3,Neutral,
4263,07-05-2025,Facebook,USA,Health,50,Female,Had a terrible experience using this service,579,58,75,712,2,Negative,
4264,31-08-2025,Instagram,Canada,Product,28,Female,It is acceptable for the price,139,114,183,436,3,Neutral,
4265,15-08-2025,Instagram,UK,Entertainment,29,Female,Very disappointed with the product quality,737,54,174,965,1,Negative,
4266,21-07-2025,Instagram,UK,Entertainment,32,Female,Very satisfied with the overall performance,324,197,198,719,5,Positive,
4267,16-10-2025,Instagram,India,Sports,59,Female,I recently bought this and it exceeded my expectations,363,279,114,756,5,Positive,
4268,10-09-2025,Facebook,USA,Technology,31,Male,Had a terrible experience using this service,818,236,38,1092,1,Negative,
4269,07-04-2025,Instagram,India,Health,27,Male,It works fine but has some minor issues,212,158,162,532,3,Neutral,
4270,18-01-2026,Instagram,India,Health,51,Female,"Not too good, not too bad",488,300,190,978,3,Neutral,
4271,19-11-2025,Instagram,USA,Politics,60,Female,Very disappointed with the product quality,815,157,31,1003,2,Negative,
4272,20-07-2025,Twitter,USA,Politics,56,Male,"Average experience, could be improved",880,73,144,1097,3,Neutral,
4273,27-09-2025,Twitter,UK,Education,20,Male,Poor performance and bad customer support,994,298,85,1377,1,Negative,
4274,19-04-2025,Instagram,India,Education,37,Male,Amazing quality and fast delivery,97,93,59,249,5,Positive,
4275,05-03-2026,Facebook,Canada,Entertainment,37,Male,"Average experience, could be improved",577,105,196,878,3,Neutral,
4276,20-05-2025,Twitter,USA,Politics,44,Female,It works fine but has some minor issues,725,234,166,1125,3,Neutral,
4277,28-01-2026,Facebook,India,Entertainment,30,Female,Very disappointed with the product quality,282,239,141,662,2,Negative,
4278,21-10-2025,Facebook,Canada,Entertainment,51,Female,Very disappointed with the product quality,458,32,179,669,2,Negative,
4279,31-08-2025,Twitter,UK,Health,22,Male,"Absolutely loved the experience, highly recommended",682,263,172,1117,5,Positive,
4280,24-09-2025,Facebook,India,Politics,21,Male,Amazing quality and fast delivery,359,141,75,575,5,Positive,
4281,29-05-2025,Twitter,Australia,Technology,36,Female,"Not too good, not too bad",906,39,185,1130,3,Neutral,
4282,28-10-2025,Twitter,Canada,Politics,47,Female,It works fine but has some minor issues,667,88,87,842,3,Neutral,
4283,12-04-2025,Instagram,Canada,Technology,51,Male,It works fine but has some minor issues,224,42,71,337,3,Neutral,
4284,05-09-2025,Facebook,USA,Product,56,Female,It works fine but has some minor issues,259,61,192,512,3,Neutral,
4285,02-03-2026,Instagram,USA,Sports,48,Male,Amazing quality and fast delivery,624,42,189,855,5,Positive,
4286,19-07-2025,Facebook,India,Sports,45,Female,"The product is okay, nothing special about it",472,87,136,695,3,Neutral,
4287,17-08-2025,Twitter,Australia,Technology,34,Male,"The product is okay, nothing special about it",301,68,123,492,3,Neutral,
4288,15-03-2026,Instagram,India,Politics,18,Female,"Not too good, not too bad",178,55,6,239,3,Neutral,
4289,19-07-2025,Twitter,UK,Product,39,Female,"Not too good, not too bad",980,206,25,1211,3,Neutral,
4290,07-02-2026,Instagram,UK,Politics,44,Female,"Average experience, could be improved",903,164,20,1087,3,Neutral,
4291,27-07-2025,Twitter,USA,Politics,20,Male,This is one of the best services I have ever used,428,121,68,617,5,Positive,
4292,20-08-2025,Twitter,Australia,Technology,56,Female,"Average experience, could be improved",366,267,94,727,3,Neutral,
4293,07-05-2025,Facebook,UK,Sports,23,Female,"Not too good, not too bad",50,263,151,464,3,Neutral,
4294,02-07-2025,Instagram,Canada,Education,36,Female,The product did not meet my expectations,871,190,200,1261,1,Negative,
4295,05-08-2025,Instagram,Australia,Education,19,Female,I recently bought this and it exceeded my expectations,311,274,21,606,5,Positive,
4296,21-08-2025,Instagram,Canada,Sports,28,Male,Very satisfied with the overall performance,282,220,196,698,5,Positive,
4297,06-06-2025,Twitter,India,Health,50,Female,"Absolutely loved the experience, highly recommended",99,211,77,387,4,Positive,
4298,02-12-2025,Facebook,USA,Health,48,Female,"The product is okay, nothing special about it",722,210,137,1069,3,Neutral,
4299,08-07-2025,Instagram,UK,Education,44,Male,I recently bought this and it exceeded my expectations,592,283,172,1047,5,Positive,
4300,16-03-2026,Twitter,Canada,Health,39,Male,"Not too good, not too bad",684,47,177,908,3,Neutral,
4301,26-11-2025,Facebook,India,Entertainment,34,Male,The product did not meet my expectations,398,152,25,575,1,Negative,
4302,05-06-2025,Instagram,UK,Entertainment,29,Male,"Waste of money, not recommended",831,109,150,1090,1,Negative,
4303,09-10-2025,Twitter,UK,Health,60,Male,Amazing quality and fast delivery,282,130,55,467,5,Positive,
4304,25-05-2025,Twitter,UK,Technology,27,Male,Had a terrible experience using this service,281,30,13,324,1,Negative,
4305,20-09-2025,Twitter,UK,Education,34,Female,Very disappointed with the product quality,500,231,44,775,2,Negative,
4306,19-04-2025,Twitter,Australia,Sports,45,Male,"Waste of money, not recommended",61,216,55,332,2,Negative,
4307,31-07-2025,Facebook,India,Health,29,Female,"Not too good, not too bad",832,231,111,1174,3,Neutral,
4308,16-08-2025,Instagram,Canada,Entertainment,37,Male,"Average experience, could be improved",257,245,44,546,3,Neutral,
4309,07-08-2025,Instagram,USA,Sports,23,Female,Very disappointed with the product quality,615,72,47,734,2,Negative,
4310,06-09-2025,Twitter,Australia,Entertainment,18,Female,The product did not meet my expectations,106,24,16,146,2,Negative,
4311,02-04-2025,Twitter,UK,Sports,23,Female,"Absolutely loved the experience, highly recommended",836,232,142,1210,5,Positive,
4312,15-09-2025,Twitter,Canada,Product,20,Male,Very satisfied with the overall performance,955,14,67,1036,4,Positive,
4313,28-12-2025,Facebook,UK,Sports,21,Female,"Waste of money, not recommended",994,175,185,1354,2,Negative,
4314,24-04-2025,Facebook,Canada,Entertainment,28,Female,Very satisfied with the overall performance,440,273,139,852,5,Positive,
4315,18-05-2025,Instagram,Canada,Politics,23,Female,It is acceptable for the price,143,99,82,324,3,Neutral,
4316,20-06-2025,Twitter,Canada,Entertainment,51,Male,Very disappointed with the product quality,75,193,89,357,1,Negative,
4317,12-06-2025,Twitter,Australia,Education,34,Male,The product did not meet my expectations,529,228,7,764,2,Negative,
4318,13-04-2025,Facebook,Canada,Technology,30,Female,"The product is okay, nothing special about it",689,148,105,942,3,Neutral,
4319,31-12-2025,Twitter,USA,Entertainment,58,Female,"Average experience, could be improved",63,132,177,372,3,Neutral,
4320,05-04-2025,Instagram,Canada,Technology,21,Male,"Absolutely loved the experience, highly recommended",906,161,120,1187,4,Positive,
4321,18-06-2025,Instagram,USA,Entertainment,21,Female,Very satisfied with the overall performance,196,155,188,539,5,Positive,
4322,09-03-2026,Facebook,UK,Entertainment,20,Female,"Absolutely loved the experience, highly recommended",690,268,199,1157,5,Positive,
4323,27-04-2025,Instagram,UK,Entertainment,52,Male,It works fine but has some minor issues,469,200,195,864,3,Neutral,
4324,02-06-2025,Twitter,India,Politics,55,Male,Very disappointed with the product quality,790,41,78,909,2,Negative,
4325,28-11-2025,Twitter,Australia,Education,46,Female,The product did not meet my expectations,656,260,76,992,1,Negative,
4326,22-09-2025,Instagram,India,Entertainment,18,Male,Had a terrible experience using this service,824,274,167,1265,1,Negative,
4327,19-02-2026,Twitter,UK,Education,57,Male,"Average experience, could be improved",410,45,44,499,3,Neutral,
4328,10-05-2025,Twitter,India,Politics,27,Female,This is one of the best services I have ever used,162,69,13,244,4,Positive,
4329,13-03-2026,Instagram,India,Technology,36,Male,"Absolutely loved the experience, highly recommended",613,172,140,925,4,Positive,
4330,11-10-2025,Facebook,UK,Entertainment,54,Female,Had a terrible experience using this service,372,75,175,622,2,Negative,
4331,13-03-2026,Facebook,UK,Politics,38,Male,Very disappointed with the product quality,895,176,163,1234,2,Negative,
4332,03-02-2026,Facebook,India,Education,47,Female,"Average experience, could be improved",853,42,144,1039,3,Neutral,
4333,09-03-2026,Instagram,Canada,Product,35,Male,Very disappointed with the product quality,516,280,158,954,2,Negative,
4334,24-10-2025,Twitter,Australia,Sports,49,Female,"Not too good, not too bad",844,249,34,1127,3,Neutral,
4335,06-03-2026,Twitter,Canada,Education,21,Female,"Not too good, not too bad",184,29,134,347,3,Neutral,
4336,20-01-2026,Facebook,India,Politics,51,Male,Had a terrible experience using this service,890,123,125,1138,2,Negative,
4337,15-01-2026,Instagram,USA,Health,21,Female,Poor performance and bad customer support,75,151,123,349,1,Negative,
4338,06-09-2025,Facebook,Canada,Product,51,Female,"Absolutely loved the experience, highly recommended",363,232,93,688,4,Positive,
4339,09-07-2025,Instagram,USA,Politics,44,Female,Very satisfied with the overall performance,162,62,17,241,5,Positive,
4340,22-11-2025,Instagram,Canada,Sports,36,Male,Had a terrible experience using this service,417,287,161,865,1,Negative,
4341,28-04-2025,Instagram,Canada,Health,33,Female,Amazing quality and fast delivery,835,20,71,926,4,Positive,
4342,24-12-2025,Instagram,USA,Politics,50,Female,It is acceptable for the price,678,98,43,819,3,Neutral,
4343,29-08-2025,Instagram,Canada,Education,48,Male,It is acceptable for the price,956,107,155,1218,3,Neutral,
4344,13-12-2025,Twitter,Canada,Technology,24,Male,Had a terrible experience using this service,102,131,180,413,2,Negative,
4345,13-04-2025,Instagram,UK,Entertainment,36,Female,Very disappointed with the product quality,586,54,32,672,2,Negative,
4346,30-04-2025,Twitter,Canada,Politics,38,Male,"The product is okay, nothing special about it",428,73,78,579,3,Neutral,
4347,22-08-2025,Facebook,UK,Sports,24,Female,"Absolutely loved the experience, highly recommended",266,70,25,361,4,Positive,
4348,31-05-2025,Twitter,UK,Health,23,Female,It works fine but has some minor issues,928,283,73,1284,3,Neutral,
4349,22-06-2025,Instagram,UK,Product,52,Female,Had a terrible experience using this service,854,151,153,1158,2,Negative,
4350,22-02-2026,Facebook,India,Technology,27,Female,This is one of the best services I have ever used,499,202,197,898,4,Positive,
4351,04-08-2025,Facebook,UK,Health,54,Female,It works fine but has some minor issues,727,46,199,972,3,Neutral,
4352,22-08-2025,Facebook,USA,Politics,57,Female,Poor performance and bad customer support,156,170,99,425,1,Negative,
4353,05-12-2025,Facebook,Canada,Product,39,Female,"Waste of money, not recommended",89,248,39,376,1,Negative,
4354,15-01-2026,Facebook,USA,Sports,51,Female,Had a terrible experience using this service,528,279,49,856,1,Negative,
4355,22-01-2026,Instagram,Canada,Product,38,Male,"Waste of money, not recommended",383,22,124,529,2,Negative,
4356,28-12-2025,Facebook,USA,Sports,24,Female,Amazing quality and fast delivery,744,247,9,1000,5,Positive,
4357,29-05-2025,Twitter,Canada,Education,55,Male,"Average experience, could be improved",162,223,83,468,3,Neutral,
4358,04-04-2025,Instagram,Canada,Product,28,Male,The product did not meet my expectations,483,296,132,911,2,Negative,
4359,03-09-2025,Facebook,Australia,Education,48,Female,It works fine but has some minor issues,171,141,157,469,3,Neutral,
4360,11-02-2026,Instagram,Canada,Technology,49,Male,I recently bought this and it exceeded my expectations,91,65,14,170,5,Positive,
4361,26-02-2026,Twitter,India,Product,39,Male,Had a terrible experience using this service,646,125,112,883,2,Negative,
4362,25-01-2026,Twitter,USA,Entertainment,41,Male,Amazing quality and fast delivery,705,165,155,1025,5,Positive,
4363,12-03-2026,Twitter,Canada,Politics,41,Male,"Waste of money, not recommended",247,286,131,664,2,Negative,
4364,27-10-2025,Instagram,Australia,Entertainment,58,Male,"Waste of money, not recommended",215,213,91,519,1,Negative,
4365,27-04-2025,Instagram,India,Health,24,Male,Poor performance and bad customer support,381,31,172,584,1,Negative,
4366,06-08-2025,Twitter,India,Health,40,Female,The product did not meet my expectations,875,120,99,1094,1,Negative,
4367,13-06-2025,Facebook,Australia,Sports,57,Male,"The product is okay, nothing special about it",356,189,155,700,3,Neutral,
4368,03-08-2025,Facebook,India,Entertainment,27,Female,Very disappointed with the product quality,516,145,104,765,2,Negative,
4369,12-08-2025,Instagram,India,Technology,35,Female,This is one of the best services I have ever used,810,11,163,984,4,Positive,
4370,16-05-2025,Instagram,USA,Politics,19,Female,Poor performance and bad customer support,886,163,14,1063,1,Negative,
4371,13-03-2026,Facebook,Australia,Technology,28,Male,It works fine but has some minor issues,56,198,166,420,3,Neutral,
4372,28-08-2025,Facebook,Canada,Health,49,Male,"Average experience, could be improved",394,277,9,680,3,Neutral,
4373,07-04-2025,Facebook,UK,Politics,18,Male,Very disappointed with the product quality,183,202,58,443,1,Negative,
4374,12-07-2025,Facebook,Australia,Technology,32,Female,Poor performance and bad customer support,425,94,125,644,1,Negative,
4375,27-10-2025,Facebook,USA,Technology,28,Female,Poor performance and bad customer support,995,282,30,1307,1,Negative,
4376,30-08-2025,Twitter,India,Product,46,Male,The product did not meet my expectations,418,139,22,579,2,Negative,
4377,29-07-2025,Instagram,India,Technology,39,Male,Very disappointed with the product quality,345,125,112,582,1,Negative,
4378,11-12-2025,Facebook,Canada,Sports,40,Male,The product did not meet my expectations,572,267,188,1027,2,Negative,
4379,06-08-2025,Facebook,Australia,Health,19,Female,Amazing quality and fast delivery,591,28,78,697,4,Positive,
4380,08-12-2025,Instagram,UK,Education,37,Male,This is one of the best services I have ever used,619,177,133,929,4,Positive,
4381,28-09-2025,Instagram,Canada,Entertainment,35,Male,Amazing quality and fast delivery,671,132,81,884,5,Positive,
4382,10-09-2025,Twitter,Canada,Education,54,Male,"Absolutely loved the experience, highly recommended",559,64,185,808,4,Positive,
4383,25-04-2025,Instagram,India,Health,56,Male,Poor performance and bad customer support,253,261,187,701,2,Negative,
4384,13-05-2025,Twitter,USA,Sports,55,Male,"Waste of money, not recommended",157,128,107,392,1,Negative,
4385,15-06-2025,Twitter,Canada,Health,52,Male,Amazing quality and fast delivery,108,189,23,320,5,Positive,
4386,05-07-2025,Facebook,UK,Health,41,Female,"Not too good, not too bad",736,294,69,1099,3,Neutral,
4387,02-04-2025,Twitter,Australia,Entertainment,59,Female,It works fine but has some minor issues,319,83,89,491,3,Neutral,
4388,24-04-2025,Facebook,UK,Politics,48,Female,Poor performance and bad customer support,207,26,32,265,2,Negative,
4389,13-08-2025,Facebook,Canada,Product,27,Female,"Absolutely loved the experience, highly recommended",545,181,8,734,4,Positive,
4390,19-12-2025,Instagram,USA,Product,58,Female,Very satisfied with the overall performance,653,157,41,851,4,Positive,
4391,06-11-2025,Instagram,USA,Sports,34,Male,It works fine but has some minor issues,654,29,108,791,3,Neutral,
4392,17-06-2025,Facebook,Canada,Sports,37,Male,It is acceptable for the price,79,42,42,163,3,Neutral,
4393,11-09-2025,Twitter,UK,Product,41,Female,I recently bought this and it exceeded my expectations,660,225,66,951,5,Positive,
4394,05-10-2025,Twitter,UK,Health,48,Female,"Absolutely loved the experience, highly recommended",548,86,156,790,5,Positive,
4395,06-08-2025,Instagram,Australia,Sports,52,Male,"Waste of money, not recommended",658,48,20,726,1,Negative,
4396,06-11-2025,Facebook,USA,Entertainment,47,Female,Amazing quality and fast delivery,903,153,147,1203,5,Positive,
4397,26-09-2025,Instagram,Canada,Sports,56,Male,Very disappointed with the product quality,738,128,193,1059,1,Negative,
4398,30-08-2025,Twitter,UK,Technology,58,Male,"Waste of money, not recommended",350,196,37,583,2,Negative,
4399,08-08-2025,Instagram,India,Health,40,Female,I recently bought this and it exceeded my expectations,503,235,160,898,4,Positive,
4400,18-03-2026,Instagram,UK,Sports,39,Male,It works fine but has some minor issues,88,41,92,221,3,Neutral,
4401,31-08-2025,Instagram,Australia,Education,34,Female,"Average experience, could be improved",168,182,38,388,3,Neutral,
4402,05-05-2025,Twitter,India,Product,45,Female,Had a terrible experience using this service,403,157,12,572,1,Negative,
4403,30-01-2026,Instagram,UK,Education,55,Male,"Waste of money, not recommended",154,41,179,374,2,Negative,
4404,25-05-2025,Twitter,Australia,Product,60,Male,"The product is okay, nothing special about it",591,171,94,856,3,Neutral,
4405,09-09-2025,Instagram,India,Technology,46,Male,Poor performance and bad customer support,358,32,33,423,2,Negative,
4406,30-04-2025,Facebook,India,Sports,37,Female,"The product is okay, nothing special about it",931,247,26,1204,3,Neutral,
4407,04-06-2025,Facebook,Canada,Entertainment,48,Male,"Average experience, could be improved",265,87,14,366,3,Neutral,
4408,19-11-2025,Instagram,Australia,Technology,30,Male,Had a terrible experience using this service,953,228,11,1192,2,Negative,
4409,02-11-2025,Instagram,Canada,Health,21,Female,The product did not meet my expectations,519,158,125,802,1,Negative,
4410,26-11-2025,Twitter,UK,Education,32,Male,Poor performance and bad customer support,269,289,145,703,1,Negative,
4411,16-12-2025,Facebook,Australia,Product,55,Female,Poor performance and bad customer support,649,84,188,921,1,Negative,
4412,28-05-2025,Facebook,Australia,Education,36,Male,Very satisfied with the overall performance,317,51,25,393,5,Positive,
4413,14-06-2025,Instagram,India,Politics,43,Male,Very disappointed with the product quality,535,211,93,839,2,Negative,
4414,16-04-2025,Twitter,USA,Product,44,Male,I recently bought this and it exceeded my expectations,353,24,74,451,4,Positive,
4415,19-08-2025,Twitter,USA,Politics,59,Female,"Average experience, could be improved",74,189,75,338,3,Neutral,
4416,03-10-2025,Instagram,USA,Technology,20,Female,Very disappointed with the product quality,834,212,54,1100,1,Negative,
4417,12-09-2025,Instagram,India,Sports,36,Female,"Absolutely loved the experience, highly recommended",119,10,142,271,5,Positive,
4418,23-03-2026,Twitter,USA,Education,38,Female,Amazing quality and fast delivery,761,200,97,1058,4,Positive,
4419,11-04-2025,Twitter,India,Sports,30,Female,"Waste of money, not recommended",337,156,84,577,1,Negative,
4420,25-10-2025,Twitter,Australia,Sports,27,Male,Amazing quality and fast delivery,790,166,159,1115,5,Positive,
4421,14-03-2026,Twitter,USA,Health,53,Female,Amazing quality and fast delivery,410,253,28,691,4,Positive,
4422,04-09-2025,Instagram,USA,Education,20,Male,It works fine but has some minor issues,861,274,30,1165,3,Neutral,
4423,07-06-2025,Twitter,Australia,Entertainment,53,Male,It works fine but has some minor issues,973,70,177,1220,3,Neutral,
4424,19-01-2026,Facebook,Canada,Entertainment,35,Male,The product did not meet my expectations,788,186,31,1005,2,Negative,
4425,15-09-2025,Instagram,Australia,Product,24,Male,Very disappointed with the product quality,253,106,175,534,2,Negative,
4426,05-12-2025,Facebook,Canada,Health,49,Male,Amazing quality and fast delivery,244,264,175,683,5,Positive,
4427,01-07-2025,Facebook,Canada,Politics,33,Female,"The product is okay, nothing special about it",147,95,55,297,3,Neutral,
4428,16-04-2025,Facebook,Australia,Health,46,Female,"The product is okay, nothing special about it",535,120,98,753,3,Neutral,
4429,12-06-2025,Instagram,Australia,Entertainment,58,Male,Had a terrible experience using this service,121,105,50,276,2,Negative,
4430,26-01-2026,Twitter,Australia,Product,19,Male,I recently bought this and it exceeded my expectations,710,21,77,808,4,Positive,
4431,18-11-2025,Instagram,USA,Education,39,Female,Poor performance and bad customer support,658,40,104,802,1,Negative,
4432,08-08-2025,Facebook,Australia,Technology,23,Female,"Average experience, could be improved",666,128,142,936,3,Neutral,
4433,12-11-2025,Instagram,UK,Product,45,Male,"Average experience, could be improved",72,31,146,249,3,Neutral,
4434,18-09-2025,Instagram,UK,Education,42,Male,"Waste of money, not recommended",325,199,62,586,2,Negative,
4435,05-11-2025,Instagram,USA,Education,58,Male,Had a terrible experience using this service,171,257,141,569,1,Negative,
4436,06-11-2025,Facebook,UK,Health,31,Male,"Average experience, could be improved",436,209,50,695,3,Neutral,
4437,15-04-2025,Instagram,UK,Politics,57,Male,It works fine but has some minor issues,439,179,166,784,3,Neutral,
4438,05-10-2025,Facebook,USA,Product,18,Male,"The product is okay, nothing special about it",315,142,125,582,3,Neutral,
4439,05-11-2025,Facebook,UK,Entertainment,55,Male,It works fine but has some minor issues,127,189,173,489,3,Neutral,
4440,11-07-2025,Instagram,Canada,Education,53,Female,Amazing quality and fast delivery,788,292,70,1150,4,Positive,
4441,20-08-2025,Twitter,Australia,Politics,57,Male,"Waste of money, not recommended",480,246,36,762,1,Negative,
4442,18-02-2026,Instagram,Australia,Technology,21,Male,"Waste of money, not recommended",854,290,80,1224,2,Negative,
4443,13-10-2025,Facebook,USA,Politics,49,Male,I recently bought this and it exceeded my expectations,730,167,91,988,4,Positive,
4444,22-06-2025,Facebook,UK,Technology,54,Male,It is acceptable for the price,164,205,10,379,3,Neutral,
4445,13-05-2025,Instagram,UK,Technology,54,Female,The product did not meet my expectations,561,90,101,752,2,Negative,
4446,04-10-2025,Twitter,Canada,Politics,29,Female,Very satisfied with the overall performance,446,112,175,733,5,Positive,
4447,09-04-2025,Instagram,Australia,Entertainment,25,Male,"The product is okay, nothing special about it",315,15,37,367,3,Neutral,
4448,11-03-2026,Facebook,India,Education,19,Female,"Not too good, not too bad",387,57,178,622,3,Neutral,
4449,02-02-2026,Instagram,India,Technology,23,Male,"The product is okay, nothing special about it",575,224,79,878,3,Neutral,
4450,13-12-2025,Twitter,UK,Technology,32,Male,Amazing quality and fast delivery,452,131,152,735,4,Positive,
4451,04-04-2025,Twitter,Australia,Product,18,Female,This is one of the best services I have ever used,894,37,58,989,5,Positive,
4452,26-06-2025,Twitter,UK,Politics,40,Male,It works fine but has some minor issues,206,101,84,391,3,Neutral,
4453,12-01-2026,Twitter,Australia,Politics,47,Female,"Not too good, not too bad",408,50,158,616,3,Neutral,
4454,14-03-2026,Facebook,USA,Entertainment,50,Male,The product did not meet my expectations,390,87,21,498,2,Negative,
4455,20-11-2025,Twitter,UK,Sports,34,Male,It works fine but has some minor issues,260,268,159,687,3,Neutral,
4456,27-03-2026,Instagram,Australia,Education,28,Female,"The product is okay, nothing special about it",217,95,80,392,3,Neutral,
4457,07-08-2025,Facebook,USA,Technology,35,Female,"Absolutely loved the experience, highly recommended",307,131,48,486,4,Positive,
4458,04-06-2025,Twitter,Canada,Technology,51,Male,"Absolutely loved the experience, highly recommended",518,154,167,839,4,Positive,
4459,10-01-2026,Facebook,India,Sports,19,Female,It is acceptable for the price,434,263,30,727,3,Neutral,
4460,14-06-2025,Instagram,USA,Technology,30,Female,"Absolutely loved the experience, highly recommended",775,11,190,976,5,Positive,
4461,07-06-2025,Twitter,Canada,Technology,34,Female,The product did not meet my expectations,759,109,82,950,1,Negative,
4462,23-01-2026,Facebook,UK,Health,27,Female,Very disappointed with the product quality,707,140,87,934,1,Negative,
4463,27-10-2025,Twitter,Australia,Politics,49,Male,"Absolutely loved the experience, highly recommended",50,142,29,221,4,Positive,
4464,25-02-2026,Instagram,India,Product,25,Male,Had a terrible experience using this service,653,151,115,919,2,Negative,
4465,03-06-2025,Instagram,Australia,Entertainment,31,Female,"Average experience, could be improved",371,147,92,610,3,Neutral,
4466,04-03-2026,Instagram,USA,Product,50,Female,"The product is okay, nothing special about it",512,90,139,741,3,Neutral,
4467,27-07-2025,Facebook,UK,Sports,56,Male,"Waste of money, not recommended",732,66,107,905,1,Negative,
4468,24-03-2026,Facebook,USA,Politics,31,Female,"The product is okay, nothing special about it",538,268,176,982,3,Neutral,
4469,02-08-2025,Facebook,Canada,Health,34,Male,Had a terrible experience using this service,788,270,110,1168,1,Negative,
4470,26-09-2025,Twitter,Canada,Product,59,Female,The product did not meet my expectations,821,266,195,1282,1,Negative,
4471,03-03-2026,Facebook,Canada,Entertainment,40,Male,Poor performance and bad customer support,576,184,163,923,1,Negative,
4472,27-01-2026,Twitter,UK,Politics,32,Male,Had a terrible experience using this service,186,106,120,412,2,Negative,
4473,15-03-2026,Twitter,Canada,Product,20,Female,Poor performance and bad customer support,596,158,31,785,1,Negative,
4474,30-04-2025,Twitter,Australia,Entertainment,24,Female,"Absolutely loved the experience, highly recommended",407,171,135,713,4,Positive,
4475,24-08-2025,Instagram,Australia,Entertainment,48,Female,I recently bought this and it exceeded my expectations,199,10,92,301,4,Positive,
4476,22-08-2025,Instagram,UK,Politics,43,Male,Very satisfied with the overall performance,646,97,92,835,4,Positive,
4477,19-01-2026,Twitter,USA,Education,24,Male,Very disappointed with the product quality,249,85,79,413,2,Negative,
4478,06-01-2026,Twitter,Australia,Entertainment,19,Male,The product did not meet my expectations,281,150,142,573,1,Negative,
4479,03-09-2025,Twitter,Australia,Sports,29,Female,"Not too good, not too bad",467,267,39,773,3,Neutral,
4480,03-09-2025,Twitter,Australia,Education,24,Male,Poor performance and bad customer support,499,126,154,779,1,Negative,
4481,18-09-2025,Twitter,Australia,Product,34,Female,Had a terrible experience using this service,904,124,35,1063,1,Negative,
4482,05-07-2025,Twitter,USA,Product,48,Female,Very satisfied with the overall performance,705,239,66,1010,5,Positive,
4483,28-09-2025,Instagram,USA,Politics,18,Male,It works fine but has some minor issues,298,163,64,525,3,Neutral,
4484,16-06-2025,Instagram,Canada,Entertainment,49,Male,"Absolutely loved the experience, highly recommended",414,181,65,660,5,Positive,
4485,24-02-2026,Instagram,Canada,Health,40,Male,It works fine but has some minor issues,165,70,193,428,3,Neutral,
4486,27-03-2026,Instagram,India,Product,34,Female,I recently bought this and it exceeded my expectations,588,146,81,815,5,Positive,
4487,18-08-2025,Twitter,USA,Politics,57,Male,"Absolutely loved the experience, highly recommended",551,149,39,739,4,Positive,
4488,04-09-2025,Twitter,UK,Technology,57,Female,"Waste of money, not recommended",656,158,51,865,1,Negative,
4489,14-04-2025,Instagram,UK,Education,42,Male,Amazing quality and fast delivery,611,209,200,1020,5,Positive,
4490,27-12-2025,Twitter,Canada,Health,44,Female,It is acceptable for the price,478,74,80,632,3,Neutral,
4491,05-12-2025,Twitter,USA,Politics,55,Female,Very disappointed with the product quality,893,279,103,1275,2,Negative,
4492,12-03-2026,Twitter,Australia,Technology,60,Male,The product did not meet my expectations,638,65,83,786,1,Negative,
4493,06-09-2025,Twitter,India,Politics,22,Female,Poor performance and bad customer support,275,154,114,543,2,Negative,
4494,19-01-2026,Facebook,USA,Education,25,Male,It works fine but has some minor issues,394,255,169,818,3,Neutral,
4495,10-03-2026,Facebook,Australia,Education,18,Male,This is one of the best services I have ever used,363,28,184,575,4,Positive,
4496,10-01-2026,Instagram,India,Technology,36,Male,The product did not meet my expectations,251,250,68,569,2,Negative,
4497,03-07-2025,Twitter,UK,Education,40,Female,"The product is okay, nothing special about it",641,254,160,1055,3,Neutral,
4498,25-02-2026,Facebook,USA,Sports,43,Female,"The product is okay, nothing special about it",941,168,85,1194,3,Neutral,
4499,01-06-2025,Instagram,India,Sports,46,Male,It works fine but has some minor issues,632,186,26,844,3,Neutral,
4500,05-08-2025,Instagram,Canada,Education,30,Female,"The product is okay, nothing special about it",144,225,70,439,3,Neutral,
4501,28-07-2025,Twitter,Australia,Health,18,Male,This is one of the best services I have ever used,910,186,74,1170,5,Positive,
4502,01-01-2026,Instagram,UK,Sports,57,Female,Had a terrible experience using this service,879,279,119,1277,2,Negative,
4503,07-11-2025,Facebook,Australia,Technology,55,Female,"Waste of money, not recommended",302,240,87,629,2,Negative,
4504,28-06-2025,Twitter,USA,Entertainment,57,Male,It is acceptable for the price,384,160,49,593,3,Neutral,
4505,07-01-2026,Twitter,Canada,Education,36,Female,"Not too good, not too bad",1000,46,139,1185,3,Neutral,
4506,04-04-2025,Instagram,Canada,Product,26,Male,"The product is okay, nothing special about it",588,255,143,986,3,Neutral,
4507,01-05-2025,Instagram,UK,Education,38,Female,Very satisfied with the overall performance,331,201,38,570,5,Positive,
4508,27-07-2025,Twitter,USA,Education,40,Female,"The product is okay, nothing special about it",174,173,137,484,3,Neutral,
4509,10-09-2025,Facebook,USA,Product,40,Female,"The product is okay, nothing special about it",890,223,59,1172,3,Neutral,
4510,05-06-2025,Facebook,India,Education,38,Male,It is acceptable for the price,304,134,33,471,3,Neutral,
4511,30-08-2025,Instagram,Australia,Politics,50,Female,This is one of the best services I have ever used,63,152,25,240,5,Positive,
4512,16-12-2025,Twitter,Canada,Health,23,Female,I recently bought this and it exceeded my expectations,873,180,155,1208,5,Positive,
4513,20-06-2025,Facebook,Canada,Technology,32,Male,"Average experience, could be improved",264,141,155,560,3,Neutral,
4514,12-01-2026,Instagram,Australia,Education,48,Male,Amazing quality and fast delivery,948,90,22,1060,4,Positive,
4515,13-10-2025,Twitter,UK,Product,25,Male,Very disappointed with the product quality,634,155,122,911,2,Negative,
4516,02-10-2025,Twitter,Canada,Education,24,Male,This is one of the best services I have ever used,164,219,125,508,5,Positive,
4517,21-12-2025,Facebook,USA,Technology,28,Male,"Average experience, could be improved",495,148,87,730,3,Neutral,
4518,21-07-2025,Twitter,UK,Education,56,Male,Very disappointed with the product quality,542,35,113,690,2,Negative,
4519,13-10-2025,Instagram,UK,Product,53,Female,Very disappointed with the product quality,557,46,149,752,2,Negative,
4520,09-06-2025,Twitter,Canada,Sports,36,Male,Had a terrible experience using this service,873,58,188,1119,2,Negative,
4521,29-05-2025,Instagram,Canada,Health,60,Female,"Not too good, not too bad",97,146,137,380,3,Neutral,
4522,19-12-2025,Facebook,UK,Product,35,Female,"Average experience, could be improved",804,230,61,1095,3,Neutral,
4523,16-04-2025,Twitter,Australia,Politics,55,Female,"Average experience, could be improved",908,256,15,1179,3,Neutral,
4524,30-01-2026,Instagram,UK,Entertainment,34,Female,Poor performance and bad customer support,488,78,41,607,2,Negative,
4525,21-07-2025,Facebook,Australia,Technology,53,Female,It works fine but has some minor issues,225,202,174,601,3,Neutral,
4526,22-03-2026,Facebook,UK,Sports,36,Female,It is acceptable for the price,485,71,127,683,3,Neutral,
4527,09-03-2026,Instagram,UK,Product,35,Male,Poor performance and bad customer support,680,171,181,1032,1,Negative,
4528,04-09-2025,Twitter,Australia,Technology,30,Female,"Waste of money, not recommended",976,194,138,1308,1,Negative,
4529,16-02-2026,Facebook,India,Politics,24,Female,"Average experience, could be improved",845,141,71,1057,3,Neutral,
4530,26-02-2026,Facebook,Canada,Product,26,Female,Very disappointed with the product quality,158,225,91,474,1,Negative,
4531,19-03-2026,Instagram,Australia,Product,59,Female,Amazing quality and fast delivery,872,36,109,1017,4,Positive,
4532,31-01-2026,Instagram,Canada,Entertainment,19,Male,It works fine but has some minor issues,612,289,129,1030,3,Neutral,
4533,19-03-2026,Instagram,Australia,Education,56,Male,Very disappointed with the product quality,833,131,30,994,2,Negative,
4534,20-03-2026,Twitter,UK,Education,39,Male,"Waste of money, not recommended",732,77,197,1006,1,Negative,
4535,07-01-2026,Facebook,Canada,Technology,37,Male,It works fine but has some minor issues,859,222,154,1235,3,Neutral,
4536,13-12-2025,Twitter,India,Sports,33,Male,Had a terrible experience using this service,229,23,73,325,2,Negative,
4537,06-06-2025,Instagram,USA,Entertainment,55,Female,This is one of the best services I have ever used,738,278,90,1106,5,Positive,
4538,06-04-2025,Facebook,India,Entertainment,26,Male,"Absolutely loved the experience, highly recommended",253,107,109,469,4,Positive,
4539,03-08-2025,Facebook,Canada,Politics,57,Female,"Not too good, not too bad",345,245,151,741,3,Neutral,
4540,20-10-2025,Facebook,Australia,Product,42,Female,I recently bought this and it exceeded my expectations,809,287,74,1170,5,Positive,
4541,02-12-2025,Instagram,USA,Entertainment,31,Female,Had a terrible experience using this service,773,213,7,993,1,Negative,
4542,05-08-2025,Instagram,Canada,Politics,41,Male,This is one of the best services I have ever used,839,41,24,904,4,Positive,
4543,08-07-2025,Instagram,UK,Politics,28,Female,"The product is okay, nothing special about it",225,90,174,489,3,Neutral,
4544,25-12-2025,Twitter,Canada,Product,20,Female,This is one of the best services I have ever used,212,59,134,405,4,Positive,
4545,03-12-2025,Facebook,USA,Health,55,Male,"Absolutely loved the experience, highly recommended",687,60,81,828,5,Positive,
4546,04-07-2025,Instagram,Australia,Health,45,Male,It works fine but has some minor issues,428,175,149,752,3,Neutral,
4547,24-08-2025,Facebook,India,Politics,25,Male,The product did not meet my expectations,504,291,26,821,1,Negative,
4548,31-12-2025,Twitter,Canada,Sports,53,Male,I recently bought this and it exceeded my expectations,760,126,117,1003,5,Positive,
4549,26-08-2025,Twitter,Australia,Entertainment,47,Male,Amazing quality and fast delivery,366,11,194,571,4,Positive,
4550,19-11-2025,Facebook,Australia,Sports,37,Male,"Average experience, could be improved",143,31,194,368,3,Neutral,
4551,19-02-2026,Instagram,Canada,Education,35,Male,Poor performance and bad customer support,558,199,38,795,1,Negative,
4552,25-09-2025,Twitter,USA,Sports,26,Male,"Average experience, could be improved",527,31,75,633,3,Neutral,
4553,07-08-2025,Twitter,Canada,Politics,49,Male,Had a terrible experience using this service,796,250,87,1133,2,Negative,
4554,01-03-2026,Instagram,Australia,Politics,27,Female,The product did not meet my expectations,968,97,76,1141,1,Negative,
4555,26-01-2026,Instagram,Canada,Technology,47,Male,"Not too good, not too bad",202,202,44,448,3,Neutral,
4556,18-04-2025,Instagram,India,Education,46,Male,I recently bought this and it exceeded my expectations,891,287,162,1340,5,Positive,
4557,25-06-2025,Facebook,UK,Sports,54,Male,"Not too good, not too bad",208,250,193,651,3,Neutral,
4558,03-02-2026,Instagram,UK,Product,55,Male,"Absolutely loved the experience, highly recommended",298,116,83,497,4,Positive,
4559,07-09-2025,Instagram,Canada,Entertainment,43,Male,"Average experience, could be improved",589,248,34,871,3,Neutral,
4560,26-06-2025,Facebook,Australia,Health,59,Male,"The product is okay, nothing special about it",492,284,83,859,3,Neutral,
4561,28-04-2025,Facebook,Australia,Entertainment,58,Male,Amazing quality and fast delivery,981,166,18,1165,4,Positive,
4562,10-02-2026,Instagram,India,Product,30,Male,"Waste of money, not recommended",227,286,46,559,1,Negative,
4563,27-07-2025,Twitter,UK,Health,21,Female,The product did not meet my expectations,802,142,105,1049,2,Negative,
4564,26-08-2025,Instagram,USA,Education,52,Female,It works fine but has some minor issues,53,192,186,431,3,Neutral,
4565,24-09-2025,Instagram,India,Technology,35,Female,"The product is okay, nothing special about it",386,219,87,692,3,Neutral,
4566,08-09-2025,Instagram,USA,Education,30,Male,"Waste of money, not recommended",853,162,95,1110,1,Negative,
4567,25-01-2026,Facebook,UK,Technology,24,Female,"Waste of money, not recommended",168,212,196,576,1,Negative,
4568,24-10-2025,Twitter,UK,Education,34,Female,"Waste of money, not recommended",199,26,189,414,1,Negative,
4569,19-12-2025,Twitter,Australia,Politics,28,Male,Amazing quality and fast delivery,646,228,88,962,5,Positive,
4570,26-09-2025,Instagram,Canada,Entertainment,34,Female,"Absolutely loved the experience, highly recommended",448,178,156,782,4,Positive,
4571,12-03-2026,Twitter,India,Entertainment,22,Female,Had a terrible experience using this service,751,101,124,976,1,Negative,
4572,22-01-2026,Facebook,Australia,Entertainment,23,Male,Very satisfied with the overall performance,636,85,170,891,4,Positive,
4573,22-04-2025,Twitter,Australia,Technology,31,Female,Amazing quality and fast delivery,226,106,60,392,5,Positive,
4574,03-11-2025,Facebook,India,Education,40,Female,Very satisfied with the overall performance,637,244,29,910,4,Positive,
4575,17-11-2025,Twitter,UK,Politics,41,Male,Had a terrible experience using this service,665,204,61,930,1,Negative,
4576,06-06-2025,Facebook,Canada,Politics,40,Male,"Absolutely loved the experience, highly recommended",333,225,133,691,4,Positive,
4577,02-11-2025,Twitter,Canada,Politics,57,Male,Poor performance and bad customer support,150,186,156,492,2,Negative,
4578,28-04-2025,Instagram,India,Entertainment,30,Female,This is one of the best services I have ever used,292,197,146,635,5,Positive,
4579,12-12-2025,Instagram,UK,Health,55,Male,The product did not meet my expectations,917,76,133,1126,2,Negative,
4580,06-06-2025,Instagram,UK,Technology,20,Male,This is one of the best services I have ever used,173,252,150,575,4,Positive,
4581,11-09-2025,Instagram,USA,Technology,45,Male,Amazing quality and fast delivery,371,106,129,606,4,Positive,
4582,07-04-2025,Twitter,Australia,Sports,52,Male,Poor performance and bad customer support,669,97,84,850,1,Negative,
4583,05-06-2025,Facebook,India,Technology,60,Male,"The product is okay, nothing special about it",152,67,11,230,3,Neutral,
4584,22-03-2026,Instagram,India,Education,26,Male,"Absolutely loved the experience, highly recommended",695,205,111,1011,4,Positive,
4585,15-10-2025,Twitter,USA,Health,37,Female,This is one of the best services I have ever used,854,127,29,1010,4,Positive,
4586,14-10-2025,Twitter,Canada,Education,50,Male,Poor performance and bad customer support,373,256,136,765,2,Negative,
4587,13-03-2026,Twitter,USA,Product,42,Female,Amazing quality and fast delivery,921,292,106,1319,5,Positive,
4588,15-06-2025,Instagram,UK,Technology,38,Male,Poor performance and bad customer support,654,282,60,996,2,Negative,
4589,21-09-2025,Instagram,UK,Education,34,Female,It is acceptable for the price,738,189,100,1027,3,Neutral,
4590,18-11-2025,Twitter,Canada,Product,60,Male,I recently bought this and it exceeded my expectations,971,209,176,1356,5,Positive,
4591,22-09-2025,Twitter,USA,Sports,32,Female,Had a terrible experience using this service,572,290,29,891,1,Negative,
4592,23-12-2025,Twitter,Canada,Health,31,Male,"Not too good, not too bad",450,290,8,748,3,Neutral,
4593,15-11-2025,Instagram,UK,Health,42,Male,Very satisfied with the overall performance,518,51,13,582,5,Positive,
4594,03-10-2025,Twitter,Canada,Education,36,Female,Very disappointed with the product quality,434,205,16,655,2,Negative,
4595,04-10-2025,Twitter,USA,Sports,53,Female,Had a terrible experience using this service,368,208,33,609,1,Negative,
4596,27-06-2025,Instagram,Canada,Health,30,Male,The product did not meet my expectations,414,85,72,571,2,Negative,
4597,10-03-2026,Facebook,Australia,Education,48,Female,"Absolutely loved the experience, highly recommended",136,223,74,433,4,Positive,
4598,27-03-2026,Instagram,UK,Sports,37,Male,It works fine but has some minor issues,291,274,142,707,3,Neutral,
4599,19-06-2025,Instagram,India,Sports,42,Male,"Not too good, not too bad",644,270,85,999,3,Neutral,
4600,18-02-2026,Facebook,USA,Sports,37,Male,It is acceptable for the price,147,145,111,403,3,Neutral,
4601,24-07-2025,Instagram,India,Education,33,Male,Very disappointed with the product quality,173,106,44,323,1,Negative,
4602,26-12-2025,Twitter,Canada,Sports,52,Male,Had a terrible experience using this service,326,264,117,707,2,Negative,
4603,06-09-2025,Facebook,Australia,Politics,20,Male,Very satisfied with the overall performance,641,198,66,905,5,Positive,
4604,15-11-2025,Facebook,Australia,Product,27,Female,Amazing quality and fast delivery,67,260,28,355,5,Positive,
4605,01-10-2025,Twitter,India,Product,21,Female,"Not too good, not too bad",684,257,77,1018,3,Neutral,
4606,18-10-2025,Facebook,Australia,Sports,45,Male,The product did not meet my expectations,730,244,119,1093,2,Negative,
4607,18-08-2025,Instagram,USA,Entertainment,18,Female,It is acceptable for the price,51,269,196,516,3,Neutral,
4608,19-07-2025,Instagram,Canada,Health,56,Female,Had a terrible experience using this service,881,72,88,1041,2,Negative,
4609,09-12-2025,Twitter,UK,Product,56,Male,"Average experience, could be improved",349,127,164,640,3,Neutral,
4610,11-01-2026,Facebook,Canada,Product,20,Male,Poor performance and bad customer support,869,93,142,1104,1,Negative,
4611,02-07-2025,Facebook,Australia,Technology,52,Male,I recently bought this and it exceeded my expectations,422,86,193,701,5,Positive,
4612,01-06-2025,Instagram,India,Technology,18,Male,Amazing quality and fast delivery,933,277,80,1290,5,Positive,
4613,11-09-2025,Twitter,Australia,Technology,25,Male,"Not too good, not too bad",206,258,196,660,3,Neutral,
4614,21-08-2025,Twitter,Canada,Technology,49,Female,"Absolutely loved the experience, highly recommended",917,99,42,1058,5,Positive,
4615,08-08-2025,Twitter,Australia,Product,51,Female,I recently bought this and it exceeded my expectations,608,220,96,924,4,Positive,
4616,06-02-2026,Twitter,Canada,Politics,59,Male,It is acceptable for the price,295,160,132,587,3,Neutral,
4617,13-07-2025,Instagram,USA,Education,51,Male,This is one of the best services I have ever used,174,281,187,642,5,Positive,
4618,27-03-2026,Facebook,India,Sports,49,Female,"Average experience, could be improved",747,218,63,1028,3,Neutral,
4619,11-01-2026,Instagram,Australia,Technology,33,Male,"Not too good, not too bad",204,208,198,610,3,Neutral,
4620,14-06-2025,Facebook,India,Sports,45,Male,This is one of the best services I have ever used,203,115,142,460,4,Positive,
4621,26-12-2025,Facebook,USA,Education,59,Female,Very disappointed with the product quality,391,37,78,506,2,Negative,
4622,22-08-2025,Facebook,Australia,Technology,20,Female,Very satisfied with the overall performance,79,216,40,335,4,Positive,
4623,22-09-2025,Facebook,India,Health,52,Female,Had a terrible experience using this service,912,40,94,1046,2,Negative,
4624,10-01-2026,Twitter,USA,Sports,43,Female,The product did not meet my expectations,182,167,5,354,2,Negative,
4625,14-02-2026,Facebook,Canada,Product,24,Male,"The product is okay, nothing special about it",685,225,187,1097,3,Neutral,
4626,11-10-2025,Facebook,USA,Technology,20,Female,"Not too good, not too bad",265,134,164,563,3,Neutral,
4627,28-12-2025,Facebook,Canada,Entertainment,18,Male,This is one of the best services I have ever used,898,91,94,1083,5,Positive,
4628,09-02-2026,Facebook,India,Product,25,Female,This is one of the best services I have ever used,371,88,64,523,5,Positive,
4629,25-09-2025,Facebook,Canada,Health,18,Female,"Average experience, could be improved",869,213,158,1240,3,Neutral,
4630,19-03-2026,Twitter,USA,Sports,43,Female,I recently bought this and it exceeded my expectations,708,298,166,1172,4,Positive,
4631,14-12-2025,Facebook,Australia,Product,38,Male,"Waste of money, not recommended",595,196,106,897,1,Negative,
4632,04-04-2025,Facebook,India,Sports,31,Female,"The product is okay, nothing special about it",973,236,27,1236,3,Neutral,
4633,24-06-2025,Twitter,India,Entertainment,57,Male,"Average experience, could be improved",750,93,14,857,3,Neutral,
4634,04-08-2025,Facebook,USA,Product,43,Male,"Not too good, not too bad",697,287,93,1077,3,Neutral,
4635,21-07-2025,Instagram,USA,Sports,59,Female,Very satisfied with the overall performance,567,225,185,977,5,Positive,
4636,19-10-2025,Instagram,Australia,Sports,27,Male,"Waste of money, not recommended",67,85,23,175,2,Negative,
4637,04-08-2025,Facebook,India,Health,59,Female,Poor performance and bad customer support,296,225,121,642,2,Negative,
4638,05-06-2025,Twitter,UK,Sports,23,Female,"Absolutely loved the experience, highly recommended",257,199,16,472,4,Positive,
4639,03-02-2026,Instagram,Canada,Product,23,Female,I recently bought this and it exceeded my expectations,691,257,117,1065,4,Positive,
4640,12-03-2026,Facebook,USA,Product,40,Male,"Waste of money, not recommended",499,65,104,668,1,Negative,
4641,26-12-2025,Instagram,Canada,Product,56,Male,This is one of the best services I have ever used,460,30,81,571,4,Positive,
4642,17-08-2025,Twitter,Canada,Sports,28,Male,This is one of the best services I have ever used,781,149,93,1023,4,Positive,
4643,31-12-2025,Instagram,Australia,Sports,23,Male,"Average experience, could be improved",954,286,167,1407,3,Neutral,
4644,14-01-2026,Facebook,USA,Product,41,Female,"The product is okay, nothing special about it",896,229,121,1246,3,Neutral,
4645,15-09-2025,Facebook,Canada,Health,28,Female,The product did not meet my expectations,701,246,42,989,2,Negative,
4646,28-05-2025,Facebook,Canada,Health,59,Male,"Absolutely loved the experience, highly recommended",855,109,41,1005,4,Positive,
4647,15-10-2025,Facebook,USA,Politics,47,Female,"Waste of money, not recommended",446,277,186,909,2,Negative,
4648,28-05-2025,Instagram,UK,Education,54,Male,It is acceptable for the price,327,100,153,580,3,Neutral,
4649,02-08-2025,Facebook,Australia,Politics,36,Male,"The product is okay, nothing special about it",280,248,75,603,3,Neutral,
4650,21-12-2025,Facebook,India,Technology,49,Male,Amazing quality and fast delivery,57,61,30,148,5,Positive,
4651,30-12-2025,Twitter,Australia,Politics,28,Female,Very satisfied with the overall performance,495,140,135,770,4,Positive,
4652,22-01-2026,Facebook,Canada,Politics,22,Male,Had a terrible experience using this service,61,134,99,294,1,Negative,
4653,14-09-2025,Facebook,UK,Health,20,Female,Very satisfied with the overall performance,448,49,64,561,4,Positive,
4654,15-11-2025,Instagram,Australia,Entertainment,54,Male,Poor performance and bad customer support,855,300,97,1252,2,Negative,
4655,12-08-2025,Twitter,USA,Politics,44,Female,"Not too good, not too bad",172,272,80,524,3,Neutral,
4656,24-04-2025,Instagram,Canada,Education,22,Female,Had a terrible experience using this service,584,230,198,1012,1,Negative,
4657,26-09-2025,Twitter,USA,Health,25,Female,"Absolutely loved the experience, highly recommended",307,117,57,481,4,Positive,
4658,10-02-2026,Twitter,UK,Education,27,Female,"Not too good, not too bad",656,204,28,888,3,Neutral,
4659,14-12-2025,Facebook,UK,Health,60,Male,I recently bought this and it exceeded my expectations,752,34,96,882,5,Positive,
4660,28-09-2025,Instagram,UK,Entertainment,47,Male,Very satisfied with the overall performance,501,49,151,701,4,Positive,
4661,24-10-2025,Facebook,India,Politics,41,Female,I recently bought this and it exceeded my expectations,624,205,194,1023,4,Positive,
4662,04-08-2025,Facebook,UK,Technology,27,Male,It is acceptable for the price,346,100,16,462,3,Neutral,
4663,23-02-2026,Facebook,Canada,Health,32,Female,Very satisfied with the overall performance,790,44,47,881,5,Positive,
4664,21-07-2025,Instagram,Australia,Politics,28,Male,"Average experience, could be improved",845,68,80,993,3,Neutral,
4665,10-03-2026,Twitter,Canada,Education,47,Female,The product did not meet my expectations,264,264,189,717,2,Negative,
4666,04-03-2026,Instagram,UK,Product,26,Female,This is one of the best services I have ever used,623,239,157,1019,5,Positive,
4667,24-01-2026,Twitter,USA,Education,37,Male,Had a terrible experience using this service,749,203,98,1050,2,Negative,
4668,12-03-2026,Instagram,USA,Technology,53,Female,"Waste of money, not recommended",144,184,138,466,2,Negative,
4669,09-12-2025,Facebook,USA,Product,56,Male,Had a terrible experience using this service,265,184,104,553,2,Negative,
4670,07-05-2025,Twitter,Australia,Technology,31,Male,It is acceptable for the price,195,60,103,358,3,Neutral,
4671,27-11-2025,Instagram,Australia,Product,26,Male,"Absolutely loved the experience, highly recommended",106,139,128,373,4,Positive,
4672,21-07-2025,Facebook,UK,Politics,30,Male,Very satisfied with the overall performance,358,84,37,479,5,Positive,
4673,09-10-2025,Instagram,USA,Health,27,Male,Amazing quality and fast delivery,222,182,82,486,4,Positive,
4674,04-12-2025,Facebook,Canada,Product,25,Female,Had a terrible experience using this service,805,99,113,1017,2,Negative,
4675,02-03-2026,Twitter,UK,Politics,24,Male,"Waste of money, not recommended",850,183,63,1096,1,Negative,
4676,04-06-2025,Instagram,India,Product,46,Female,"Average experience, could be improved",214,171,136,521,3,Neutral,
4677,08-08-2025,Facebook,UK,Sports,25,Female,"Average experience, could be improved",325,17,136,478,3,Neutral,
4678,10-12-2025,Twitter,India,Health,53,Female,"Average experience, could be improved",692,269,78,1039,3,Neutral,
4679,21-06-2025,Instagram,UK,Health,39,Male,I recently bought this and it exceeded my expectations,643,59,52,754,4,Positive,
4680,21-01-2026,Facebook,Canada,Sports,20,Male,"The product is okay, nothing special about it",848,18,83,949,3,Neutral,
4681,23-04-2025,Instagram,Australia,Product,29,Female,Amazing quality and fast delivery,850,161,60,1071,4,Positive,
4682,04-10-2025,Twitter,India,Education,55,Male,Had a terrible experience using this service,321,271,180,772,1,Negative,
4683,31-05-2025,Instagram,Australia,Technology,36,Female,"Not too good, not too bad",982,167,157,1306,3,Neutral,
4684,25-09-2025,Facebook,USA,Technology,48,Male,It is acceptable for the price,853,68,76,997,3,Neutral,
4685,14-07-2025,Twitter,Canada,Product,45,Female,Poor performance and bad customer support,475,199,197,871,2,Negative,
4686,19-09-2025,Facebook,Australia,Education,35,Female,Very disappointed with the product quality,166,119,186,471,1,Negative,
4687,26-07-2025,Twitter,Canada,Entertainment,27,Male,It works fine but has some minor issues,666,235,116,1017,3,Neutral,
4688,09-10-2025,Instagram,Australia,Technology,47,Female,It is acceptable for the price,611,69,52,732,3,Neutral,
4689,09-06-2025,Twitter,Australia,Education,42,Male,Amazing quality and fast delivery,975,299,92,1366,5,Positive,
4690,21-01-2026,Twitter,Canada,Technology,44,Female,"Not too good, not too bad",681,66,113,860,3,Neutral,
4691,20-10-2025,Instagram,USA,Technology,54,Male,It works fine but has some minor issues,249,267,72,588,3,Neutral,
4692,27-02-2026,Twitter,Canada,Entertainment,40,Male,"Absolutely loved the experience, highly recommended",427,16,189,632,5,Positive,
4693,27-01-2026,Instagram,UK,Education,53,Male,Poor performance and bad customer support,524,113,46,683,2,Negative,
4694,04-01-2026,Twitter,UK,Product,55,Female,It works fine but has some minor issues,467,297,119,883,3,Neutral,
4695,21-07-2025,Twitter,USA,Health,55,Female,"Absolutely loved the experience, highly recommended",606,231,198,1035,5,Positive,
4696,13-05-2025,Facebook,UK,Entertainment,21,Female,Amazing quality and fast delivery,658,294,12,964,4,Positive,
4697,30-12-2025,Facebook,USA,Product,44,Male,Very satisfied with the overall performance,717,100,26,843,4,Positive,
4698,30-05-2025,Facebook,Canada,Technology,27,Female,"The product is okay, nothing special about it",943,114,186,1243,3,Neutral,
4699,07-11-2025,Instagram,India,Technology,42,Female,It works fine but has some minor issues,566,106,157,829,3,Neutral,
4700,26-04-2025,Twitter,Canada,Sports,41,Female,Very disappointed with the product quality,500,241,20,761,1,Negative,
4701,28-12-2025,Facebook,India,Product,20,Male,This is one of the best services I have ever used,973,128,200,1301,4,Positive,
4702,24-02-2026,Facebook,Australia,Health,27,Female,I recently bought this and it exceeded my expectations,604,137,117,858,5,Positive,
4703,14-11-2025,Instagram,USA,Health,33,Female,Very satisfied with the overall performance,509,59,109,677,5,Positive,
4704,04-02-2026,Twitter,India,Technology,37,Female,"Absolutely loved the experience, highly recommended",789,134,72,995,4,Positive,
4705,14-01-2026,Instagram,India,Education,30,Male,"Absolutely loved the experience, highly recommended",630,262,19,911,4,Positive,
4706,16-11-2025,Facebook,India,Education,54,Female,"The product is okay, nothing special about it",702,101,186,989,3,Neutral,
4707,17-01-2026,Instagram,Australia,Sports,33,Female,Poor performance and bad customer support,227,193,96,516,1,Negative,
4708,24-01-2026,Facebook,India,Product,48,Female,"Waste of money, not recommended",76,272,137,485,2,Negative,
4709,21-09-2025,Twitter,UK,Technology,58,Male,The product did not meet my expectations,667,103,176,946,2,Negative,
4710,29-11-2025,Instagram,India,Technology,53,Male,This is one of the best services I have ever used,183,210,52,445,4,Positive,
4711,22-06-2025,Instagram,Australia,Entertainment,35,Female,"Waste of money, not recommended",932,139,107,1178,1,Negative,
4712,05-03-2026,Instagram,India,Politics,33,Male,"Not too good, not too bad",710,252,136,1098,3,Neutral,
4713,12-07-2025,Twitter,Australia,Product,35,Female,"Absolutely loved the experience, highly recommended",652,242,39,933,4,Positive,
4714,17-03-2026,Facebook,USA,Entertainment,44,Female,The product did not meet my expectations,830,166,116,1112,2,Negative,
4715,28-01-2026,Facebook,Canada,Product,24,Female,"The product is okay, nothing special about it",638,282,144,1064,3,Neutral,
4716,15-01-2026,Facebook,India,Health,19,Female,I recently bought this and it exceeded my expectations,508,40,26,574,4,Positive,
4717,29-05-2025,Facebook,USA,Politics,25,Male,"Not too good, not too bad",810,172,102,1084,3,Neutral,
4718,06-09-2025,Facebook,UK,Sports,41,Male,Poor performance and bad customer support,542,233,152,927,2,Negative,
4719,12-12-2025,Twitter,USA,Health,32,Male,"Average experience, could be improved",86,288,81,455,3,Neutral,
4720,09-08-2025,Instagram,Australia,Health,18,Female,"Average experience, could be improved",994,255,71,1320,3,Neutral,
4721,24-02-2026,Twitter,UK,Health,45,Male,"Absolutely loved the experience, highly recommended",695,200,116,1011,5,Positive,
4722,29-09-2025,Instagram,USA,Education,38,Male,It is acceptable for the price,127,238,44,409,3,Neutral,
4723,31-07-2025,Twitter,India,Politics,18,Female,"Not too good, not too bad",911,16,115,1042,3,Neutral,
4724,05-01-2026,Facebook,Canada,Entertainment,59,Female,Very disappointed with the product quality,916,19,108,1043,2,Negative,
4725,12-06-2025,Twitter,Australia,Technology,37,Female,Very disappointed with the product quality,806,141,130,1077,2,Negative,
4726,19-06-2025,Twitter,Canada,Product,60,Male,It is acceptable for the price,493,34,5,532,3,Neutral,
4727,11-07-2025,Twitter,Australia,Product,25,Female,Had a terrible experience using this service,66,20,93,179,2,Negative,
4728,05-04-2025,Instagram,USA,Product,54,Male,"Waste of money, not recommended",678,175,64,917,1,Negative,
4729,11-12-2025,Twitter,Canada,Sports,54,Male,This is one of the best services I have ever used,706,51,95,852,4,Positive,
4730,28-11-2025,Facebook,Canada,Product,60,Female,Very disappointed with the product quality,277,189,178,644,1,Negative,
4731,07-02-2026,Facebook,UK,Sports,44,Male,Very satisfied with the overall performance,855,186,64,1105,5,Positive,
4732,03-07-2025,Instagram,Canada,Politics,47,Male,"Waste of money, not recommended",890,131,153,1174,2,Negative,
4733,12-02-2026,Twitter,USA,Politics,50,Female,Very disappointed with the product quality,602,53,174,829,2,Negative,
4734,16-11-2025,Twitter,UK,Politics,50,Male,Very disappointed with the product quality,119,26,161,306,2,Negative,
4735,22-05-2025,Facebook,USA,Health,44,Female,It is acceptable for the price,125,179,46,350,3,Neutral,
4736,22-08-2025,Facebook,India,Education,48,Female,"Waste of money, not recommended",937,201,21,1159,2,Negative,
4737,21-09-2025,Twitter,UK,Product,50,Male,It is acceptable for the price,439,58,107,604,3,Neutral,
4738,17-12-2025,Instagram,UK,Entertainment,55,Female,The product did not meet my expectations,573,278,17,868,1,Negative,
4739,03-04-2025,Twitter,Canada,Sports,52,Male,I recently bought this and it exceeded my expectations,894,11,129,1034,4,Positive,
4740,25-11-2025,Instagram,UK,Education,27,Male,"Waste of money, not recommended",197,81,139,417,2,Negative,
4741,15-06-2025,Facebook,Australia,Product,21,Female,This is one of the best services I have ever used,593,109,108,810,5,Positive,
4742,08-11-2025,Instagram,Canada,Entertainment,35,Male,Had a terrible experience using this service,770,169,32,971,2,Negative,
4743,30-07-2025,Facebook,USA,Entertainment,56,Female,I recently bought this and it exceeded my expectations,893,53,175,1121,5,Positive,
4744,29-06-2025,Facebook,Canada,Education,30,Female,Poor performance and bad customer support,376,125,116,617,2,Negative,
4745,20-11-2025,Instagram,USA,Health,26,Female,"Absolutely loved the experience, highly recommended",372,71,132,575,5,Positive,
4746,09-08-2025,Instagram,UK,Entertainment,53,Male,"Not too good, not too bad",350,283,158,791,3,Neutral,
4747,05-04-2025,Facebook,India,Education,48,Male,It works fine but has some minor issues,153,226,51,430,3,Neutral,
4748,10-11-2025,Facebook,Australia,Technology,22,Male,"Absolutely loved the experience, highly recommended",609,293,89,991,5,Positive,
4749,31-08-2025,Instagram,Australia,Sports,32,Male,Amazing quality and fast delivery,633,75,168,876,5,Positive,
4750,25-03-2026,Twitter,USA,Education,49,Female,"Absolutely loved the experience, highly recommended",712,247,119,1078,5,Positive,
4751,09-09-2025,Twitter,UK,Product,54,Male,"Average experience, could be improved",810,39,166,1015,3,Neutral,
4752,16-07-2025,Twitter,India,Health,60,Female,"Not too good, not too bad",294,168,79,541,3,Neutral,
4753,15-11-2025,Facebook,USA,Technology,28,Male,"Waste of money, not recommended",81,254,166,501,1,Negative,
4754,11-11-2025,Instagram,Canada,Politics,52,Male,This is one of the best services I have ever used,699,207,98,1004,5,Positive,
4755,06-08-2025,Twitter,USA,Sports,34,Female,Had a terrible experience using this service,873,20,150,1043,1,Negative,
4756,01-07-2025,Instagram,Australia,Politics,30,Male,Very disappointed with the product quality,62,91,57,210,1,Negative,
4757,10-03-2026,Instagram,Canada,Health,37,Male,Amazing quality and fast delivery,921,225,32,1178,4,Positive,
4758,15-04-2025,Instagram,Canada,Entertainment,31,Female,"Waste of money, not recommended",120,149,120,389,1,Negative,
4759,02-11-2025,Facebook,Australia,Entertainment,33,Male,Very satisfied with the overall performance,162,193,113,468,4,Positive,
4760,28-07-2025,Twitter,Canada,Technology,33,Male,Amazing quality and fast delivery,823,18,94,935,4,Positive,
4761,17-09-2025,Twitter,Australia,Education,29,Female,It works fine but has some minor issues,448,64,185,697,3,Neutral,
4762,21-08-2025,Facebook,USA,Health,30,Male,"Waste of money, not recommended",345,60,48,453,2,Negative,
4763,17-04-2025,Instagram,India,Health,30,Male,"Average experience, could be improved",778,166,198,1142,3,Neutral,
4764,16-04-2025,Instagram,Canada,Product,29,Female,"Absolutely loved the experience, highly recommended",607,259,71,937,5,Positive,
4765,20-11-2025,Twitter,UK,Politics,56,Male,"Not too good, not too bad",205,186,112,503,3,Neutral,
4766,23-03-2026,Instagram,USA,Sports,44,Male,Poor performance and bad customer support,547,151,158,856,2,Negative,
4767,21-11-2025,Instagram,India,Product,22,Female,Poor performance and bad customer support,256,262,46,564,1,Negative,
4768,30-11-2025,Twitter,India,Politics,41,Male,Poor performance and bad customer support,980,249,32,1261,2,Negative,
4769,21-01-2026,Instagram,Australia,Sports,56,Male,Very disappointed with the product quality,152,50,105,307,2,Negative,
4770,17-11-2025,Instagram,USA,Entertainment,47,Female,Had a terrible experience using this service,449,147,192,788,1,Negative,
4771,07-12-2025,Twitter,USA,Sports,28,Male,The product did not meet my expectations,910,192,176,1278,1,Negative,
4772,02-12-2025,Instagram,India,Health,45,Male,It works fine but has some minor issues,168,136,132,436,3,Neutral,
4773,18-02-2026,Twitter,Canada,Sports,35,Male,"Average experience, could be improved",827,278,187,1292,3,Neutral,
4774,26-09-2025,Twitter,Canada,Politics,48,Female,Poor performance and bad customer support,576,156,187,919,1,Negative,
4775,21-02-2026,Facebook,India,Education,39,Female,This is one of the best services I have ever used,665,261,147,1073,4,Positive,
4776,01-01-2026,Instagram,UK,Sports,23,Female,Had a terrible experience using this service,625,210,86,921,2,Negative,
4777,30-09-2025,Instagram,India,Product,41,Female,It is acceptable for the price,946,179,22,1147,3,Neutral,
4778,04-01-2026,Twitter,India,Product,19,Female,This is one of the best services I have ever used,415,234,129,778,4,Positive,
4779,16-10-2025,Instagram,UK,Politics,42,Male,Very satisfied with the overall performance,344,283,158,785,4,Positive,
4780,15-07-2025,Twitter,USA,Education,26,Male,Very disappointed with the product quality,163,272,138,573,2,Negative,
4781,22-08-2025,Twitter,UK,Entertainment,34,Female,It works fine but has some minor issues,689,251,197,1137,3,Neutral,
4782,08-09-2025,Facebook,USA,Education,32,Female,Amazing quality and fast delivery,541,28,134,703,4,Positive,
4783,25-01-2026,Twitter,UK,Entertainment,50,Female,"The product is okay, nothing special about it",414,201,120,735,3,Neutral,
4784,11-05-2025,Facebook,Australia,Entertainment,37,Male,Very satisfied with the overall performance,210,250,118,578,5,Positive,
4785,10-08-2025,Facebook,Canada,Politics,29,Female,Amazing quality and fast delivery,567,208,147,922,5,Positive,
4786,15-02-2026,Facebook,India,Sports,41,Male,This is one of the best services I have ever used,942,138,14,1094,5,Positive,
4787,14-08-2025,Instagram,Australia,Health,25,Female,"Waste of money, not recommended",963,258,119,1340,2,Negative,
4788,11-04-2025,Twitter,UK,Technology,21,Female,Amazing quality and fast delivery,570,268,67,905,4,Positive,
4789,29-07-2025,Facebook,India,Technology,55,Male,It works fine but has some minor issues,939,207,92,1238,3,Neutral,
4790,20-04-2025,Twitter,Canada,Sports,28,Male,Very disappointed with the product quality,705,126,91,922,1,Negative,
4791,20-01-2026,Facebook,India,Education,18,Male,"Waste of money, not recommended",884,127,148,1159,2,Negative,
4792,18-11-2025,Facebook,USA,Politics,26,Male,It works fine but has some minor issues,258,70,72,400,3,Neutral,
4793,08-07-2025,Twitter,India,Health,55,Male,"Average experience, could be improved",964,73,61,1098,3,Neutral,
4794,03-02-2026,Facebook,USA,Sports,23,Male,"The product is okay, nothing special about it",448,79,156,683,3,Neutral,
4795,25-07-2025,Twitter,Canada,Technology,30,Female,Poor performance and bad customer support,674,215,49,938,2,Negative,
4796,10-05-2025,Facebook,UK,Technology,32,Male,"Not too good, not too bad",80,236,8,324,3,Neutral,
4797,21-02-2026,Instagram,Australia,Politics,25,Female,Amazing quality and fast delivery,260,214,155,629,4,Positive,
4798,12-01-2026,Twitter,Australia,Entertainment,30,Female,The product did not meet my expectations,662,272,160,1094,2,Negative,
4799,21-12-2025,Facebook,Australia,Education,48,Male,Had a terrible experience using this service,589,59,188,836,1,Negative,
4800,25-02-2026,Facebook,UK,Health,50,Male,Very satisfied with the overall performance,782,218,138,1138,4,Positive,
4801,08-11-2025,Twitter,UK,Health,60,Female,Poor performance and bad customer support,558,293,139,990,2,Negative,
4802,16-07-2025,Facebook,USA,Politics,20,Male,Amazing quality and fast delivery,628,242,200,1070,5,Positive,
4803,09-01-2026,Twitter,Australia,Sports,23,Female,Had a terrible experience using this service,807,60,192,1059,2,Negative,
4804,07-11-2025,Instagram,India,Education,31,Female,"Average experience, could be improved",160,30,110,300,3,Neutral,
4805,08-08-2025,Instagram,India,Politics,41,Female,This is one of the best services I have ever used,695,10,191,896,5,Positive,
4806,20-03-2026,Twitter,Canada,Politics,53,Female,"Not too good, not too bad",533,50,175,758,3,Neutral,
4807,12-11-2025,Facebook,Australia,Politics,47,Female,It works fine but has some minor issues,852,282,149,1283,3,Neutral,
4808,06-01-2026,Instagram,Canada,Health,36,Female,"The product is okay, nothing special about it",542,51,23,616,3,Neutral,
4809,28-01-2026,Twitter,Canada,Entertainment,41,Female,"Average experience, could be improved",979,179,6,1164,3,Neutral,
4810,23-02-2026,Facebook,Canada,Entertainment,42,Male,Very disappointed with the product quality,509,239,165,913,2,Negative,
4811,01-06-2025,Twitter,UK,Education,56,Male,Poor performance and bad customer support,780,197,151,1128,1,Negative,
4812,25-03-2026,Instagram,India,Technology,57,Female,Amazing quality and fast delivery,816,62,37,915,4,Positive,
4813,21-11-2025,Twitter,Australia,Health,20,Male,The product did not meet my expectations,939,216,126,1281,1,Negative,
4814,23-12-2025,Instagram,USA,Technology,30,Male,It works fine but has some minor issues,464,117,13,594,3,Neutral,
4815,19-12-2025,Facebook,Australia,Sports,40,Male,"The product is okay, nothing special about it",458,211,82,751,3,Neutral,
4816,29-08-2025,Facebook,Australia,Technology,25,Female,I recently bought this and it exceeded my expectations,337,21,139,497,4,Positive,
4817,09-02-2026,Instagram,UK,Entertainment,27,Male,"The product is okay, nothing special about it",132,85,141,358,3,Neutral,
4818,02-07-2025,Facebook,Australia,Entertainment,37,Male,Very disappointed with the product quality,790,260,89,1139,1,Negative,
4819,10-11-2025,Instagram,USA,Politics,38,Male,Poor performance and bad customer support,128,55,176,359,1,Negative,
4820,26-04-2025,Facebook,UK,Health,60,Male,"Not too good, not too bad",662,70,110,842,3,Neutral,
4821,31-03-2025,Instagram,Canada,Health,32,Female,The product did not meet my expectations,593,86,179,858,1,Negative,
4822,25-08-2025,Instagram,India,Technology,57,Female,"Not too good, not too bad",279,40,99,418,3,Neutral,
4823,28-10-2025,Facebook,India,Entertainment,37,Female,Very disappointed with the product quality,749,13,22,784,2,Negative,
4824,15-04-2025,Facebook,UK,Education,60,Male,"Waste of money, not recommended",212,137,122,471,1,Negative,
4825,03-08-2025,Instagram,India,Politics,24,Female,This is one of the best services I have ever used,990,296,64,1350,4,Positive,
4826,15-01-2026,Twitter,Canada,Product,41,Female,"The product is okay, nothing special about it",702,169,128,999,3,Neutral,
4827,05-05-2025,Facebook,USA,Sports,48,Female,Amazing quality and fast delivery,503,79,65,647,4,Positive,
4828,02-06-2025,Instagram,USA,Sports,30,Female,"Waste of money, not recommended",391,163,67,621,1,Negative,
4829,12-04-2025,Instagram,India,Sports,23,Male,I recently bought this and it exceeded my expectations,307,45,11,363,5,Positive,
4830,10-08-2025,Twitter,USA,Technology,54,Male,This is one of the best services I have ever used,755,41,33,829,5,Positive,
4831,22-06-2025,Instagram,USA,Entertainment,26,Female,"The product is okay, nothing special about it",900,206,122,1228,3,Neutral,
4832,14-10-2025,Facebook,UK,Technology,58,Female,This is one of the best services I have ever used,461,199,79,739,5,Positive,
4833,16-02-2026,Instagram,Canada,Education,25,Female,"Waste of money, not recommended",694,113,65,872,2,Negative,
4834,17-03-2026,Twitter,USA,Education,34,Male,"Not too good, not too bad",413,99,21,533,3,Neutral,
4835,22-06-2025,Instagram,Canada,Politics,27,Female,I recently bought this and it exceeded my expectations,443,121,43,607,4,Positive,
4836,03-12-2025,Facebook,India,Entertainment,60,Male,It works fine but has some minor issues,588,241,113,942,3,Neutral,
4837,16-09-2025,Facebook,Australia,Health,32,Male,"The product is okay, nothing special about it",924,180,111,1215,3,Neutral,
4838,09-04-2025,Facebook,USA,Health,26,Male,Very disappointed with the product quality,848,40,132,1020,2,Negative,
4839,08-07-2025,Facebook,India,Politics,51,Male,"Not too good, not too bad",129,244,46,419,3,Neutral,
4840,05-11-2025,Facebook,USA,Technology,27,Male,I recently bought this and it exceeded my expectations,626,230,88,944,4,Positive,
4841,01-05-2025,Instagram,Canada,Education,20,Female,It is acceptable for the price,473,40,107,620,3,Neutral,
4842,23-12-2025,Twitter,UK,Entertainment,49,Male,Poor performance and bad customer support,467,266,197,930,1,Negative,
4843,20-03-2026,Twitter,Canada,Health,34,Male,"Not too good, not too bad",169,124,37,330,3,Neutral,
4844,02-08-2025,Twitter,Australia,Sports,19,Male,Amazing quality and fast delivery,442,141,50,633,4,Positive,
4845,04-08-2025,Twitter,Canada,Product,39,Female,Poor performance and bad customer support,364,290,17,671,2,Negative,
4846,08-02-2026,Twitter,UK,Entertainment,28,Female,Very disappointed with the product quality,878,83,24,985,2,Negative,
4847,09-02-2026,Instagram,Canada,Education,47,Female,"Waste of money, not recommended",939,112,71,1122,2,Negative,
4848,25-03-2026,Facebook,UK,Sports,20,Female,"Waste of money, not recommended",185,293,113,591,1,Negative,
4849,13-03-2026,Twitter,USA,Education,45,Male,It works fine but has some minor issues,226,47,74,347,3,Neutral,
4850,11-05-2025,Twitter,USA,Product,20,Female,Very disappointed with the product quality,95,240,180,515,2,Negative,
4851,03-06-2025,Instagram,Australia,Technology,59,Female,The product did not meet my expectations,597,24,76,697,2,Negative,
4852,03-05-2025,Facebook,India,Product,29,Female,"Average experience, could be improved",929,66,142,1137,3,Neutral,
4853,03-10-2025,Facebook,USA,Product,51,Male,"Not too good, not too bad",269,111,25,405,3,Neutral,
4854,16-12-2025,Twitter,USA,Sports,53,Male,Amazing quality and fast delivery,854,109,177,1140,4,Positive,
4855,27-11-2025,Facebook,USA,Product,40,Female,Poor performance and bad customer support,83,297,95,475,2,Negative,
4856,20-10-2025,Twitter,India,Product,48,Male,It works fine but has some minor issues,974,298,165,1437,3,Neutral,
4857,22-08-2025,Facebook,UK,Health,20,Male,I recently bought this and it exceeded my expectations,927,144,199,1270,4,Positive,
4858,03-08-2025,Instagram,India,Sports,34,Male,Poor performance and bad customer support,826,122,17,965,2,Negative,
4859,15-12-2025,Instagram,UK,Education,29,Male,"Waste of money, not recommended",716,282,6,1004,1,Negative,
4860,15-10-2025,Twitter,Australia,Health,26,Female,Very disappointed with the product quality,765,23,193,981,2,Negative,
4861,17-08-2025,Instagram,India,Technology,48,Male,Poor performance and bad customer support,656,150,136,942,1,Negative,
4862,05-02-2026,Instagram,UK,Technology,30,Female,Very satisfied with the overall performance,915,64,128,1107,5,Positive,
4863,06-03-2026,Instagram,Australia,Health,31,Male,"Average experience, could be improved",466,14,179,659,3,Neutral,
4864,26-04-2025,Twitter,UK,Politics,38,Female,It is acceptable for the price,788,146,187,1121,3,Neutral,
4865,23-01-2026,Facebook,UK,Sports,38,Male,It is acceptable for the price,529,250,84,863,3,Neutral,
4866,23-04-2025,Facebook,India,Education,39,Male,Had a terrible experience using this service,428,175,197,800,1,Negative,
4867,09-04-2025,Twitter,UK,Politics,40,Male,"Average experience, could be improved",98,87,59,244,3,Neutral,
4868,13-12-2025,Twitter,USA,Entertainment,58,Male,Very satisfied with the overall performance,615,251,101,967,4,Positive,
4869,23-01-2026,Instagram,India,Education,30,Female,It is acceptable for the price,489,87,173,749,3,Neutral,
4870,01-02-2026,Instagram,Canada,Technology,54,Male,"Average experience, could be improved",433,227,86,746,3,Neutral,
4871,14-10-2025,Instagram,UK,Education,49,Male,Very satisfied with the overall performance,117,154,108,379,5,Positive,
4872,09-05-2025,Twitter,Australia,Entertainment,43,Female,I recently bought this and it exceeded my expectations,556,209,151,916,5,Positive,
4873,23-10-2025,Facebook,UK,Education,23,Male,It is acceptable for the price,481,180,43,704,3,Neutral,
4874,21-09-2025,Twitter,India,Health,54,Female,Very satisfied with the overall performance,303,219,141,663,4,Positive,
4875,09-07-2025,Facebook,UK,Education,22,Male,Very satisfied with the overall performance,582,138,127,847,5,Positive,
4876,02-01-2026,Twitter,UK,Product,36,Male,Amazing quality and fast delivery,529,75,21,625,4,Positive,
4877,05-04-2025,Instagram,USA,Education,57,Male,Amazing quality and fast delivery,765,230,104,1099,5,Positive,
4878,04-06-2025,Instagram,Canada,Technology,31,Male,The product did not meet my expectations,253,47,141,441,2,Negative,
4879,12-07-2025,Instagram,Canada,Education,18,Male,It is acceptable for the price,892,246,157,1295,3,Neutral,
4880,06-03-2026,Facebook,UK,Health,60,Female,I recently bought this and it exceeded my expectations,299,70,91,460,5,Positive,
4881,08-12-2025,Instagram,India,Entertainment,54,Female,I recently bought this and it exceeded my expectations,786,101,158,1045,5,Positive,
4882,20-09-2025,Facebook,USA,Sports,51,Female,I recently bought this and it exceeded my expectations,971,91,20,1082,5,Positive,
4883,09-04-2025,Instagram,India,Technology,56,Male,It works fine but has some minor issues,962,300,87,1349,3,Neutral,
4884,24-05-2025,Instagram,Canada,Health,29,Male,Amazing quality and fast delivery,529,140,56,725,4,Positive,
4885,22-05-2025,Facebook,UK,Product,19,Male,"The product is okay, nothing special about it",297,49,29,375,3,Neutral,
4886,26-01-2026,Instagram,Australia,Health,52,Male,Amazing quality and fast delivery,825,134,169,1128,5,Positive,
4887,29-08-2025,Instagram,UK,Politics,54,Female,"Absolutely loved the experience, highly recommended",470,32,113,615,4,Positive,
4888,16-12-2025,Instagram,Australia,Technology,40,Male,I recently bought this and it exceeded my expectations,353,62,170,585,4,Positive,
4889,09-09-2025,Instagram,UK,Health,53,Female,"Waste of money, not recommended",300,122,77,499,2,Negative,
4890,27-08-2025,Twitter,India,Technology,50,Female,Very satisfied with the overall performance,552,245,20,817,4,Positive,
4891,11-11-2025,Instagram,Canada,Sports,30,Female,It works fine but has some minor issues,494,133,132,759,3,Neutral,
4892,23-11-2025,Twitter,Australia,Entertainment,32,Female,"Not too good, not too bad",808,128,103,1039,3,Neutral,
4893,23-08-2025,Facebook,Canada,Entertainment,59,Male,It works fine but has some minor issues,439,75,115,629,3,Neutral,
4894,21-07-2025,Facebook,India,Product,22,Female,It works fine but has some minor issues,463,286,47,796,3,Neutral,
4895,24-04-2025,Facebook,UK,Sports,50,Male,"Not too good, not too bad",718,113,40,871,3,Neutral,
4896,02-07-2025,Facebook,Canada,Technology,48,Male,"Waste of money, not recommended",173,248,118,539,2,Negative,
4897,13-08-2025,Twitter,India,Sports,26,Male,"Not too good, not too bad",124,59,93,276,3,Neutral,
4898,08-06-2025,Facebook,UK,Entertainment,20,Male,Very disappointed with the product quality,186,271,148,605,1,Negative,
4899,30-06-2025,Facebook,Canada,Politics,37,Male,Poor performance and bad customer support,88,243,142,473,1,Negative,
4900,17-08-2025,Twitter,India,Politics,29,Female,It works fine but has some minor issues,534,242,164,940,3,Neutral,
4901,05-06-2025,Instagram,Canada,Health,34,Male,It is acceptable for the price,951,29,182,1162,3,Neutral,
4902,26-11-2025,Facebook,USA,Technology,46,Female,The product did not meet my expectations,570,201,11,782,1,Negative,
4903,11-04-2025,Facebook,India,Entertainment,45,Female,Had a terrible experience using this service,487,131,64,682,2,Negative,
4904,20-01-2026,Twitter,UK,Product,52,Male,Very satisfied with the overall performance,241,108,86,435,4,Positive,
4905,21-07-2025,Twitter,UK,Politics,21,Female,The product did not meet my expectations,450,279,183,912,1,Negative,
4906,18-07-2025,Facebook,Australia,Education,47,Male,"The product is okay, nothing special about it",958,29,198,1185,3,Neutral,
4907,07-02-2026,Facebook,Canada,Sports,37,Female,Poor performance and bad customer support,99,79,117,295,2,Negative,
4908,04-05-2025,Twitter,USA,Entertainment,36,Male,"Waste of money, not recommended",451,290,132,873,2,Negative,
4909,13-05-2025,Facebook,Canada,Politics,30,Male,Very disappointed with the product quality,787,139,135,1061,1,Negative,
4910,17-06-2025,Twitter,USA,Sports,56,Female,The product did not meet my expectations,795,65,93,953,1,Negative,
4911,30-09-2025,Twitter,USA,Technology,21,Female,"Not too good, not too bad",521,284,166,971,3,Neutral,
4912,05-11-2025,Twitter,USA,Product,26,Male,"Absolutely loved the experience, highly recommended",455,294,183,932,5,Positive,
4913,26-11-2025,Facebook,India,Product,33,Male,Poor performance and bad customer support,89,131,27,247,1,Negative,
4914,07-07-2025,Instagram,USA,Health,57,Female,It works fine but has some minor issues,845,277,102,1224,3,Neutral,
4915,19-12-2025,Facebook,Australia,Politics,39,Female,I recently bought this and it exceeded my expectations,51,63,61,175,4,Positive,
4916,19-10-2025,Instagram,Canada,Sports,56,Male,I recently bought this and it exceeded my expectations,589,12,65,666,5,Positive,
4917,25-12-2025,Twitter,USA,Entertainment,56,Female,"Average experience, could be improved",457,11,20,488,3,Neutral,
4918,16-05-2025,Facebook,India,Politics,19,Male,Had a terrible experience using this service,389,198,140,727,1,Negative,
4919,07-03-2026,Twitter,USA,Product,40,Female,Very satisfied with the overall performance,282,224,32,538,4,Positive,
4920,15-09-2025,Twitter,Australia,Sports,19,Female,I recently bought this and it exceeded my expectations,946,119,47,1112,5,Positive,
4921,28-06-2025,Instagram,India,Sports,39,Female,"Average experience, could be improved",92,175,180,447,3,Neutral,
4922,07-12-2025,Twitter,UK,Politics,25,Male,It works fine but has some minor issues,168,236,182,586,3,Neutral,
4923,05-09-2025,Twitter,UK,Health,40,Male,This is one of the best services I have ever used,924,199,156,1279,5,Positive,
4924,20-10-2025,Instagram,USA,Entertainment,60,Male,"Not too good, not too bad",242,279,96,617,3,Neutral,
4925,03-04-2025,Twitter,India,Sports,50,Male,"The product is okay, nothing special about it",887,156,38,1081,3,Neutral,
4926,11-06-2025,Twitter,USA,Product,52,Male,Very disappointed with the product quality,280,98,153,531,1,Negative,
4927,06-01-2026,Instagram,Australia,Education,19,Male,The product did not meet my expectations,652,297,42,991,2,Negative,
4928,26-06-2025,Facebook,USA,Politics,59,Female,It is acceptable for the price,733,181,61,975,3,Neutral,
4929,05-05-2025,Instagram,Canada,Sports,34,Female,Amazing quality and fast delivery,359,106,40,505,4,Positive,
4930,13-05-2025,Twitter,Australia,Product,20,Male,"The product is okay, nothing special about it",347,225,61,633,3,Neutral,
4931,08-11-2025,Facebook,Australia,Politics,33,Male,Amazing quality and fast delivery,567,140,90,797,4,Positive,
4932,04-02-2026,Twitter,USA,Politics,26,Female,"Not too good, not too bad",783,229,109,1121,3,Neutral,
4933,20-09-2025,Twitter,Canada,Sports,56,Female,It works fine but has some minor issues,528,154,20,702,3,Neutral,
4934,21-08-2025,Facebook,Australia,Entertainment,22,Male,I recently bought this and it exceeded my expectations,735,29,91,855,4,Positive,
4935,04-10-2025,Instagram,Australia,Entertainment,47,Male,It works fine but has some minor issues,297,256,132,685,3,Neutral,
4936,10-07-2025,Facebook,UK,Technology,18,Male,It works fine but has some minor issues,496,81,60,637,3,Neutral,
4937,13-01-2026,Facebook,USA,Education,54,Male,"The product is okay, nothing special about it",116,151,74,341,3,Neutral,
4938,21-05-2025,Twitter,USA,Politics,46,Female,Very disappointed with the product quality,942,232,176,1350,2,Negative,
4939,09-02-2026,Facebook,Australia,Health,24,Male,The product did not meet my expectations,759,52,150,961,1,Negative,
4940,22-11-2025,Facebook,India,Health,48,Male,I recently bought this and it exceeded my expectations,613,218,39,870,4,Positive,
4941,17-06-2025,Twitter,UK,Product,60,Female,The product did not meet my expectations,103,108,56,267,1,Negative,
4942,18-03-2026,Instagram,Australia,Education,45,Male,"The product is okay, nothing special about it",451,209,97,757,3,Neutral,
4943,01-06-2025,Facebook,Australia,Health,59,Male,"Absolutely loved the experience, highly recommended",871,90,33,994,4,Positive,
4944,26-03-2026,Facebook,UK,Sports,21,Male,The product did not meet my expectations,669,132,161,962,2,Negative,
4945,17-05-2025,Facebook,Australia,Education,23,Female,"The product is okay, nothing special about it",811,90,115,1016,3,Neutral,
4946,11-11-2025,Facebook,India,Education,31,Male,Amazing quality and fast delivery,493,145,193,831,4,Positive,
4947,16-09-2025,Facebook,UK,Sports,19,Male,Poor performance and bad customer support,53,40,28,121,1,Negative,
4948,03-07-2025,Facebook,India,Sports,41,Female,It works fine but has some minor issues,751,44,77,872,3,Neutral,
4949,06-09-2025,Facebook,India,Entertainment,21,Female,It is acceptable for the price,345,218,156,719,3,Neutral,
4950,30-12-2025,Twitter,Australia,Sports,50,Female,Had a terrible experience using this service,382,245,168,795,2,Negative,
4951,12-01-2026,Instagram,Australia,Product,38,Male,Poor performance and bad customer support,278,161,14,453,2,Negative,
4952,22-05-2025,Instagram,Canada,Health,51,Female,Amazing quality and fast delivery,223,29,85,337,5,Positive,
4953,13-07-2025,Facebook,Australia,Product,38,Female,It works fine but has some minor issues,384,226,162,772,3,Neutral,
4954,04-12-2025,Twitter,Canada,Technology,52,Male,Poor performance and bad customer support,236,56,154,446,2,Negative,
4955,28-08-2025,Twitter,Canada,Sports,57,Female,It is acceptable for the price,508,111,6,625,3,Neutral,
4956,12-01-2026,Instagram,Australia,Product,21,Male,Very satisfied with the overall performance,968,235,13,1216,5,Positive,
4957,18-11-2025,Twitter,India,Politics,58,Male,Very satisfied with the overall performance,436,223,55,714,4,Positive,
4958,21-05-2025,Facebook,Canada,Politics,27,Female,The product did not meet my expectations,898,245,143,1286,2,Negative,
4959,10-12-2025,Twitter,Australia,Entertainment,19,Male,Very satisfied with the overall performance,427,126,130,683,5,Positive,
4960,14-03-2026,Instagram,India,Health,60,Male,Very satisfied with the overall performance,60,255,189,504,5,Positive,
4961,22-07-2025,Twitter,Canada,Education,25,Female,Poor performance and bad customer support,217,271,38,526,1,Negative,
4962,21-01-2026,Instagram,UK,Education,30,Female,Poor performance and bad customer support,753,268,198,1219,2,Negative,
4963,24-10-2025,Instagram,UK,Technology,29,Male,"Average experience, could be improved",218,268,71,557,3,Neutral,
4964,29-01-2026,Twitter,Australia,Health,47,Female,It works fine but has some minor issues,108,98,146,352,3,Neutral,
4965,04-06-2025,Facebook,India,Product,31,Male,"Average experience, could be improved",285,66,167,518,3,Neutral,
4966,07-06-2025,Instagram,UK,Product,20,Female,It is acceptable for the price,521,214,84,819,3,Neutral,
4967,25-04-2025,Facebook,Canada,Technology,55,Female,Very disappointed with the product quality,689,212,9,910,2,Negative,
4968,03-05-2025,Instagram,Australia,Sports,30,Male,Very disappointed with the product quality,914,166,79,1159,1,Negative,
4969,30-07-2025,Facebook,Canada,Sports,33,Male,Very disappointed with the product quality,333,151,153,637,1,Negative,
4970,03-10-2025,Facebook,UK,Health,42,Male,I recently bought this and it exceeded my expectations,975,185,6,1166,5,Positive,
4971,14-09-2025,Facebook,Canada,Sports,22,Female,"Absolutely loved the experience, highly recommended",978,98,142,1218,5,Positive,
4972,10-10-2025,Twitter,India,Entertainment,36,Male,"Average experience, could be improved",273,278,65,616,3,Neutral,
4973,23-08-2025,Instagram,UK,Product,45,Female,Very satisfied with the overall performance,674,98,167,939,4,Positive,
4974,21-01-2026,Facebook,USA,Politics,56,Female,Very satisfied with the overall performance,735,67,127,929,4,Positive,
4975,03-08-2025,Instagram,USA,Entertainment,49,Male,This is one of the best services I have ever used,962,219,41,1222,5,Positive,
4976,04-05-2025,Twitter,USA,Sports,53,Male,The product did not meet my expectations,386,92,135,613,1,Negative,
4977,02-11-2025,Facebook,Australia,Health,24,Male,I recently bought this and it exceeded my expectations,493,91,29,613,4,Positive,
4978,17-11-2025,Instagram,Australia,Entertainment,31,Female,"Average experience, could be improved",638,60,55,753,3,Neutral,
4979,16-11-2025,Twitter,India,Technology,22,Female,Amazing quality and fast delivery,114,227,52,393,5,Positive,
4980,30-08-2025,Instagram,India,Product,20,Male,"Waste of money, not recommended",165,154,161,480,1,Negative,
4981,10-05-2025,Instagram,USA,Education,38,Female,Very disappointed with the product quality,550,26,136,712,2,Negative,
4982,18-09-2025,Twitter,Canada,Politics,32,Female,"The product is okay, nothing special about it",300,147,177,624,3,Neutral,
4983,26-10-2025,Instagram,India,Education,56,Female,Poor performance and bad customer support,842,33,182,1057,1,Negative,
4984,20-05-2025,Facebook,India,Sports,38,Female,I recently bought this and it exceeded my expectations,777,31,148,956,5,Positive,
4985,27-03-2026,Instagram,USA,Product,30,Female,Very disappointed with the product quality,820,182,14,1016,1,Negative,
4986,16-05-2025,Instagram,Canada,Health,39,Female,The product did not meet my expectations,337,292,132,761,1,Negative,
4987,14-11-2025,Instagram,Canada,Politics,20,Male,"Waste of money, not recommended",88,119,189,396,2,Negative,
4988,10-11-2025,Instagram,UK,Sports,56,Female,"Absolutely loved the experience, highly recommended",765,40,57,862,4,Positive,
4989,29-07-2025,Instagram,Australia,Entertainment,45,Female,The product did not meet my expectations,949,103,133,1185,2,Negative,
4990,16-01-2026,Instagram,Canada,Sports,46,Male,It is acceptable for the price,358,205,42,605,3,Neutral,
4991,06-02-2026,Twitter,Australia,Entertainment,57,Female,It is acceptable for the price,349,238,178,765,3,Neutral,
4992,16-10-2025,Twitter,USA,Sports,59,Female,"The product is okay, nothing special about it",80,184,54,318,3,Neutral,
4993,17-07-2025,Facebook,USA,Technology,51,Female,"Waste of money, not recommended",442,95,116,653,1,Negative,
4994,15-01-2026,Twitter,USA,Technology,35,Female,Had a terrible experience using this service,446,153,22,621,1,Negative,
4995,27-11-2025,Twitter,Canada,Product,23,Female,It works fine but has some minor issues,695,282,75,1052,3,Neutral,
4996,06-03-2026,Instagram,USA,Sports,39,Male,"Average experience, could be improved",289,228,39,556,3,Neutral,
4997,10-12-2025,Instagram,Australia,Sports,24,Male,"Absolutely loved the experience, highly recommended",619,157,132,908,4,Positive,
4998,28-07-2025,Facebook,India,Politics,32,Male,Amazing quality and fast delivery,292,64,40,396,5,Positive,
4999,16-02-2026,Instagram,USA,Product,23,Female,The product did not meet my expectations,346,53,200,599,1,Negative,
5000,30-04-2025,Facebook,Australia,Technology,27,Female,Very disappointed with the product quality,965,141,151,1257,2,Negative,
